SET FOREIGN_KEY_CHECKS=0;
START TRANSACTION;

INSERT IGNORE INTO AspNetRoles (Id, Name, NormalizedName, ConcurrencyStamp) VALUES ('d9af1c4b-1ea1-4554-9124-4ec69635a2f6', 'Admin', 'ADMIN', '42e0289f-5e83-49ad-9038-efe4a78a66d8');
INSERT IGNORE INTO AspNetRoles (Id, Name, NormalizedName, ConcurrencyStamp) VALUES ('edced44b-e55b-4e8f-987e-1b2b6a9afec7', 'Morador', 'MORADOR', '313b2196-a69d-4bd5-9a90-787aa0a102d4');
INSERT IGNORE INTO AspNetRoles (Id, Name, NormalizedName, ConcurrencyStamp) VALUES ('ffeb4f26-058b-4229-aa4b-b50c6db1e757', 'Porteiro', 'PORTEIRO', '7f156343-24d3-44f2-93f3-47e3b79c5878');

INSERT IGNORE INTO AspNetUsers (Id, UserName, NormalizedUserName, Email, NormalizedEmail, EmailConfirmed, PasswordHash, SecurityStamp, ConcurrencyStamp, PhoneNumberConfirmed, TwoFactorEnabled, LockoutEnabled, AccessFailedCount, NomeCompleto, SenhaTemporaria) VALUES ('936e8032-542d-4431-9ad4-9f104687f732', 'sindico0_538@condosmart.com', 'SINDICO0_538@CONDOSMART.COM', 'sindico0_538@condosmart.com', 'SINDICO0_538@CONDOSMART.COM', 1, 'AQAAAAIAAYagAAAAEEDrpQezEqI+EXHmYQG4vdJLA9oO9lZfBT/9Bd+mH1oPYhgpC5sAKTOMsOABo5w6xA==', '89A692C3-477C-4758-A1BF-2F5F558F7948', 'c5567efa-639e-40ee-801c-74173952712d', 0, 0, 1, 0, 'Theodoro Oliveira', 0);
INSERT IGNORE INTO AspNetUsers (Id, UserName, NormalizedUserName, Email, NormalizedEmail, EmailConfirmed, PasswordHash, SecurityStamp, ConcurrencyStamp, PhoneNumberConfirmed, TwoFactorEnabled, LockoutEnabled, AccessFailedCount, NomeCompleto, SenhaTemporaria) VALUES ('668b4a02-0a90-44bc-822f-ab7d7957e32b', 'sindico1_619@condosmart.com', 'SINDICO1_619@CONDOSMART.COM', 'sindico1_619@condosmart.com', 'SINDICO1_619@CONDOSMART.COM', 1, 'AQAAAAIAAYagAAAAEEDrpQezEqI+EXHmYQG4vdJLA9oO9lZfBT/9Bd+mH1oPYhgpC5sAKTOMsOABo5w6xA==', '89A692C3-477C-4758-A1BF-2F5F558F7948', 'c5567efa-639e-40ee-801c-74173952712d', 0, 0, 1, 0, 'Dr. Daniel Guerra', 0);
INSERT IGNORE INTO AspNetUsers (Id, UserName, NormalizedUserName, Email, NormalizedEmail, EmailConfirmed, PasswordHash, SecurityStamp, ConcurrencyStamp, PhoneNumberConfirmed, TwoFactorEnabled, LockoutEnabled, AccessFailedCount, NomeCompleto, SenhaTemporaria) VALUES ('345d0d6e-930e-4a73-b173-ca1ebce16d3f', 'sindico2_493@condosmart.com', 'SINDICO2_493@CONDOSMART.COM', 'sindico2_493@condosmart.com', 'SINDICO2_493@CONDOSMART.COM', 1, 'AQAAAAIAAYagAAAAEEDrpQezEqI+EXHmYQG4vdJLA9oO9lZfBT/9Bd+mH1oPYhgpC5sAKTOMsOABo5w6xA==', '89A692C3-477C-4758-A1BF-2F5F558F7948', 'c5567efa-639e-40ee-801c-74173952712d', 0, 0, 1, 0, 'Sara da Rosa', 0);
INSERT IGNORE INTO AspNetUsers (Id, UserName, NormalizedUserName, Email, NormalizedEmail, EmailConfirmed, PasswordHash, SecurityStamp, ConcurrencyStamp, PhoneNumberConfirmed, TwoFactorEnabled, LockoutEnabled, AccessFailedCount, NomeCompleto, SenhaTemporaria) VALUES ('d06e8eda-b03c-458a-ac51-bc566cc252ff', 'morador0_173@condosmart.com', 'MORADOR0_173@CONDOSMART.COM', 'morador0_173@condosmart.com', 'MORADOR0_173@CONDOSMART.COM', 1, 'AQAAAAIAAYagAAAAEEDrpQezEqI+EXHmYQG4vdJLA9oO9lZfBT/9Bd+mH1oPYhgpC5sAKTOMsOABo5w6xA==', '89A692C3-477C-4758-A1BF-2F5F558F7948', 'c5567efa-639e-40ee-801c-74173952712d', 0, 0, 1, 0, 'Antony Nogueira', 0);
INSERT IGNORE INTO AspNetUsers (Id, UserName, NormalizedUserName, Email, NormalizedEmail, EmailConfirmed, PasswordHash, SecurityStamp, ConcurrencyStamp, PhoneNumberConfirmed, TwoFactorEnabled, LockoutEnabled, AccessFailedCount, NomeCompleto, SenhaTemporaria) VALUES ('874955ed-6a7a-4046-a008-9ef77ee9be65', 'morador1_323@condosmart.com', 'MORADOR1_323@CONDOSMART.COM', 'morador1_323@condosmart.com', 'MORADOR1_323@CONDOSMART.COM', 1, 'AQAAAAIAAYagAAAAEEDrpQezEqI+EXHmYQG4vdJLA9oO9lZfBT/9Bd+mH1oPYhgpC5sAKTOMsOABo5w6xA==', '89A692C3-477C-4758-A1BF-2F5F558F7948', 'c5567efa-639e-40ee-801c-74173952712d', 0, 0, 1, 0, 'Luan Barros', 0);
INSERT IGNORE INTO AspNetUsers (Id, UserName, NormalizedUserName, Email, NormalizedEmail, EmailConfirmed, PasswordHash, SecurityStamp, ConcurrencyStamp, PhoneNumberConfirmed, TwoFactorEnabled, LockoutEnabled, AccessFailedCount, NomeCompleto, SenhaTemporaria) VALUES ('d281d4f5-bb7b-464d-b402-f49b71b8d981', 'morador2_174@condosmart.com', 'MORADOR2_174@CONDOSMART.COM', 'morador2_174@condosmart.com', 'MORADOR2_174@CONDOSMART.COM', 1, 'AQAAAAIAAYagAAAAEEDrpQezEqI+EXHmYQG4vdJLA9oO9lZfBT/9Bd+mH1oPYhgpC5sAKTOMsOABo5w6xA==', '89A692C3-477C-4758-A1BF-2F5F558F7948', 'c5567efa-639e-40ee-801c-74173952712d', 0, 0, 1, 0, 'Sr. Rael Monteiro', 0);
INSERT IGNORE INTO AspNetUsers (Id, UserName, NormalizedUserName, Email, NormalizedEmail, EmailConfirmed, PasswordHash, SecurityStamp, ConcurrencyStamp, PhoneNumberConfirmed, TwoFactorEnabled, LockoutEnabled, AccessFailedCount, NomeCompleto, SenhaTemporaria) VALUES ('6c722bce-e06a-43b1-aed2-01f39cc40586', 'morador3_881@condosmart.com', 'MORADOR3_881@CONDOSMART.COM', 'morador3_881@condosmart.com', 'MORADOR3_881@CONDOSMART.COM', 1, 'AQAAAAIAAYagAAAAEEDrpQezEqI+EXHmYQG4vdJLA9oO9lZfBT/9Bd+mH1oPYhgpC5sAKTOMsOABo5w6xA==', '89A692C3-477C-4758-A1BF-2F5F558F7948', 'c5567efa-639e-40ee-801c-74173952712d', 0, 0, 1, 0, 'Marcela Martins', 0);
INSERT IGNORE INTO AspNetUsers (Id, UserName, NormalizedUserName, Email, NormalizedEmail, EmailConfirmed, PasswordHash, SecurityStamp, ConcurrencyStamp, PhoneNumberConfirmed, TwoFactorEnabled, LockoutEnabled, AccessFailedCount, NomeCompleto, SenhaTemporaria) VALUES ('34e56216-caa9-43c1-bca1-203fa3b7c73a', 'morador4_253@condosmart.com', 'MORADOR4_253@CONDOSMART.COM', 'morador4_253@condosmart.com', 'MORADOR4_253@CONDOSMART.COM', 1, 'AQAAAAIAAYagAAAAEEDrpQezEqI+EXHmYQG4vdJLA9oO9lZfBT/9Bd+mH1oPYhgpC5sAKTOMsOABo5w6xA==', '89A692C3-477C-4758-A1BF-2F5F558F7948', 'c5567efa-639e-40ee-801c-74173952712d', 0, 0, 1, 0, 'Maria Gomes', 0);
INSERT IGNORE INTO AspNetUsers (Id, UserName, NormalizedUserName, Email, NormalizedEmail, EmailConfirmed, PasswordHash, SecurityStamp, ConcurrencyStamp, PhoneNumberConfirmed, TwoFactorEnabled, LockoutEnabled, AccessFailedCount, NomeCompleto, SenhaTemporaria) VALUES ('1c886420-d7a6-42d2-a11a-6b07cc9c69db', 'morador5_673@condosmart.com', 'MORADOR5_673@CONDOSMART.COM', 'morador5_673@condosmart.com', 'MORADOR5_673@CONDOSMART.COM', 1, 'AQAAAAIAAYagAAAAEEDrpQezEqI+EXHmYQG4vdJLA9oO9lZfBT/9Bd+mH1oPYhgpC5sAKTOMsOABo5w6xA==', '89A692C3-477C-4758-A1BF-2F5F558F7948', 'c5567efa-639e-40ee-801c-74173952712d', 0, 0, 1, 0, 'Hellena Ferreira', 0);
INSERT IGNORE INTO AspNetUsers (Id, UserName, NormalizedUserName, Email, NormalizedEmail, EmailConfirmed, PasswordHash, SecurityStamp, ConcurrencyStamp, PhoneNumberConfirmed, TwoFactorEnabled, LockoutEnabled, AccessFailedCount, NomeCompleto, SenhaTemporaria) VALUES ('f027b4e5-a196-44d2-af06-d4f31eb46bbd', 'morador6_960@condosmart.com', 'MORADOR6_960@CONDOSMART.COM', 'morador6_960@condosmart.com', 'MORADOR6_960@CONDOSMART.COM', 1, 'AQAAAAIAAYagAAAAEEDrpQezEqI+EXHmYQG4vdJLA9oO9lZfBT/9Bd+mH1oPYhgpC5sAKTOMsOABo5w6xA==', '89A692C3-477C-4758-A1BF-2F5F558F7948', 'c5567efa-639e-40ee-801c-74173952712d', 0, 0, 1, 0, 'Emanuella da Paz', 0);
INSERT IGNORE INTO AspNetUsers (Id, UserName, NormalizedUserName, Email, NormalizedEmail, EmailConfirmed, PasswordHash, SecurityStamp, ConcurrencyStamp, PhoneNumberConfirmed, TwoFactorEnabled, LockoutEnabled, AccessFailedCount, NomeCompleto, SenhaTemporaria) VALUES ('be7d309c-a755-40fd-91a1-61c21519f250', 'morador7_706@condosmart.com', 'MORADOR7_706@CONDOSMART.COM', 'morador7_706@condosmart.com', 'MORADOR7_706@CONDOSMART.COM', 1, 'AQAAAAIAAYagAAAAEEDrpQezEqI+EXHmYQG4vdJLA9oO9lZfBT/9Bd+mH1oPYhgpC5sAKTOMsOABo5w6xA==', '89A692C3-477C-4758-A1BF-2F5F558F7948', 'c5567efa-639e-40ee-801c-74173952712d', 0, 0, 1, 0, 'Benício Campos', 0);
INSERT IGNORE INTO AspNetUsers (Id, UserName, NormalizedUserName, Email, NormalizedEmail, EmailConfirmed, PasswordHash, SecurityStamp, ConcurrencyStamp, PhoneNumberConfirmed, TwoFactorEnabled, LockoutEnabled, AccessFailedCount, NomeCompleto, SenhaTemporaria) VALUES ('5279c607-2204-4955-964d-74670fa56be4', 'morador8_727@condosmart.com', 'MORADOR8_727@CONDOSMART.COM', 'morador8_727@condosmart.com', 'MORADOR8_727@CONDOSMART.COM', 1, 'AQAAAAIAAYagAAAAEEDrpQezEqI+EXHmYQG4vdJLA9oO9lZfBT/9Bd+mH1oPYhgpC5sAKTOMsOABo5w6xA==', '89A692C3-477C-4758-A1BF-2F5F558F7948', 'c5567efa-639e-40ee-801c-74173952712d', 0, 0, 1, 0, 'Ana Lívia Barros', 0);
INSERT IGNORE INTO AspNetUsers (Id, UserName, NormalizedUserName, Email, NormalizedEmail, EmailConfirmed, PasswordHash, SecurityStamp, ConcurrencyStamp, PhoneNumberConfirmed, TwoFactorEnabled, LockoutEnabled, AccessFailedCount, NomeCompleto, SenhaTemporaria) VALUES ('e874aa8b-0fe1-4e99-8d05-e4637241a83e', 'morador9_646@condosmart.com', 'MORADOR9_646@CONDOSMART.COM', 'morador9_646@condosmart.com', 'MORADOR9_646@CONDOSMART.COM', 1, 'AQAAAAIAAYagAAAAEEDrpQezEqI+EXHmYQG4vdJLA9oO9lZfBT/9Bd+mH1oPYhgpC5sAKTOMsOABo5w6xA==', '89A692C3-477C-4758-A1BF-2F5F558F7948', 'c5567efa-639e-40ee-801c-74173952712d', 0, 0, 1, 0, 'José Pedro da Luz', 0);
INSERT IGNORE INTO AspNetUsers (Id, UserName, NormalizedUserName, Email, NormalizedEmail, EmailConfirmed, PasswordHash, SecurityStamp, ConcurrencyStamp, PhoneNumberConfirmed, TwoFactorEnabled, LockoutEnabled, AccessFailedCount, NomeCompleto, SenhaTemporaria) VALUES ('a7cbbe15-b997-4e84-b2a7-d2dcc8526d1e', 'morador10_509@condosmart.com', 'MORADOR10_509@CONDOSMART.COM', 'morador10_509@condosmart.com', 'MORADOR10_509@CONDOSMART.COM', 1, 'AQAAAAIAAYagAAAAEEDrpQezEqI+EXHmYQG4vdJLA9oO9lZfBT/9Bd+mH1oPYhgpC5sAKTOMsOABo5w6xA==', '89A692C3-477C-4758-A1BF-2F5F558F7948', 'c5567efa-639e-40ee-801c-74173952712d', 0, 0, 1, 0, 'Gabriela Abreu', 0);
INSERT IGNORE INTO AspNetUsers (Id, UserName, NormalizedUserName, Email, NormalizedEmail, EmailConfirmed, PasswordHash, SecurityStamp, ConcurrencyStamp, PhoneNumberConfirmed, TwoFactorEnabled, LockoutEnabled, AccessFailedCount, NomeCompleto, SenhaTemporaria) VALUES ('3037f0cb-0378-430f-914e-9b3df11d0a36', 'morador11_438@condosmart.com', 'MORADOR11_438@CONDOSMART.COM', 'morador11_438@condosmart.com', 'MORADOR11_438@CONDOSMART.COM', 1, 'AQAAAAIAAYagAAAAEEDrpQezEqI+EXHmYQG4vdJLA9oO9lZfBT/9Bd+mH1oPYhgpC5sAKTOMsOABo5w6xA==', '89A692C3-477C-4758-A1BF-2F5F558F7948', 'c5567efa-639e-40ee-801c-74173952712d', 0, 0, 1, 0, 'Arthur Miguel Casa Grande', 0);
INSERT IGNORE INTO AspNetUsers (Id, UserName, NormalizedUserName, Email, NormalizedEmail, EmailConfirmed, PasswordHash, SecurityStamp, ConcurrencyStamp, PhoneNumberConfirmed, TwoFactorEnabled, LockoutEnabled, AccessFailedCount, NomeCompleto, SenhaTemporaria) VALUES ('c16124db-d9e0-4cbc-a7f0-d9f285297dd8', 'morador12_859@condosmart.com', 'MORADOR12_859@CONDOSMART.COM', 'morador12_859@condosmart.com', 'MORADOR12_859@CONDOSMART.COM', 1, 'AQAAAAIAAYagAAAAEEDrpQezEqI+EXHmYQG4vdJLA9oO9lZfBT/9Bd+mH1oPYhgpC5sAKTOMsOABo5w6xA==', '89A692C3-477C-4758-A1BF-2F5F558F7948', 'c5567efa-639e-40ee-801c-74173952712d', 0, 0, 1, 0, 'Maria Cecília Barros', 0);
INSERT IGNORE INTO AspNetUsers (Id, UserName, NormalizedUserName, Email, NormalizedEmail, EmailConfirmed, PasswordHash, SecurityStamp, ConcurrencyStamp, PhoneNumberConfirmed, TwoFactorEnabled, LockoutEnabled, AccessFailedCount, NomeCompleto, SenhaTemporaria) VALUES ('3dd571c7-b113-4a8a-9790-c2a59ba309e5', 'morador13_158@condosmart.com', 'MORADOR13_158@CONDOSMART.COM', 'morador13_158@condosmart.com', 'MORADOR13_158@CONDOSMART.COM', 1, 'AQAAAAIAAYagAAAAEEDrpQezEqI+EXHmYQG4vdJLA9oO9lZfBT/9Bd+mH1oPYhgpC5sAKTOMsOABo5w6xA==', '89A692C3-477C-4758-A1BF-2F5F558F7948', 'c5567efa-639e-40ee-801c-74173952712d', 0, 0, 1, 0, 'Bernardo Sales', 0);
INSERT IGNORE INTO AspNetUsers (Id, UserName, NormalizedUserName, Email, NormalizedEmail, EmailConfirmed, PasswordHash, SecurityStamp, ConcurrencyStamp, PhoneNumberConfirmed, TwoFactorEnabled, LockoutEnabled, AccessFailedCount, NomeCompleto, SenhaTemporaria) VALUES ('53a76934-16e6-4853-b238-4a7130ebdd92', 'morador14_311@condosmart.com', 'MORADOR14_311@CONDOSMART.COM', 'morador14_311@condosmart.com', 'MORADOR14_311@CONDOSMART.COM', 1, 'AQAAAAIAAYagAAAAEEDrpQezEqI+EXHmYQG4vdJLA9oO9lZfBT/9Bd+mH1oPYhgpC5sAKTOMsOABo5w6xA==', '89A692C3-477C-4758-A1BF-2F5F558F7948', 'c5567efa-639e-40ee-801c-74173952712d', 0, 0, 1, 0, 'Fernando Nunes', 0);
INSERT IGNORE INTO AspNetUsers (Id, UserName, NormalizedUserName, Email, NormalizedEmail, EmailConfirmed, PasswordHash, SecurityStamp, ConcurrencyStamp, PhoneNumberConfirmed, TwoFactorEnabled, LockoutEnabled, AccessFailedCount, NomeCompleto, SenhaTemporaria) VALUES ('59472bac-11ac-4926-ad65-62b9f71edb74', 'morador15_424@condosmart.com', 'MORADOR15_424@CONDOSMART.COM', 'morador15_424@condosmart.com', 'MORADOR15_424@CONDOSMART.COM', 1, 'AQAAAAIAAYagAAAAEEDrpQezEqI+EXHmYQG4vdJLA9oO9lZfBT/9Bd+mH1oPYhgpC5sAKTOMsOABo5w6xA==', '89A692C3-477C-4758-A1BF-2F5F558F7948', 'c5567efa-639e-40ee-801c-74173952712d', 0, 0, 1, 0, 'Eduarda da Cunha', 0);
INSERT IGNORE INTO AspNetUsers (Id, UserName, NormalizedUserName, Email, NormalizedEmail, EmailConfirmed, PasswordHash, SecurityStamp, ConcurrencyStamp, PhoneNumberConfirmed, TwoFactorEnabled, LockoutEnabled, AccessFailedCount, NomeCompleto, SenhaTemporaria) VALUES ('d79f2a93-4e4b-4b2f-8338-dba0fd36befa', 'morador16_765@condosmart.com', 'MORADOR16_765@CONDOSMART.COM', 'morador16_765@condosmart.com', 'MORADOR16_765@CONDOSMART.COM', 1, 'AQAAAAIAAYagAAAAEEDrpQezEqI+EXHmYQG4vdJLA9oO9lZfBT/9Bd+mH1oPYhgpC5sAKTOMsOABo5w6xA==', '89A692C3-477C-4758-A1BF-2F5F558F7948', 'c5567efa-639e-40ee-801c-74173952712d', 0, 0, 1, 0, 'Dra. Marina Carvalho', 0);
INSERT IGNORE INTO AspNetUsers (Id, UserName, NormalizedUserName, Email, NormalizedEmail, EmailConfirmed, PasswordHash, SecurityStamp, ConcurrencyStamp, PhoneNumberConfirmed, TwoFactorEnabled, LockoutEnabled, AccessFailedCount, NomeCompleto, SenhaTemporaria) VALUES ('d3d9a18a-3226-46da-92dc-9cf1fde0a1ab', 'morador17_281@condosmart.com', 'MORADOR17_281@CONDOSMART.COM', 'morador17_281@condosmart.com', 'MORADOR17_281@CONDOSMART.COM', 1, 'AQAAAAIAAYagAAAAEEDrpQezEqI+EXHmYQG4vdJLA9oO9lZfBT/9Bd+mH1oPYhgpC5sAKTOMsOABo5w6xA==', '89A692C3-477C-4758-A1BF-2F5F558F7948', 'c5567efa-639e-40ee-801c-74173952712d', 0, 0, 1, 0, 'Kamilly Gomes', 0);
INSERT IGNORE INTO AspNetUsers (Id, UserName, NormalizedUserName, Email, NormalizedEmail, EmailConfirmed, PasswordHash, SecurityStamp, ConcurrencyStamp, PhoneNumberConfirmed, TwoFactorEnabled, LockoutEnabled, AccessFailedCount, NomeCompleto, SenhaTemporaria) VALUES ('d75bd659-5720-4fb8-a188-b8932b9f3d0d', 'morador18_751@condosmart.com', 'MORADOR18_751@CONDOSMART.COM', 'morador18_751@condosmart.com', 'MORADOR18_751@CONDOSMART.COM', 1, 'AQAAAAIAAYagAAAAEEDrpQezEqI+EXHmYQG4vdJLA9oO9lZfBT/9Bd+mH1oPYhgpC5sAKTOMsOABo5w6xA==', '89A692C3-477C-4758-A1BF-2F5F558F7948', 'c5567efa-639e-40ee-801c-74173952712d', 0, 0, 1, 0, 'Heloisa Fernandes', 0);
INSERT IGNORE INTO AspNetUsers (Id, UserName, NormalizedUserName, Email, NormalizedEmail, EmailConfirmed, PasswordHash, SecurityStamp, ConcurrencyStamp, PhoneNumberConfirmed, TwoFactorEnabled, LockoutEnabled, AccessFailedCount, NomeCompleto, SenhaTemporaria) VALUES ('0d9bfc52-0a13-4cda-9cf2-bb4b2007732d', 'morador19_710@condosmart.com', 'MORADOR19_710@CONDOSMART.COM', 'morador19_710@condosmart.com', 'MORADOR19_710@CONDOSMART.COM', 1, 'AQAAAAIAAYagAAAAEEDrpQezEqI+EXHmYQG4vdJLA9oO9lZfBT/9Bd+mH1oPYhgpC5sAKTOMsOABo5w6xA==', '89A692C3-477C-4758-A1BF-2F5F558F7948', 'c5567efa-639e-40ee-801c-74173952712d', 0, 0, 1, 0, 'Kamilly Porto', 0);
INSERT IGNORE INTO AspNetUsers (Id, UserName, NormalizedUserName, Email, NormalizedEmail, EmailConfirmed, PasswordHash, SecurityStamp, ConcurrencyStamp, PhoneNumberConfirmed, TwoFactorEnabled, LockoutEnabled, AccessFailedCount, NomeCompleto, SenhaTemporaria) VALUES ('6b8a6aa3-bdb3-43fa-af9e-2c6cef45ffd2', 'morador20_838@condosmart.com', 'MORADOR20_838@CONDOSMART.COM', 'morador20_838@condosmart.com', 'MORADOR20_838@CONDOSMART.COM', 1, 'AQAAAAIAAYagAAAAEEDrpQezEqI+EXHmYQG4vdJLA9oO9lZfBT/9Bd+mH1oPYhgpC5sAKTOMsOABo5w6xA==', '89A692C3-477C-4758-A1BF-2F5F558F7948', 'c5567efa-639e-40ee-801c-74173952712d', 0, 0, 1, 0, 'Dr. João Guilherme da Mata', 0);
INSERT IGNORE INTO AspNetUsers (Id, UserName, NormalizedUserName, Email, NormalizedEmail, EmailConfirmed, PasswordHash, SecurityStamp, ConcurrencyStamp, PhoneNumberConfirmed, TwoFactorEnabled, LockoutEnabled, AccessFailedCount, NomeCompleto, SenhaTemporaria) VALUES ('ae3dc243-0e3c-4611-8a25-24229c5131ef', 'morador21_412@condosmart.com', 'MORADOR21_412@CONDOSMART.COM', 'morador21_412@condosmart.com', 'MORADOR21_412@CONDOSMART.COM', 1, 'AQAAAAIAAYagAAAAEEDrpQezEqI+EXHmYQG4vdJLA9oO9lZfBT/9Bd+mH1oPYhgpC5sAKTOMsOABo5w6xA==', '89A692C3-477C-4758-A1BF-2F5F558F7948', 'c5567efa-639e-40ee-801c-74173952712d', 0, 0, 1, 0, 'Pedro Henrique Vargas', 0);
INSERT IGNORE INTO AspNetUsers (Id, UserName, NormalizedUserName, Email, NormalizedEmail, EmailConfirmed, PasswordHash, SecurityStamp, ConcurrencyStamp, PhoneNumberConfirmed, TwoFactorEnabled, LockoutEnabled, AccessFailedCount, NomeCompleto, SenhaTemporaria) VALUES ('db7a56a7-15e4-4ab9-b49b-243e22f0e6f4', 'morador22_708@condosmart.com', 'MORADOR22_708@CONDOSMART.COM', 'morador22_708@condosmart.com', 'MORADOR22_708@CONDOSMART.COM', 1, 'AQAAAAIAAYagAAAAEEDrpQezEqI+EXHmYQG4vdJLA9oO9lZfBT/9Bd+mH1oPYhgpC5sAKTOMsOABo5w6xA==', '89A692C3-477C-4758-A1BF-2F5F558F7948', 'c5567efa-639e-40ee-801c-74173952712d', 0, 0, 1, 0, 'Ana Laura Aparecida', 0);
INSERT IGNORE INTO AspNetUsers (Id, UserName, NormalizedUserName, Email, NormalizedEmail, EmailConfirmed, PasswordHash, SecurityStamp, ConcurrencyStamp, PhoneNumberConfirmed, TwoFactorEnabled, LockoutEnabled, AccessFailedCount, NomeCompleto, SenhaTemporaria) VALUES ('56c821c1-482c-4567-91dc-23a24c45d80d', 'morador23_186@condosmart.com', 'MORADOR23_186@CONDOSMART.COM', 'morador23_186@condosmart.com', 'MORADOR23_186@CONDOSMART.COM', 1, 'AQAAAAIAAYagAAAAEEDrpQezEqI+EXHmYQG4vdJLA9oO9lZfBT/9Bd+mH1oPYhgpC5sAKTOMsOABo5w6xA==', '89A692C3-477C-4758-A1BF-2F5F558F7948', 'c5567efa-639e-40ee-801c-74173952712d', 0, 0, 1, 0, 'Maria Julia Nogueira', 0);
INSERT IGNORE INTO AspNetUsers (Id, UserName, NormalizedUserName, Email, NormalizedEmail, EmailConfirmed, PasswordHash, SecurityStamp, ConcurrencyStamp, PhoneNumberConfirmed, TwoFactorEnabled, LockoutEnabled, AccessFailedCount, NomeCompleto, SenhaTemporaria) VALUES ('bffcace7-7191-45cb-8242-823616ce447b', 'morador24_802@condosmart.com', 'MORADOR24_802@CONDOSMART.COM', 'morador24_802@condosmart.com', 'MORADOR24_802@CONDOSMART.COM', 1, 'AQAAAAIAAYagAAAAEEDrpQezEqI+EXHmYQG4vdJLA9oO9lZfBT/9Bd+mH1oPYhgpC5sAKTOMsOABo5w6xA==', '89A692C3-477C-4758-A1BF-2F5F558F7948', 'c5567efa-639e-40ee-801c-74173952712d', 0, 0, 1, 0, 'Hadassa Souza', 0);
INSERT IGNORE INTO AspNetUsers (Id, UserName, NormalizedUserName, Email, NormalizedEmail, EmailConfirmed, PasswordHash, SecurityStamp, ConcurrencyStamp, PhoneNumberConfirmed, TwoFactorEnabled, LockoutEnabled, AccessFailedCount, NomeCompleto, SenhaTemporaria) VALUES ('cb0cfc78-4177-474b-9f6b-55ca97770525', 'morador25_179@condosmart.com', 'MORADOR25_179@CONDOSMART.COM', 'morador25_179@condosmart.com', 'MORADOR25_179@CONDOSMART.COM', 1, 'AQAAAAIAAYagAAAAEEDrpQezEqI+EXHmYQG4vdJLA9oO9lZfBT/9Bd+mH1oPYhgpC5sAKTOMsOABo5w6xA==', '89A692C3-477C-4758-A1BF-2F5F558F7948', 'c5567efa-639e-40ee-801c-74173952712d', 0, 0, 1, 0, 'Isadora Nascimento', 0);
INSERT IGNORE INTO AspNetUsers (Id, UserName, NormalizedUserName, Email, NormalizedEmail, EmailConfirmed, PasswordHash, SecurityStamp, ConcurrencyStamp, PhoneNumberConfirmed, TwoFactorEnabled, LockoutEnabled, AccessFailedCount, NomeCompleto, SenhaTemporaria) VALUES ('6080774c-d811-45d6-8c19-90cceba3db72', 'morador26_156@condosmart.com', 'MORADOR26_156@CONDOSMART.COM', 'morador26_156@condosmart.com', 'MORADOR26_156@CONDOSMART.COM', 1, 'AQAAAAIAAYagAAAAEEDrpQezEqI+EXHmYQG4vdJLA9oO9lZfBT/9Bd+mH1oPYhgpC5sAKTOMsOABo5w6xA==', '89A692C3-477C-4758-A1BF-2F5F558F7948', 'c5567efa-639e-40ee-801c-74173952712d', 0, 0, 1, 0, 'Ana Luiza Cavalcanti', 0);
INSERT IGNORE INTO AspNetUsers (Id, UserName, NormalizedUserName, Email, NormalizedEmail, EmailConfirmed, PasswordHash, SecurityStamp, ConcurrencyStamp, PhoneNumberConfirmed, TwoFactorEnabled, LockoutEnabled, AccessFailedCount, NomeCompleto, SenhaTemporaria) VALUES ('603cd3fb-cdf0-4357-8ad0-d194b67c841e', 'morador27_839@condosmart.com', 'MORADOR27_839@CONDOSMART.COM', 'morador27_839@condosmart.com', 'MORADOR27_839@CONDOSMART.COM', 1, 'AQAAAAIAAYagAAAAEEDrpQezEqI+EXHmYQG4vdJLA9oO9lZfBT/9Bd+mH1oPYhgpC5sAKTOMsOABo5w6xA==', '89A692C3-477C-4758-A1BF-2F5F558F7948', 'c5567efa-639e-40ee-801c-74173952712d', 0, 0, 1, 0, 'Jade Machado', 0);
INSERT IGNORE INTO AspNetUsers (Id, UserName, NormalizedUserName, Email, NormalizedEmail, EmailConfirmed, PasswordHash, SecurityStamp, ConcurrencyStamp, PhoneNumberConfirmed, TwoFactorEnabled, LockoutEnabled, AccessFailedCount, NomeCompleto, SenhaTemporaria) VALUES ('cb7634c6-21f8-420a-8c55-80bbfa7d76a2', 'morador28_319@condosmart.com', 'MORADOR28_319@CONDOSMART.COM', 'morador28_319@condosmart.com', 'MORADOR28_319@CONDOSMART.COM', 1, 'AQAAAAIAAYagAAAAEEDrpQezEqI+EXHmYQG4vdJLA9oO9lZfBT/9Bd+mH1oPYhgpC5sAKTOMsOABo5w6xA==', '89A692C3-477C-4758-A1BF-2F5F558F7948', 'c5567efa-639e-40ee-801c-74173952712d', 0, 0, 1, 0, 'Eloah Carvalho', 0);
INSERT IGNORE INTO AspNetUsers (Id, UserName, NormalizedUserName, Email, NormalizedEmail, EmailConfirmed, PasswordHash, SecurityStamp, ConcurrencyStamp, PhoneNumberConfirmed, TwoFactorEnabled, LockoutEnabled, AccessFailedCount, NomeCompleto, SenhaTemporaria) VALUES ('04bc1375-7467-4405-a988-38fe5e8f79ba', 'morador29_846@condosmart.com', 'MORADOR29_846@CONDOSMART.COM', 'morador29_846@condosmart.com', 'MORADOR29_846@CONDOSMART.COM', 1, 'AQAAAAIAAYagAAAAEEDrpQezEqI+EXHmYQG4vdJLA9oO9lZfBT/9Bd+mH1oPYhgpC5sAKTOMsOABo5w6xA==', '89A692C3-477C-4758-A1BF-2F5F558F7948', 'c5567efa-639e-40ee-801c-74173952712d', 0, 0, 1, 0, 'Alícia Peixoto', 0);
INSERT IGNORE INTO AspNetUsers (Id, UserName, NormalizedUserName, Email, NormalizedEmail, EmailConfirmed, PasswordHash, SecurityStamp, ConcurrencyStamp, PhoneNumberConfirmed, TwoFactorEnabled, LockoutEnabled, AccessFailedCount, NomeCompleto, SenhaTemporaria) VALUES ('ccb471af-7698-4841-b24a-941ad0b0e8d2', 'morador30_118@condosmart.com', 'MORADOR30_118@CONDOSMART.COM', 'morador30_118@condosmart.com', 'MORADOR30_118@CONDOSMART.COM', 1, 'AQAAAAIAAYagAAAAEEDrpQezEqI+EXHmYQG4vdJLA9oO9lZfBT/9Bd+mH1oPYhgpC5sAKTOMsOABo5w6xA==', '89A692C3-477C-4758-A1BF-2F5F558F7948', 'c5567efa-639e-40ee-801c-74173952712d', 0, 0, 1, 0, 'Srta. Bruna Cavalcanti', 0);
INSERT IGNORE INTO AspNetUsers (Id, UserName, NormalizedUserName, Email, NormalizedEmail, EmailConfirmed, PasswordHash, SecurityStamp, ConcurrencyStamp, PhoneNumberConfirmed, TwoFactorEnabled, LockoutEnabled, AccessFailedCount, NomeCompleto, SenhaTemporaria) VALUES ('2159960b-ab16-4da3-b8bb-3b62aa46d573', 'morador31_709@condosmart.com', 'MORADOR31_709@CONDOSMART.COM', 'morador31_709@condosmart.com', 'MORADOR31_709@CONDOSMART.COM', 1, 'AQAAAAIAAYagAAAAEEDrpQezEqI+EXHmYQG4vdJLA9oO9lZfBT/9Bd+mH1oPYhgpC5sAKTOMsOABo5w6xA==', '89A692C3-477C-4758-A1BF-2F5F558F7948', 'c5567efa-639e-40ee-801c-74173952712d', 0, 0, 1, 0, 'Pietro Sousa', 0);
INSERT IGNORE INTO AspNetUsers (Id, UserName, NormalizedUserName, Email, NormalizedEmail, EmailConfirmed, PasswordHash, SecurityStamp, ConcurrencyStamp, PhoneNumberConfirmed, TwoFactorEnabled, LockoutEnabled, AccessFailedCount, NomeCompleto, SenhaTemporaria) VALUES ('fefa020d-8582-417d-801c-965929e2888b', 'morador32_409@condosmart.com', 'MORADOR32_409@CONDOSMART.COM', 'morador32_409@condosmart.com', 'MORADOR32_409@CONDOSMART.COM', 1, 'AQAAAAIAAYagAAAAEEDrpQezEqI+EXHmYQG4vdJLA9oO9lZfBT/9Bd+mH1oPYhgpC5sAKTOMsOABo5w6xA==', '89A692C3-477C-4758-A1BF-2F5F558F7948', 'c5567efa-639e-40ee-801c-74173952712d', 0, 0, 1, 0, 'Maria Luísa Peixoto', 0);
INSERT IGNORE INTO AspNetUsers (Id, UserName, NormalizedUserName, Email, NormalizedEmail, EmailConfirmed, PasswordHash, SecurityStamp, ConcurrencyStamp, PhoneNumberConfirmed, TwoFactorEnabled, LockoutEnabled, AccessFailedCount, NomeCompleto, SenhaTemporaria) VALUES ('93d0fed3-c202-4bb4-a723-e8dde6ac9618', 'morador33_987@condosmart.com', 'MORADOR33_987@CONDOSMART.COM', 'morador33_987@condosmart.com', 'MORADOR33_987@CONDOSMART.COM', 1, 'AQAAAAIAAYagAAAAEEDrpQezEqI+EXHmYQG4vdJLA9oO9lZfBT/9Bd+mH1oPYhgpC5sAKTOMsOABo5w6xA==', '89A692C3-477C-4758-A1BF-2F5F558F7948', 'c5567efa-639e-40ee-801c-74173952712d', 0, 0, 1, 0, 'Josué Garcia', 0);
INSERT IGNORE INTO AspNetUsers (Id, UserName, NormalizedUserName, Email, NormalizedEmail, EmailConfirmed, PasswordHash, SecurityStamp, ConcurrencyStamp, PhoneNumberConfirmed, TwoFactorEnabled, LockoutEnabled, AccessFailedCount, NomeCompleto, SenhaTemporaria) VALUES ('819fe17a-bf09-4680-b520-ddcf93ff0887', 'morador34_206@condosmart.com', 'MORADOR34_206@CONDOSMART.COM', 'morador34_206@condosmart.com', 'MORADOR34_206@CONDOSMART.COM', 1, 'AQAAAAIAAYagAAAAEEDrpQezEqI+EXHmYQG4vdJLA9oO9lZfBT/9Bd+mH1oPYhgpC5sAKTOMsOABo5w6xA==', '89A692C3-477C-4758-A1BF-2F5F558F7948', 'c5567efa-639e-40ee-801c-74173952712d', 0, 0, 1, 0, 'Liz Gonçalves', 0);
INSERT IGNORE INTO AspNetUsers (Id, UserName, NormalizedUserName, Email, NormalizedEmail, EmailConfirmed, PasswordHash, SecurityStamp, ConcurrencyStamp, PhoneNumberConfirmed, TwoFactorEnabled, LockoutEnabled, AccessFailedCount, NomeCompleto, SenhaTemporaria) VALUES ('e31d2a14-3002-4f2a-a0d5-7e97a87b623a', 'morador35_903@condosmart.com', 'MORADOR35_903@CONDOSMART.COM', 'morador35_903@condosmart.com', 'MORADOR35_903@CONDOSMART.COM', 1, 'AQAAAAIAAYagAAAAEEDrpQezEqI+EXHmYQG4vdJLA9oO9lZfBT/9Bd+mH1oPYhgpC5sAKTOMsOABo5w6xA==', '89A692C3-477C-4758-A1BF-2F5F558F7948', 'c5567efa-639e-40ee-801c-74173952712d', 0, 0, 1, 0, 'Yago Gomes', 0);
INSERT IGNORE INTO AspNetUsers (Id, UserName, NormalizedUserName, Email, NormalizedEmail, EmailConfirmed, PasswordHash, SecurityStamp, ConcurrencyStamp, PhoneNumberConfirmed, TwoFactorEnabled, LockoutEnabled, AccessFailedCount, NomeCompleto, SenhaTemporaria) VALUES ('3fda9c45-f4db-47bf-b805-754c4f14504f', 'morador36_795@condosmart.com', 'MORADOR36_795@CONDOSMART.COM', 'morador36_795@condosmart.com', 'MORADOR36_795@CONDOSMART.COM', 1, 'AQAAAAIAAYagAAAAEEDrpQezEqI+EXHmYQG4vdJLA9oO9lZfBT/9Bd+mH1oPYhgpC5sAKTOMsOABo5w6xA==', '89A692C3-477C-4758-A1BF-2F5F558F7948', 'c5567efa-639e-40ee-801c-74173952712d', 0, 0, 1, 0, 'Alícia Mendonça', 0);
INSERT IGNORE INTO AspNetUsers (Id, UserName, NormalizedUserName, Email, NormalizedEmail, EmailConfirmed, PasswordHash, SecurityStamp, ConcurrencyStamp, PhoneNumberConfirmed, TwoFactorEnabled, LockoutEnabled, AccessFailedCount, NomeCompleto, SenhaTemporaria) VALUES ('05eca6cc-b3d7-4db5-9454-5a875396a8b4', 'morador37_290@condosmart.com', 'MORADOR37_290@CONDOSMART.COM', 'morador37_290@condosmart.com', 'MORADOR37_290@CONDOSMART.COM', 1, 'AQAAAAIAAYagAAAAEEDrpQezEqI+EXHmYQG4vdJLA9oO9lZfBT/9Bd+mH1oPYhgpC5sAKTOMsOABo5w6xA==', '89A692C3-477C-4758-A1BF-2F5F558F7948', 'c5567efa-639e-40ee-801c-74173952712d', 0, 0, 1, 0, 'Eloah Novaes', 0);
INSERT IGNORE INTO AspNetUsers (Id, UserName, NormalizedUserName, Email, NormalizedEmail, EmailConfirmed, PasswordHash, SecurityStamp, ConcurrencyStamp, PhoneNumberConfirmed, TwoFactorEnabled, LockoutEnabled, AccessFailedCount, NomeCompleto, SenhaTemporaria) VALUES ('0582629f-c9f2-4519-9683-f87ac94a9041', 'morador38_339@condosmart.com', 'MORADOR38_339@CONDOSMART.COM', 'morador38_339@condosmart.com', 'MORADOR38_339@CONDOSMART.COM', 1, 'AQAAAAIAAYagAAAAEEDrpQezEqI+EXHmYQG4vdJLA9oO9lZfBT/9Bd+mH1oPYhgpC5sAKTOMsOABo5w6xA==', '89A692C3-477C-4758-A1BF-2F5F558F7948', 'c5567efa-639e-40ee-801c-74173952712d', 0, 0, 1, 0, 'João Felipe Cavalcante', 0);
INSERT IGNORE INTO AspNetUsers (Id, UserName, NormalizedUserName, Email, NormalizedEmail, EmailConfirmed, PasswordHash, SecurityStamp, ConcurrencyStamp, PhoneNumberConfirmed, TwoFactorEnabled, LockoutEnabled, AccessFailedCount, NomeCompleto, SenhaTemporaria) VALUES ('a6e0e3f1-773d-46fe-8f09-e3a8e59c07b7', 'morador39_399@condosmart.com', 'MORADOR39_399@CONDOSMART.COM', 'morador39_399@condosmart.com', 'MORADOR39_399@CONDOSMART.COM', 1, 'AQAAAAIAAYagAAAAEEDrpQezEqI+EXHmYQG4vdJLA9oO9lZfBT/9Bd+mH1oPYhgpC5sAKTOMsOABo5w6xA==', '89A692C3-477C-4758-A1BF-2F5F558F7948', 'c5567efa-639e-40ee-801c-74173952712d', 0, 0, 1, 0, 'João Pedro Pires', 0);
INSERT IGNORE INTO AspNetUsers (Id, UserName, NormalizedUserName, Email, NormalizedEmail, EmailConfirmed, PasswordHash, SecurityStamp, ConcurrencyStamp, PhoneNumberConfirmed, TwoFactorEnabled, LockoutEnabled, AccessFailedCount, NomeCompleto, SenhaTemporaria) VALUES ('494c6cf7-cdd9-4cd2-aae6-2b9785408be9', 'morador40_130@condosmart.com', 'MORADOR40_130@CONDOSMART.COM', 'morador40_130@condosmart.com', 'MORADOR40_130@CONDOSMART.COM', 1, 'AQAAAAIAAYagAAAAEEDrpQezEqI+EXHmYQG4vdJLA9oO9lZfBT/9Bd+mH1oPYhgpC5sAKTOMsOABo5w6xA==', '89A692C3-477C-4758-A1BF-2F5F558F7948', 'c5567efa-639e-40ee-801c-74173952712d', 0, 0, 1, 0, 'Luiz Gustavo da Rosa', 0);
INSERT IGNORE INTO AspNetUsers (Id, UserName, NormalizedUserName, Email, NormalizedEmail, EmailConfirmed, PasswordHash, SecurityStamp, ConcurrencyStamp, PhoneNumberConfirmed, TwoFactorEnabled, LockoutEnabled, AccessFailedCount, NomeCompleto, SenhaTemporaria) VALUES ('ae56754d-7967-4995-bdb6-a14ccacbd98c', 'morador41_539@condosmart.com', 'MORADOR41_539@CONDOSMART.COM', 'morador41_539@condosmart.com', 'MORADOR41_539@CONDOSMART.COM', 1, 'AQAAAAIAAYagAAAAEEDrpQezEqI+EXHmYQG4vdJLA9oO9lZfBT/9Bd+mH1oPYhgpC5sAKTOMsOABo5w6xA==', '89A692C3-477C-4758-A1BF-2F5F558F7948', 'c5567efa-639e-40ee-801c-74173952712d', 0, 0, 1, 0, 'Sr. Gustavo Silva', 0);
INSERT IGNORE INTO AspNetUsers (Id, UserName, NormalizedUserName, Email, NormalizedEmail, EmailConfirmed, PasswordHash, SecurityStamp, ConcurrencyStamp, PhoneNumberConfirmed, TwoFactorEnabled, LockoutEnabled, AccessFailedCount, NomeCompleto, SenhaTemporaria) VALUES ('3b803c0b-1ad9-46e9-98b1-88554eb4a60a', 'morador42_783@condosmart.com', 'MORADOR42_783@CONDOSMART.COM', 'morador42_783@condosmart.com', 'MORADOR42_783@CONDOSMART.COM', 1, 'AQAAAAIAAYagAAAAEEDrpQezEqI+EXHmYQG4vdJLA9oO9lZfBT/9Bd+mH1oPYhgpC5sAKTOMsOABo5w6xA==', '89A692C3-477C-4758-A1BF-2F5F558F7948', 'c5567efa-639e-40ee-801c-74173952712d', 0, 0, 1, 0, 'Bella Cirino', 0);
INSERT IGNORE INTO AspNetUsers (Id, UserName, NormalizedUserName, Email, NormalizedEmail, EmailConfirmed, PasswordHash, SecurityStamp, ConcurrencyStamp, PhoneNumberConfirmed, TwoFactorEnabled, LockoutEnabled, AccessFailedCount, NomeCompleto, SenhaTemporaria) VALUES ('794010ec-23eb-47f2-95ac-c1be940d8a7f', 'morador43_588@condosmart.com', 'MORADOR43_588@CONDOSMART.COM', 'morador43_588@condosmart.com', 'MORADOR43_588@CONDOSMART.COM', 1, 'AQAAAAIAAYagAAAAEEDrpQezEqI+EXHmYQG4vdJLA9oO9lZfBT/9Bd+mH1oPYhgpC5sAKTOMsOABo5w6xA==', '89A692C3-477C-4758-A1BF-2F5F558F7948', 'c5567efa-639e-40ee-801c-74173952712d', 0, 0, 1, 0, 'Vitor Machado', 0);
INSERT IGNORE INTO AspNetUsers (Id, UserName, NormalizedUserName, Email, NormalizedEmail, EmailConfirmed, PasswordHash, SecurityStamp, ConcurrencyStamp, PhoneNumberConfirmed, TwoFactorEnabled, LockoutEnabled, AccessFailedCount, NomeCompleto, SenhaTemporaria) VALUES ('2f8e0746-38ff-4144-a0a7-47af90b9bc74', 'morador44_695@condosmart.com', 'MORADOR44_695@CONDOSMART.COM', 'morador44_695@condosmart.com', 'MORADOR44_695@CONDOSMART.COM', 1, 'AQAAAAIAAYagAAAAEEDrpQezEqI+EXHmYQG4vdJLA9oO9lZfBT/9Bd+mH1oPYhgpC5sAKTOMsOABo5w6xA==', '89A692C3-477C-4758-A1BF-2F5F558F7948', 'c5567efa-639e-40ee-801c-74173952712d', 0, 0, 1, 0, 'Nina Pinto', 0);
INSERT IGNORE INTO AspNetUsers (Id, UserName, NormalizedUserName, Email, NormalizedEmail, EmailConfirmed, PasswordHash, SecurityStamp, ConcurrencyStamp, PhoneNumberConfirmed, TwoFactorEnabled, LockoutEnabled, AccessFailedCount, NomeCompleto, SenhaTemporaria) VALUES ('25419a5e-8359-4869-8868-42ca78ddd0c9', 'morador45_855@condosmart.com', 'MORADOR45_855@CONDOSMART.COM', 'morador45_855@condosmart.com', 'MORADOR45_855@CONDOSMART.COM', 1, 'AQAAAAIAAYagAAAAEEDrpQezEqI+EXHmYQG4vdJLA9oO9lZfBT/9Bd+mH1oPYhgpC5sAKTOMsOABo5w6xA==', '89A692C3-477C-4758-A1BF-2F5F558F7948', 'c5567efa-639e-40ee-801c-74173952712d', 0, 0, 1, 0, 'Larissa Mendonça', 0);
INSERT IGNORE INTO AspNetUsers (Id, UserName, NormalizedUserName, Email, NormalizedEmail, EmailConfirmed, PasswordHash, SecurityStamp, ConcurrencyStamp, PhoneNumberConfirmed, TwoFactorEnabled, LockoutEnabled, AccessFailedCount, NomeCompleto, SenhaTemporaria) VALUES ('7359a5a1-d138-43e5-9cc5-f00ce70929b6', 'morador46_588@condosmart.com', 'MORADOR46_588@CONDOSMART.COM', 'morador46_588@condosmart.com', 'MORADOR46_588@CONDOSMART.COM', 1, 'AQAAAAIAAYagAAAAEEDrpQezEqI+EXHmYQG4vdJLA9oO9lZfBT/9Bd+mH1oPYhgpC5sAKTOMsOABo5w6xA==', '89A692C3-477C-4758-A1BF-2F5F558F7948', 'c5567efa-639e-40ee-801c-74173952712d', 0, 0, 1, 0, 'Lorena Macedo', 0);
INSERT IGNORE INTO AspNetUsers (Id, UserName, NormalizedUserName, Email, NormalizedEmail, EmailConfirmed, PasswordHash, SecurityStamp, ConcurrencyStamp, PhoneNumberConfirmed, TwoFactorEnabled, LockoutEnabled, AccessFailedCount, NomeCompleto, SenhaTemporaria) VALUES ('9522331e-38cc-4b73-ac76-23e132ba5ee7', 'morador47_337@condosmart.com', 'MORADOR47_337@CONDOSMART.COM', 'morador47_337@condosmart.com', 'MORADOR47_337@CONDOSMART.COM', 1, 'AQAAAAIAAYagAAAAEEDrpQezEqI+EXHmYQG4vdJLA9oO9lZfBT/9Bd+mH1oPYhgpC5sAKTOMsOABo5w6xA==', '89A692C3-477C-4758-A1BF-2F5F558F7948', 'c5567efa-639e-40ee-801c-74173952712d', 0, 0, 1, 0, 'Rodrigo Barbosa', 0);
INSERT IGNORE INTO AspNetUsers (Id, UserName, NormalizedUserName, Email, NormalizedEmail, EmailConfirmed, PasswordHash, SecurityStamp, ConcurrencyStamp, PhoneNumberConfirmed, TwoFactorEnabled, LockoutEnabled, AccessFailedCount, NomeCompleto, SenhaTemporaria) VALUES ('dbe9b887-a10c-40d2-af7b-bc212ce67c14', 'morador48_226@condosmart.com', 'MORADOR48_226@CONDOSMART.COM', 'morador48_226@condosmart.com', 'MORADOR48_226@CONDOSMART.COM', 1, 'AQAAAAIAAYagAAAAEEDrpQezEqI+EXHmYQG4vdJLA9oO9lZfBT/9Bd+mH1oPYhgpC5sAKTOMsOABo5w6xA==', '89A692C3-477C-4758-A1BF-2F5F558F7948', 'c5567efa-639e-40ee-801c-74173952712d', 0, 0, 1, 0, 'Sr. Gael Alves', 0);
INSERT IGNORE INTO AspNetUsers (Id, UserName, NormalizedUserName, Email, NormalizedEmail, EmailConfirmed, PasswordHash, SecurityStamp, ConcurrencyStamp, PhoneNumberConfirmed, TwoFactorEnabled, LockoutEnabled, AccessFailedCount, NomeCompleto, SenhaTemporaria) VALUES ('ca691512-fa09-4297-827c-dc6c2ff6dc2b', 'morador49_169@condosmart.com', 'MORADOR49_169@CONDOSMART.COM', 'morador49_169@condosmart.com', 'MORADOR49_169@CONDOSMART.COM', 1, 'AQAAAAIAAYagAAAAEEDrpQezEqI+EXHmYQG4vdJLA9oO9lZfBT/9Bd+mH1oPYhgpC5sAKTOMsOABo5w6xA==', '89A692C3-477C-4758-A1BF-2F5F558F7948', 'c5567efa-639e-40ee-801c-74173952712d', 0, 0, 1, 0, 'Cecilia Fonseca', 0);
INSERT IGNORE INTO AspNetUsers (Id, UserName, NormalizedUserName, Email, NormalizedEmail, EmailConfirmed, PasswordHash, SecurityStamp, ConcurrencyStamp, PhoneNumberConfirmed, TwoFactorEnabled, LockoutEnabled, AccessFailedCount, NomeCompleto, SenhaTemporaria) VALUES ('4e6d551c-4068-448a-87cf-2b08a5cb2012', 'morador50_216@condosmart.com', 'MORADOR50_216@CONDOSMART.COM', 'morador50_216@condosmart.com', 'MORADOR50_216@CONDOSMART.COM', 1, 'AQAAAAIAAYagAAAAEEDrpQezEqI+EXHmYQG4vdJLA9oO9lZfBT/9Bd+mH1oPYhgpC5sAKTOMsOABo5w6xA==', '89A692C3-477C-4758-A1BF-2F5F558F7948', 'c5567efa-639e-40ee-801c-74173952712d', 0, 0, 1, 0, 'Maria Eduarda Novaes', 0);
INSERT IGNORE INTO AspNetUsers (Id, UserName, NormalizedUserName, Email, NormalizedEmail, EmailConfirmed, PasswordHash, SecurityStamp, ConcurrencyStamp, PhoneNumberConfirmed, TwoFactorEnabled, LockoutEnabled, AccessFailedCount, NomeCompleto, SenhaTemporaria) VALUES ('b2d18b37-5a54-4c67-a644-51fa124244e1', 'morador51_508@condosmart.com', 'MORADOR51_508@CONDOSMART.COM', 'morador51_508@condosmart.com', 'MORADOR51_508@CONDOSMART.COM', 1, 'AQAAAAIAAYagAAAAEEDrpQezEqI+EXHmYQG4vdJLA9oO9lZfBT/9Bd+mH1oPYhgpC5sAKTOMsOABo5w6xA==', '89A692C3-477C-4758-A1BF-2F5F558F7948', 'c5567efa-639e-40ee-801c-74173952712d', 0, 0, 1, 0, 'Ana Carolina Ribeiro', 0);
INSERT IGNORE INTO AspNetUsers (Id, UserName, NormalizedUserName, Email, NormalizedEmail, EmailConfirmed, PasswordHash, SecurityStamp, ConcurrencyStamp, PhoneNumberConfirmed, TwoFactorEnabled, LockoutEnabled, AccessFailedCount, NomeCompleto, SenhaTemporaria) VALUES ('b063ce9b-5e26-4267-94be-89c017d302a5', 'morador52_721@condosmart.com', 'MORADOR52_721@CONDOSMART.COM', 'morador52_721@condosmart.com', 'MORADOR52_721@CONDOSMART.COM', 1, 'AQAAAAIAAYagAAAAEEDrpQezEqI+EXHmYQG4vdJLA9oO9lZfBT/9Bd+mH1oPYhgpC5sAKTOMsOABo5w6xA==', '89A692C3-477C-4758-A1BF-2F5F558F7948', 'c5567efa-639e-40ee-801c-74173952712d', 0, 0, 1, 0, 'Theodoro Souza', 0);
INSERT IGNORE INTO AspNetUsers (Id, UserName, NormalizedUserName, Email, NormalizedEmail, EmailConfirmed, PasswordHash, SecurityStamp, ConcurrencyStamp, PhoneNumberConfirmed, TwoFactorEnabled, LockoutEnabled, AccessFailedCount, NomeCompleto, SenhaTemporaria) VALUES ('139daf2f-3b46-4708-ae41-cf82dcdeb477', 'morador53_110@condosmart.com', 'MORADOR53_110@CONDOSMART.COM', 'morador53_110@condosmart.com', 'MORADOR53_110@CONDOSMART.COM', 1, 'AQAAAAIAAYagAAAAEEDrpQezEqI+EXHmYQG4vdJLA9oO9lZfBT/9Bd+mH1oPYhgpC5sAKTOMsOABo5w6xA==', '89A692C3-477C-4758-A1BF-2F5F558F7948', 'c5567efa-639e-40ee-801c-74173952712d', 0, 0, 1, 0, 'Dr. José Miguel Vieira', 0);
INSERT IGNORE INTO AspNetUsers (Id, UserName, NormalizedUserName, Email, NormalizedEmail, EmailConfirmed, PasswordHash, SecurityStamp, ConcurrencyStamp, PhoneNumberConfirmed, TwoFactorEnabled, LockoutEnabled, AccessFailedCount, NomeCompleto, SenhaTemporaria) VALUES ('bd042e56-30ab-4491-90cb-7c3f551cef0e', 'morador54_776@condosmart.com', 'MORADOR54_776@CONDOSMART.COM', 'morador54_776@condosmart.com', 'MORADOR54_776@CONDOSMART.COM', 1, 'AQAAAAIAAYagAAAAEEDrpQezEqI+EXHmYQG4vdJLA9oO9lZfBT/9Bd+mH1oPYhgpC5sAKTOMsOABo5w6xA==', '89A692C3-477C-4758-A1BF-2F5F558F7948', 'c5567efa-639e-40ee-801c-74173952712d', 0, 0, 1, 0, 'Anthony da Conceição', 0);
INSERT IGNORE INTO AspNetUsers (Id, UserName, NormalizedUserName, Email, NormalizedEmail, EmailConfirmed, PasswordHash, SecurityStamp, ConcurrencyStamp, PhoneNumberConfirmed, TwoFactorEnabled, LockoutEnabled, AccessFailedCount, NomeCompleto, SenhaTemporaria) VALUES ('5c6673b1-381d-410a-967d-6703822dc5e3', 'morador55_145@condosmart.com', 'MORADOR55_145@CONDOSMART.COM', 'morador55_145@condosmart.com', 'MORADOR55_145@CONDOSMART.COM', 1, 'AQAAAAIAAYagAAAAEEDrpQezEqI+EXHmYQG4vdJLA9oO9lZfBT/9Bd+mH1oPYhgpC5sAKTOMsOABo5w6xA==', '89A692C3-477C-4758-A1BF-2F5F558F7948', 'c5567efa-639e-40ee-801c-74173952712d', 0, 0, 1, 0, 'Ana Sophia Aragão', 0);
INSERT IGNORE INTO AspNetUsers (Id, UserName, NormalizedUserName, Email, NormalizedEmail, EmailConfirmed, PasswordHash, SecurityStamp, ConcurrencyStamp, PhoneNumberConfirmed, TwoFactorEnabled, LockoutEnabled, AccessFailedCount, NomeCompleto, SenhaTemporaria) VALUES ('39b98c2d-293f-4325-9a16-9b721eb66f9f', 'morador56_322@condosmart.com', 'MORADOR56_322@CONDOSMART.COM', 'morador56_322@condosmart.com', 'MORADOR56_322@CONDOSMART.COM', 1, 'AQAAAAIAAYagAAAAEEDrpQezEqI+EXHmYQG4vdJLA9oO9lZfBT/9Bd+mH1oPYhgpC5sAKTOMsOABo5w6xA==', '89A692C3-477C-4758-A1BF-2F5F558F7948', 'c5567efa-639e-40ee-801c-74173952712d', 0, 0, 1, 0, 'Ravy Vieira', 0);
INSERT IGNORE INTO AspNetUsers (Id, UserName, NormalizedUserName, Email, NormalizedEmail, EmailConfirmed, PasswordHash, SecurityStamp, ConcurrencyStamp, PhoneNumberConfirmed, TwoFactorEnabled, LockoutEnabled, AccessFailedCount, NomeCompleto, SenhaTemporaria) VALUES ('0c1ad93d-5707-4f2f-a18f-c172380848b8', 'morador57_847@condosmart.com', 'MORADOR57_847@CONDOSMART.COM', 'morador57_847@condosmart.com', 'MORADOR57_847@CONDOSMART.COM', 1, 'AQAAAAIAAYagAAAAEEDrpQezEqI+EXHmYQG4vdJLA9oO9lZfBT/9Bd+mH1oPYhgpC5sAKTOMsOABo5w6xA==', '89A692C3-477C-4758-A1BF-2F5F558F7948', 'c5567efa-639e-40ee-801c-74173952712d', 0, 0, 1, 0, 'Sra. Nina Cardoso', 0);
INSERT IGNORE INTO AspNetUsers (Id, UserName, NormalizedUserName, Email, NormalizedEmail, EmailConfirmed, PasswordHash, SecurityStamp, ConcurrencyStamp, PhoneNumberConfirmed, TwoFactorEnabled, LockoutEnabled, AccessFailedCount, NomeCompleto, SenhaTemporaria) VALUES ('7f802612-9482-4036-8e7e-aab437c9d316', 'morador58_546@condosmart.com', 'MORADOR58_546@CONDOSMART.COM', 'morador58_546@condosmart.com', 'MORADOR58_546@CONDOSMART.COM', 1, 'AQAAAAIAAYagAAAAEEDrpQezEqI+EXHmYQG4vdJLA9oO9lZfBT/9Bd+mH1oPYhgpC5sAKTOMsOABo5w6xA==', '89A692C3-477C-4758-A1BF-2F5F558F7948', 'c5567efa-639e-40ee-801c-74173952712d', 0, 0, 1, 0, 'Isadora Carvalho', 0);
INSERT IGNORE INTO AspNetUsers (Id, UserName, NormalizedUserName, Email, NormalizedEmail, EmailConfirmed, PasswordHash, SecurityStamp, ConcurrencyStamp, PhoneNumberConfirmed, TwoFactorEnabled, LockoutEnabled, AccessFailedCount, NomeCompleto, SenhaTemporaria) VALUES ('970cc5ca-58ef-4a2c-8bae-15153b3d001f', 'morador59_764@condosmart.com', 'MORADOR59_764@CONDOSMART.COM', 'morador59_764@condosmart.com', 'MORADOR59_764@CONDOSMART.COM', 1, 'AQAAAAIAAYagAAAAEEDrpQezEqI+EXHmYQG4vdJLA9oO9lZfBT/9Bd+mH1oPYhgpC5sAKTOMsOABo5w6xA==', '89A692C3-477C-4758-A1BF-2F5F558F7948', 'c5567efa-639e-40ee-801c-74173952712d', 0, 0, 1, 0, 'Maria Sophia Oliveira', 0);
INSERT IGNORE INTO AspNetUsers (Id, UserName, NormalizedUserName, Email, NormalizedEmail, EmailConfirmed, PasswordHash, SecurityStamp, ConcurrencyStamp, PhoneNumberConfirmed, TwoFactorEnabled, LockoutEnabled, AccessFailedCount, NomeCompleto, SenhaTemporaria) VALUES ('28f915e9-31da-4264-80b3-645b088735f0', 'morador60_826@condosmart.com', 'MORADOR60_826@CONDOSMART.COM', 'morador60_826@condosmart.com', 'MORADOR60_826@CONDOSMART.COM', 1, 'AQAAAAIAAYagAAAAEEDrpQezEqI+EXHmYQG4vdJLA9oO9lZfBT/9Bd+mH1oPYhgpC5sAKTOMsOABo5w6xA==', '89A692C3-477C-4758-A1BF-2F5F558F7948', 'c5567efa-639e-40ee-801c-74173952712d', 0, 0, 1, 0, 'Elisa Garcia', 0);
INSERT IGNORE INTO AspNetUsers (Id, UserName, NormalizedUserName, Email, NormalizedEmail, EmailConfirmed, PasswordHash, SecurityStamp, ConcurrencyStamp, PhoneNumberConfirmed, TwoFactorEnabled, LockoutEnabled, AccessFailedCount, NomeCompleto, SenhaTemporaria) VALUES ('f586eaec-0602-40b7-82d9-edf9622cac46', 'morador61_959@condosmart.com', 'MORADOR61_959@CONDOSMART.COM', 'morador61_959@condosmart.com', 'MORADOR61_959@CONDOSMART.COM', 1, 'AQAAAAIAAYagAAAAEEDrpQezEqI+EXHmYQG4vdJLA9oO9lZfBT/9Bd+mH1oPYhgpC5sAKTOMsOABo5w6xA==', '89A692C3-477C-4758-A1BF-2F5F558F7948', 'c5567efa-639e-40ee-801c-74173952712d', 0, 0, 1, 0, 'Vitor Oliveira', 0);
INSERT IGNORE INTO AspNetUsers (Id, UserName, NormalizedUserName, Email, NormalizedEmail, EmailConfirmed, PasswordHash, SecurityStamp, ConcurrencyStamp, PhoneNumberConfirmed, TwoFactorEnabled, LockoutEnabled, AccessFailedCount, NomeCompleto, SenhaTemporaria) VALUES ('9dfe5034-0910-4987-b078-1de27b407e58', 'morador62_948@condosmart.com', 'MORADOR62_948@CONDOSMART.COM', 'morador62_948@condosmart.com', 'MORADOR62_948@CONDOSMART.COM', 1, 'AQAAAAIAAYagAAAAEEDrpQezEqI+EXHmYQG4vdJLA9oO9lZfBT/9Bd+mH1oPYhgpC5sAKTOMsOABo5w6xA==', '89A692C3-477C-4758-A1BF-2F5F558F7948', 'c5567efa-639e-40ee-801c-74173952712d', 0, 0, 1, 0, 'Helena Freitas', 0);
INSERT IGNORE INTO AspNetUsers (Id, UserName, NormalizedUserName, Email, NormalizedEmail, EmailConfirmed, PasswordHash, SecurityStamp, ConcurrencyStamp, PhoneNumberConfirmed, TwoFactorEnabled, LockoutEnabled, AccessFailedCount, NomeCompleto, SenhaTemporaria) VALUES ('35b74c3e-f4fb-4e2b-b02c-1dcceaf694d2', 'morador63_366@condosmart.com', 'MORADOR63_366@CONDOSMART.COM', 'morador63_366@condosmart.com', 'MORADOR63_366@CONDOSMART.COM', 1, 'AQAAAAIAAYagAAAAEEDrpQezEqI+EXHmYQG4vdJLA9oO9lZfBT/9Bd+mH1oPYhgpC5sAKTOMsOABo5w6xA==', '89A692C3-477C-4758-A1BF-2F5F558F7948', 'c5567efa-639e-40ee-801c-74173952712d', 0, 0, 1, 0, 'Maria Helena Pereira', 0);
INSERT IGNORE INTO AspNetUsers (Id, UserName, NormalizedUserName, Email, NormalizedEmail, EmailConfirmed, PasswordHash, SecurityStamp, ConcurrencyStamp, PhoneNumberConfirmed, TwoFactorEnabled, LockoutEnabled, AccessFailedCount, NomeCompleto, SenhaTemporaria) VALUES ('46280878-e389-44a3-8eae-6b265220b4b2', 'morador64_347@condosmart.com', 'MORADOR64_347@CONDOSMART.COM', 'morador64_347@condosmart.com', 'MORADOR64_347@CONDOSMART.COM', 1, 'AQAAAAIAAYagAAAAEEDrpQezEqI+EXHmYQG4vdJLA9oO9lZfBT/9Bd+mH1oPYhgpC5sAKTOMsOABo5w6xA==', '89A692C3-477C-4758-A1BF-2F5F558F7948', 'c5567efa-639e-40ee-801c-74173952712d', 0, 0, 1, 0, 'Samuel Campos', 0);
INSERT IGNORE INTO AspNetUsers (Id, UserName, NormalizedUserName, Email, NormalizedEmail, EmailConfirmed, PasswordHash, SecurityStamp, ConcurrencyStamp, PhoneNumberConfirmed, TwoFactorEnabled, LockoutEnabled, AccessFailedCount, NomeCompleto, SenhaTemporaria) VALUES ('a5a783a7-6a05-4141-8ce4-586c53215303', 'morador65_344@condosmart.com', 'MORADOR65_344@CONDOSMART.COM', 'morador65_344@condosmart.com', 'MORADOR65_344@CONDOSMART.COM', 1, 'AQAAAAIAAYagAAAAEEDrpQezEqI+EXHmYQG4vdJLA9oO9lZfBT/9Bd+mH1oPYhgpC5sAKTOMsOABo5w6xA==', '89A692C3-477C-4758-A1BF-2F5F558F7948', 'c5567efa-639e-40ee-801c-74173952712d', 0, 0, 1, 0, 'Yasmin Casa Grande', 0);
INSERT IGNORE INTO AspNetUsers (Id, UserName, NormalizedUserName, Email, NormalizedEmail, EmailConfirmed, PasswordHash, SecurityStamp, ConcurrencyStamp, PhoneNumberConfirmed, TwoFactorEnabled, LockoutEnabled, AccessFailedCount, NomeCompleto, SenhaTemporaria) VALUES ('f92218f5-e836-40a4-a87c-7abe2c5c912a', 'morador66_764@condosmart.com', 'MORADOR66_764@CONDOSMART.COM', 'morador66_764@condosmart.com', 'MORADOR66_764@CONDOSMART.COM', 1, 'AQAAAAIAAYagAAAAEEDrpQezEqI+EXHmYQG4vdJLA9oO9lZfBT/9Bd+mH1oPYhgpC5sAKTOMsOABo5w6xA==', '89A692C3-477C-4758-A1BF-2F5F558F7948', 'c5567efa-639e-40ee-801c-74173952712d', 0, 0, 1, 0, 'Luiz Felipe Fernandes', 0);
INSERT IGNORE INTO AspNetUsers (Id, UserName, NormalizedUserName, Email, NormalizedEmail, EmailConfirmed, PasswordHash, SecurityStamp, ConcurrencyStamp, PhoneNumberConfirmed, TwoFactorEnabled, LockoutEnabled, AccessFailedCount, NomeCompleto, SenhaTemporaria) VALUES ('af5358f9-c9a3-4b85-ae59-d412a30fb330', 'morador67_815@condosmart.com', 'MORADOR67_815@CONDOSMART.COM', 'morador67_815@condosmart.com', 'MORADOR67_815@CONDOSMART.COM', 1, 'AQAAAAIAAYagAAAAEEDrpQezEqI+EXHmYQG4vdJLA9oO9lZfBT/9Bd+mH1oPYhgpC5sAKTOMsOABo5w6xA==', '89A692C3-477C-4758-A1BF-2F5F558F7948', 'c5567efa-639e-40ee-801c-74173952712d', 0, 0, 1, 0, 'Renan Cavalcanti', 0);
INSERT IGNORE INTO AspNetUsers (Id, UserName, NormalizedUserName, Email, NormalizedEmail, EmailConfirmed, PasswordHash, SecurityStamp, ConcurrencyStamp, PhoneNumberConfirmed, TwoFactorEnabled, LockoutEnabled, AccessFailedCount, NomeCompleto, SenhaTemporaria) VALUES ('1184a6eb-e422-4ca2-a641-84d3b2ab0f21', 'morador68_478@condosmart.com', 'MORADOR68_478@CONDOSMART.COM', 'morador68_478@condosmart.com', 'MORADOR68_478@CONDOSMART.COM', 1, 'AQAAAAIAAYagAAAAEEDrpQezEqI+EXHmYQG4vdJLA9oO9lZfBT/9Bd+mH1oPYhgpC5sAKTOMsOABo5w6xA==', '89A692C3-477C-4758-A1BF-2F5F558F7948', 'c5567efa-639e-40ee-801c-74173952712d', 0, 0, 1, 0, 'Dr. Dom Ramos', 0);
INSERT IGNORE INTO AspNetUsers (Id, UserName, NormalizedUserName, Email, NormalizedEmail, EmailConfirmed, PasswordHash, SecurityStamp, ConcurrencyStamp, PhoneNumberConfirmed, TwoFactorEnabled, LockoutEnabled, AccessFailedCount, NomeCompleto, SenhaTemporaria) VALUES ('4b69e445-9f73-4ae4-8219-a3669107ef04', 'morador69_116@condosmart.com', 'MORADOR69_116@CONDOSMART.COM', 'morador69_116@condosmart.com', 'MORADOR69_116@CONDOSMART.COM', 1, 'AQAAAAIAAYagAAAAEEDrpQezEqI+EXHmYQG4vdJLA9oO9lZfBT/9Bd+mH1oPYhgpC5sAKTOMsOABo5w6xA==', '89A692C3-477C-4758-A1BF-2F5F558F7948', 'c5567efa-639e-40ee-801c-74173952712d', 0, 0, 1, 0, 'Dr. Gustavo Henrique Barros', 0);
INSERT IGNORE INTO AspNetUsers (Id, UserName, NormalizedUserName, Email, NormalizedEmail, EmailConfirmed, PasswordHash, SecurityStamp, ConcurrencyStamp, PhoneNumberConfirmed, TwoFactorEnabled, LockoutEnabled, AccessFailedCount, NomeCompleto, SenhaTemporaria) VALUES ('f5a05aad-e3b7-41de-b2d4-51ab1221ab26', 'morador70_728@condosmart.com', 'MORADOR70_728@CONDOSMART.COM', 'morador70_728@condosmart.com', 'MORADOR70_728@CONDOSMART.COM', 1, 'AQAAAAIAAYagAAAAEEDrpQezEqI+EXHmYQG4vdJLA9oO9lZfBT/9Bd+mH1oPYhgpC5sAKTOMsOABo5w6xA==', '89A692C3-477C-4758-A1BF-2F5F558F7948', 'c5567efa-639e-40ee-801c-74173952712d', 0, 0, 1, 0, 'Lívia Araújo', 0);
INSERT IGNORE INTO AspNetUsers (Id, UserName, NormalizedUserName, Email, NormalizedEmail, EmailConfirmed, PasswordHash, SecurityStamp, ConcurrencyStamp, PhoneNumberConfirmed, TwoFactorEnabled, LockoutEnabled, AccessFailedCount, NomeCompleto, SenhaTemporaria) VALUES ('ba4d89b3-5ecd-42fc-ab42-411b0cf3dfe1', 'morador71_237@condosmart.com', 'MORADOR71_237@CONDOSMART.COM', 'morador71_237@condosmart.com', 'MORADOR71_237@CONDOSMART.COM', 1, 'AQAAAAIAAYagAAAAEEDrpQezEqI+EXHmYQG4vdJLA9oO9lZfBT/9Bd+mH1oPYhgpC5sAKTOMsOABo5w6xA==', '89A692C3-477C-4758-A1BF-2F5F558F7948', 'c5567efa-639e-40ee-801c-74173952712d', 0, 0, 1, 0, 'Valentina Cardoso', 0);
INSERT IGNORE INTO AspNetUsers (Id, UserName, NormalizedUserName, Email, NormalizedEmail, EmailConfirmed, PasswordHash, SecurityStamp, ConcurrencyStamp, PhoneNumberConfirmed, TwoFactorEnabled, LockoutEnabled, AccessFailedCount, NomeCompleto, SenhaTemporaria) VALUES ('42620d5e-14a3-44e8-834d-f33ae96fc665', 'morador72_321@condosmart.com', 'MORADOR72_321@CONDOSMART.COM', 'morador72_321@condosmart.com', 'MORADOR72_321@CONDOSMART.COM', 1, 'AQAAAAIAAYagAAAAEEDrpQezEqI+EXHmYQG4vdJLA9oO9lZfBT/9Bd+mH1oPYhgpC5sAKTOMsOABo5w6xA==', '89A692C3-477C-4758-A1BF-2F5F558F7948', 'c5567efa-639e-40ee-801c-74173952712d', 0, 0, 1, 0, 'Alana da Mata', 0);
INSERT IGNORE INTO AspNetUsers (Id, UserName, NormalizedUserName, Email, NormalizedEmail, EmailConfirmed, PasswordHash, SecurityStamp, ConcurrencyStamp, PhoneNumberConfirmed, TwoFactorEnabled, LockoutEnabled, AccessFailedCount, NomeCompleto, SenhaTemporaria) VALUES ('f9b52323-9c1d-4e41-9e50-db691560aebb', 'morador73_348@condosmart.com', 'MORADOR73_348@CONDOSMART.COM', 'morador73_348@condosmart.com', 'MORADOR73_348@CONDOSMART.COM', 1, 'AQAAAAIAAYagAAAAEEDrpQezEqI+EXHmYQG4vdJLA9oO9lZfBT/9Bd+mH1oPYhgpC5sAKTOMsOABo5w6xA==', '89A692C3-477C-4758-A1BF-2F5F558F7948', 'c5567efa-639e-40ee-801c-74173952712d', 0, 0, 1, 0, 'Isabela Rodrigues', 0);
INSERT IGNORE INTO AspNetUsers (Id, UserName, NormalizedUserName, Email, NormalizedEmail, EmailConfirmed, PasswordHash, SecurityStamp, ConcurrencyStamp, PhoneNumberConfirmed, TwoFactorEnabled, LockoutEnabled, AccessFailedCount, NomeCompleto, SenhaTemporaria) VALUES ('eb579e33-a803-4c29-b85a-de81410d769c', 'morador74_101@condosmart.com', 'MORADOR74_101@CONDOSMART.COM', 'morador74_101@condosmart.com', 'MORADOR74_101@CONDOSMART.COM', 1, 'AQAAAAIAAYagAAAAEEDrpQezEqI+EXHmYQG4vdJLA9oO9lZfBT/9Bd+mH1oPYhgpC5sAKTOMsOABo5w6xA==', '89A692C3-477C-4758-A1BF-2F5F558F7948', 'c5567efa-639e-40ee-801c-74173952712d', 0, 0, 1, 0, 'Sra. Manuella Ribeiro', 0);
INSERT IGNORE INTO AspNetUsers (Id, UserName, NormalizedUserName, Email, NormalizedEmail, EmailConfirmed, PasswordHash, SecurityStamp, ConcurrencyStamp, PhoneNumberConfirmed, TwoFactorEnabled, LockoutEnabled, AccessFailedCount, NomeCompleto, SenhaTemporaria) VALUES ('8666fd25-2318-4703-8912-c78f12271c62', 'morador75_652@condosmart.com', 'MORADOR75_652@CONDOSMART.COM', 'morador75_652@condosmart.com', 'MORADOR75_652@CONDOSMART.COM', 1, 'AQAAAAIAAYagAAAAEEDrpQezEqI+EXHmYQG4vdJLA9oO9lZfBT/9Bd+mH1oPYhgpC5sAKTOMsOABo5w6xA==', '89A692C3-477C-4758-A1BF-2F5F558F7948', 'c5567efa-639e-40ee-801c-74173952712d', 0, 0, 1, 0, 'Henrique das Neves', 0);
INSERT IGNORE INTO AspNetUsers (Id, UserName, NormalizedUserName, Email, NormalizedEmail, EmailConfirmed, PasswordHash, SecurityStamp, ConcurrencyStamp, PhoneNumberConfirmed, TwoFactorEnabled, LockoutEnabled, AccessFailedCount, NomeCompleto, SenhaTemporaria) VALUES ('ff07814a-b2cd-4abe-a1f8-ccc51d1d2e91', 'morador76_482@condosmart.com', 'MORADOR76_482@CONDOSMART.COM', 'morador76_482@condosmart.com', 'MORADOR76_482@CONDOSMART.COM', 1, 'AQAAAAIAAYagAAAAEEDrpQezEqI+EXHmYQG4vdJLA9oO9lZfBT/9Bd+mH1oPYhgpC5sAKTOMsOABo5w6xA==', '89A692C3-477C-4758-A1BF-2F5F558F7948', 'c5567efa-639e-40ee-801c-74173952712d', 0, 0, 1, 0, 'Dr. Caleb Mendonça', 0);
INSERT IGNORE INTO AspNetUsers (Id, UserName, NormalizedUserName, Email, NormalizedEmail, EmailConfirmed, PasswordHash, SecurityStamp, ConcurrencyStamp, PhoneNumberConfirmed, TwoFactorEnabled, LockoutEnabled, AccessFailedCount, NomeCompleto, SenhaTemporaria) VALUES ('b79d69a9-8b13-44ec-8866-c8f2f52f36b1', 'morador77_608@condosmart.com', 'MORADOR77_608@CONDOSMART.COM', 'morador77_608@condosmart.com', 'MORADOR77_608@CONDOSMART.COM', 1, 'AQAAAAIAAYagAAAAEEDrpQezEqI+EXHmYQG4vdJLA9oO9lZfBT/9Bd+mH1oPYhgpC5sAKTOMsOABo5w6xA==', '89A692C3-477C-4758-A1BF-2F5F558F7948', 'c5567efa-639e-40ee-801c-74173952712d', 0, 0, 1, 0, 'Diogo Fonseca', 0);
INSERT IGNORE INTO AspNetUsers (Id, UserName, NormalizedUserName, Email, NormalizedEmail, EmailConfirmed, PasswordHash, SecurityStamp, ConcurrencyStamp, PhoneNumberConfirmed, TwoFactorEnabled, LockoutEnabled, AccessFailedCount, NomeCompleto, SenhaTemporaria) VALUES ('963a62eb-9561-4ce7-9c82-0a8092d14839', 'morador78_648@condosmart.com', 'MORADOR78_648@CONDOSMART.COM', 'morador78_648@condosmart.com', 'MORADOR78_648@CONDOSMART.COM', 1, 'AQAAAAIAAYagAAAAEEDrpQezEqI+EXHmYQG4vdJLA9oO9lZfBT/9Bd+mH1oPYhgpC5sAKTOMsOABo5w6xA==', '89A692C3-477C-4758-A1BF-2F5F558F7948', 'c5567efa-639e-40ee-801c-74173952712d', 0, 0, 1, 0, 'Júlia da Costa', 0);
INSERT IGNORE INTO AspNetUsers (Id, UserName, NormalizedUserName, Email, NormalizedEmail, EmailConfirmed, PasswordHash, SecurityStamp, ConcurrencyStamp, PhoneNumberConfirmed, TwoFactorEnabled, LockoutEnabled, AccessFailedCount, NomeCompleto, SenhaTemporaria) VALUES ('34419ab7-d004-434f-bc2a-e829c79c25f9', 'morador79_375@condosmart.com', 'MORADOR79_375@CONDOSMART.COM', 'morador79_375@condosmart.com', 'MORADOR79_375@CONDOSMART.COM', 1, 'AQAAAAIAAYagAAAAEEDrpQezEqI+EXHmYQG4vdJLA9oO9lZfBT/9Bd+mH1oPYhgpC5sAKTOMsOABo5w6xA==', '89A692C3-477C-4758-A1BF-2F5F558F7948', 'c5567efa-639e-40ee-801c-74173952712d', 0, 0, 1, 0, 'Jade Cavalcante', 0);
INSERT IGNORE INTO AspNetUsers (Id, UserName, NormalizedUserName, Email, NormalizedEmail, EmailConfirmed, PasswordHash, SecurityStamp, ConcurrencyStamp, PhoneNumberConfirmed, TwoFactorEnabled, LockoutEnabled, AccessFailedCount, NomeCompleto, SenhaTemporaria) VALUES ('8d018a0f-73ec-4a70-8023-3dc35a8718ec', 'morador80_506@condosmart.com', 'MORADOR80_506@CONDOSMART.COM', 'morador80_506@condosmart.com', 'MORADOR80_506@CONDOSMART.COM', 1, 'AQAAAAIAAYagAAAAEEDrpQezEqI+EXHmYQG4vdJLA9oO9lZfBT/9Bd+mH1oPYhgpC5sAKTOMsOABo5w6xA==', '89A692C3-477C-4758-A1BF-2F5F558F7948', 'c5567efa-639e-40ee-801c-74173952712d', 0, 0, 1, 0, 'Bianca Novaes', 0);
INSERT IGNORE INTO AspNetUsers (Id, UserName, NormalizedUserName, Email, NormalizedEmail, EmailConfirmed, PasswordHash, SecurityStamp, ConcurrencyStamp, PhoneNumberConfirmed, TwoFactorEnabled, LockoutEnabled, AccessFailedCount, NomeCompleto, SenhaTemporaria) VALUES ('a28e6757-570d-46f2-979a-d524c189276e', 'morador81_695@condosmart.com', 'MORADOR81_695@CONDOSMART.COM', 'morador81_695@condosmart.com', 'MORADOR81_695@CONDOSMART.COM', 1, 'AQAAAAIAAYagAAAAEEDrpQezEqI+EXHmYQG4vdJLA9oO9lZfBT/9Bd+mH1oPYhgpC5sAKTOMsOABo5w6xA==', '89A692C3-477C-4758-A1BF-2F5F558F7948', 'c5567efa-639e-40ee-801c-74173952712d', 0, 0, 1, 0, 'Maria Laura Martins', 0);
INSERT IGNORE INTO AspNetUsers (Id, UserName, NormalizedUserName, Email, NormalizedEmail, EmailConfirmed, PasswordHash, SecurityStamp, ConcurrencyStamp, PhoneNumberConfirmed, TwoFactorEnabled, LockoutEnabled, AccessFailedCount, NomeCompleto, SenhaTemporaria) VALUES ('3db0757d-4e67-4eab-9c12-fc5529c293a8', 'morador82_755@condosmart.com', 'MORADOR82_755@CONDOSMART.COM', 'morador82_755@condosmart.com', 'MORADOR82_755@CONDOSMART.COM', 1, 'AQAAAAIAAYagAAAAEEDrpQezEqI+EXHmYQG4vdJLA9oO9lZfBT/9Bd+mH1oPYhgpC5sAKTOMsOABo5w6xA==', '89A692C3-477C-4758-A1BF-2F5F558F7948', 'c5567efa-639e-40ee-801c-74173952712d', 0, 0, 1, 0, 'Maria Júlia Araújo', 0);
INSERT IGNORE INTO AspNetUsers (Id, UserName, NormalizedUserName, Email, NormalizedEmail, EmailConfirmed, PasswordHash, SecurityStamp, ConcurrencyStamp, PhoneNumberConfirmed, TwoFactorEnabled, LockoutEnabled, AccessFailedCount, NomeCompleto, SenhaTemporaria) VALUES ('3d48aa98-15f1-4683-8b95-9ca15445ecff', 'morador83_552@condosmart.com', 'MORADOR83_552@CONDOSMART.COM', 'morador83_552@condosmart.com', 'MORADOR83_552@CONDOSMART.COM', 1, 'AQAAAAIAAYagAAAAEEDrpQezEqI+EXHmYQG4vdJLA9oO9lZfBT/9Bd+mH1oPYhgpC5sAKTOMsOABo5w6xA==', '89A692C3-477C-4758-A1BF-2F5F558F7948', 'c5567efa-639e-40ee-801c-74173952712d', 0, 0, 1, 0, 'Sr. Vicente Novaes', 0);
INSERT IGNORE INTO AspNetUsers (Id, UserName, NormalizedUserName, Email, NormalizedEmail, EmailConfirmed, PasswordHash, SecurityStamp, ConcurrencyStamp, PhoneNumberConfirmed, TwoFactorEnabled, LockoutEnabled, AccessFailedCount, NomeCompleto, SenhaTemporaria) VALUES ('c0acabe2-ceda-4893-9447-a70243676cd6', 'morador84_775@condosmart.com', 'MORADOR84_775@CONDOSMART.COM', 'morador84_775@condosmart.com', 'MORADOR84_775@CONDOSMART.COM', 1, 'AQAAAAIAAYagAAAAEEDrpQezEqI+EXHmYQG4vdJLA9oO9lZfBT/9Bd+mH1oPYhgpC5sAKTOMsOABo5w6xA==', '89A692C3-477C-4758-A1BF-2F5F558F7948', 'c5567efa-639e-40ee-801c-74173952712d', 0, 0, 1, 0, 'Rebeca Casa Grande', 0);
INSERT IGNORE INTO AspNetUsers (Id, UserName, NormalizedUserName, Email, NormalizedEmail, EmailConfirmed, PasswordHash, SecurityStamp, ConcurrencyStamp, PhoneNumberConfirmed, TwoFactorEnabled, LockoutEnabled, AccessFailedCount, NomeCompleto, SenhaTemporaria) VALUES ('3ea5dbee-8e24-4f84-9799-e6bcef9802d1', 'morador85_894@condosmart.com', 'MORADOR85_894@CONDOSMART.COM', 'morador85_894@condosmart.com', 'MORADOR85_894@CONDOSMART.COM', 1, 'AQAAAAIAAYagAAAAEEDrpQezEqI+EXHmYQG4vdJLA9oO9lZfBT/9Bd+mH1oPYhgpC5sAKTOMsOABo5w6xA==', '89A692C3-477C-4758-A1BF-2F5F558F7948', 'c5567efa-639e-40ee-801c-74173952712d', 0, 0, 1, 0, 'Lucca Dias', 0);
INSERT IGNORE INTO AspNetUsers (Id, UserName, NormalizedUserName, Email, NormalizedEmail, EmailConfirmed, PasswordHash, SecurityStamp, ConcurrencyStamp, PhoneNumberConfirmed, TwoFactorEnabled, LockoutEnabled, AccessFailedCount, NomeCompleto, SenhaTemporaria) VALUES ('4270cc37-67db-48b3-b038-c3a25abc4c43', 'morador86_445@condosmart.com', 'MORADOR86_445@CONDOSMART.COM', 'morador86_445@condosmart.com', 'MORADOR86_445@CONDOSMART.COM', 1, 'AQAAAAIAAYagAAAAEEDrpQezEqI+EXHmYQG4vdJLA9oO9lZfBT/9Bd+mH1oPYhgpC5sAKTOMsOABo5w6xA==', '89A692C3-477C-4758-A1BF-2F5F558F7948', 'c5567efa-639e-40ee-801c-74173952712d', 0, 0, 1, 0, 'Dr. Henry Gabriel da Luz', 0);
INSERT IGNORE INTO AspNetUsers (Id, UserName, NormalizedUserName, Email, NormalizedEmail, EmailConfirmed, PasswordHash, SecurityStamp, ConcurrencyStamp, PhoneNumberConfirmed, TwoFactorEnabled, LockoutEnabled, AccessFailedCount, NomeCompleto, SenhaTemporaria) VALUES ('580179f5-0181-4c57-a0e2-ba2fd0a73fa3', 'morador87_208@condosmart.com', 'MORADOR87_208@CONDOSMART.COM', 'morador87_208@condosmart.com', 'MORADOR87_208@CONDOSMART.COM', 1, 'AQAAAAIAAYagAAAAEEDrpQezEqI+EXHmYQG4vdJLA9oO9lZfBT/9Bd+mH1oPYhgpC5sAKTOMsOABo5w6xA==', '89A692C3-477C-4758-A1BF-2F5F558F7948', 'c5567efa-639e-40ee-801c-74173952712d', 0, 0, 1, 0, 'Pedro Lucas Dias', 0);
INSERT IGNORE INTO AspNetUsers (Id, UserName, NormalizedUserName, Email, NormalizedEmail, EmailConfirmed, PasswordHash, SecurityStamp, ConcurrencyStamp, PhoneNumberConfirmed, TwoFactorEnabled, LockoutEnabled, AccessFailedCount, NomeCompleto, SenhaTemporaria) VALUES ('cbb558dc-b7c6-41cf-92f1-a25d0295a37a', 'morador88_319@condosmart.com', 'MORADOR88_319@CONDOSMART.COM', 'morador88_319@condosmart.com', 'MORADOR88_319@CONDOSMART.COM', 1, 'AQAAAAIAAYagAAAAEEDrpQezEqI+EXHmYQG4vdJLA9oO9lZfBT/9Bd+mH1oPYhgpC5sAKTOMsOABo5w6xA==', '89A692C3-477C-4758-A1BF-2F5F558F7948', 'c5567efa-639e-40ee-801c-74173952712d', 0, 0, 1, 0, 'Alexia Moreira', 0);
INSERT IGNORE INTO AspNetUsers (Id, UserName, NormalizedUserName, Email, NormalizedEmail, EmailConfirmed, PasswordHash, SecurityStamp, ConcurrencyStamp, PhoneNumberConfirmed, TwoFactorEnabled, LockoutEnabled, AccessFailedCount, NomeCompleto, SenhaTemporaria) VALUES ('d7a21014-a9ce-4145-a263-6409dab9b670', 'morador89_182@condosmart.com', 'MORADOR89_182@CONDOSMART.COM', 'morador89_182@condosmart.com', 'MORADOR89_182@CONDOSMART.COM', 1, 'AQAAAAIAAYagAAAAEEDrpQezEqI+EXHmYQG4vdJLA9oO9lZfBT/9Bd+mH1oPYhgpC5sAKTOMsOABo5w6xA==', '89A692C3-477C-4758-A1BF-2F5F558F7948', 'c5567efa-639e-40ee-801c-74173952712d', 0, 0, 1, 0, 'Maria Sophia Nunes', 0);
INSERT IGNORE INTO AspNetUsers (Id, UserName, NormalizedUserName, Email, NormalizedEmail, EmailConfirmed, PasswordHash, SecurityStamp, ConcurrencyStamp, PhoneNumberConfirmed, TwoFactorEnabled, LockoutEnabled, AccessFailedCount, NomeCompleto, SenhaTemporaria) VALUES ('5701bc92-6445-4dd5-9f46-5df6dd9c8da7', 'porteiro0_330@condosmart.com', 'PORTEIRO0_330@CONDOSMART.COM', 'porteiro0_330@condosmart.com', 'PORTEIRO0_330@CONDOSMART.COM', 1, 'AQAAAAIAAYagAAAAEEDrpQezEqI+EXHmYQG4vdJLA9oO9lZfBT/9Bd+mH1oPYhgpC5sAKTOMsOABo5w6xA==', '89A692C3-477C-4758-A1BF-2F5F558F7948', 'c5567efa-639e-40ee-801c-74173952712d', 0, 0, 1, 0, 'Théo Moura', 0);
INSERT IGNORE INTO AspNetUsers (Id, UserName, NormalizedUserName, Email, NormalizedEmail, EmailConfirmed, PasswordHash, SecurityStamp, ConcurrencyStamp, PhoneNumberConfirmed, TwoFactorEnabled, LockoutEnabled, AccessFailedCount, NomeCompleto, SenhaTemporaria) VALUES ('2e3c1048-9150-4792-9020-717f5005380c', 'porteiro1_392@condosmart.com', 'PORTEIRO1_392@CONDOSMART.COM', 'porteiro1_392@condosmart.com', 'PORTEIRO1_392@CONDOSMART.COM', 1, 'AQAAAAIAAYagAAAAEEDrpQezEqI+EXHmYQG4vdJLA9oO9lZfBT/9Bd+mH1oPYhgpC5sAKTOMsOABo5w6xA==', '89A692C3-477C-4758-A1BF-2F5F558F7948', 'c5567efa-639e-40ee-801c-74173952712d', 0, 0, 1, 0, 'Mirella da Costa', 0);
INSERT IGNORE INTO AspNetUsers (Id, UserName, NormalizedUserName, Email, NormalizedEmail, EmailConfirmed, PasswordHash, SecurityStamp, ConcurrencyStamp, PhoneNumberConfirmed, TwoFactorEnabled, LockoutEnabled, AccessFailedCount, NomeCompleto, SenhaTemporaria) VALUES ('970b2dcc-357c-44be-98e5-027291f3bec3', 'porteiro2_604@condosmart.com', 'PORTEIRO2_604@CONDOSMART.COM', 'porteiro2_604@condosmart.com', 'PORTEIRO2_604@CONDOSMART.COM', 1, 'AQAAAAIAAYagAAAAEEDrpQezEqI+EXHmYQG4vdJLA9oO9lZfBT/9Bd+mH1oPYhgpC5sAKTOMsOABo5w6xA==', '89A692C3-477C-4758-A1BF-2F5F558F7948', 'c5567efa-639e-40ee-801c-74173952712d', 0, 0, 1, 0, 'Danilo Rocha', 0);
INSERT IGNORE INTO AspNetUsers (Id, UserName, NormalizedUserName, Email, NormalizedEmail, EmailConfirmed, PasswordHash, SecurityStamp, ConcurrencyStamp, PhoneNumberConfirmed, TwoFactorEnabled, LockoutEnabled, AccessFailedCount, NomeCompleto, SenhaTemporaria) VALUES ('23f54851-c685-414a-a721-513950d89adc', 'porteiro3_964@condosmart.com', 'PORTEIRO3_964@CONDOSMART.COM', 'porteiro3_964@condosmart.com', 'PORTEIRO3_964@CONDOSMART.COM', 1, 'AQAAAAIAAYagAAAAEEDrpQezEqI+EXHmYQG4vdJLA9oO9lZfBT/9Bd+mH1oPYhgpC5sAKTOMsOABo5w6xA==', '89A692C3-477C-4758-A1BF-2F5F558F7948', 'c5567efa-639e-40ee-801c-74173952712d', 0, 0, 1, 0, 'Kamilly Porto', 0);
INSERT IGNORE INTO AspNetUsers (Id, UserName, NormalizedUserName, Email, NormalizedEmail, EmailConfirmed, PasswordHash, SecurityStamp, ConcurrencyStamp, PhoneNumberConfirmed, TwoFactorEnabled, LockoutEnabled, AccessFailedCount, NomeCompleto, SenhaTemporaria) VALUES ('27b2f234-d37d-440e-a992-d2a6d8c37c4a', 'porteiro4_910@condosmart.com', 'PORTEIRO4_910@CONDOSMART.COM', 'porteiro4_910@condosmart.com', 'PORTEIRO4_910@CONDOSMART.COM', 1, 'AQAAAAIAAYagAAAAEEDrpQezEqI+EXHmYQG4vdJLA9oO9lZfBT/9Bd+mH1oPYhgpC5sAKTOMsOABo5w6xA==', '89A692C3-477C-4758-A1BF-2F5F558F7948', 'c5567efa-639e-40ee-801c-74173952712d', 0, 0, 1, 0, 'Hadassa Cirino', 0);
INSERT IGNORE INTO AspNetUsers (Id, UserName, NormalizedUserName, Email, NormalizedEmail, EmailConfirmed, PasswordHash, SecurityStamp, ConcurrencyStamp, PhoneNumberConfirmed, TwoFactorEnabled, LockoutEnabled, AccessFailedCount, NomeCompleto, SenhaTemporaria) VALUES ('47a3d343-0519-4b25-a043-fe58fcc28248', 'porteiro5_218@condosmart.com', 'PORTEIRO5_218@CONDOSMART.COM', 'porteiro5_218@condosmart.com', 'PORTEIRO5_218@CONDOSMART.COM', 1, 'AQAAAAIAAYagAAAAEEDrpQezEqI+EXHmYQG4vdJLA9oO9lZfBT/9Bd+mH1oPYhgpC5sAKTOMsOABo5w6xA==', '89A692C3-477C-4758-A1BF-2F5F558F7948', 'c5567efa-639e-40ee-801c-74173952712d', 0, 0, 1, 0, 'Davi Lucca Duarte', 0);
INSERT IGNORE INTO AspNetUserRoles (UserId, RoleId) SELECT '936e8032-542d-4431-9ad4-9f104687f732', Id FROM AspNetRoles WHERE NormalizedName = 'ADMIN';
INSERT IGNORE INTO AspNetUserRoles (UserId, RoleId) SELECT '668b4a02-0a90-44bc-822f-ab7d7957e32b', Id FROM AspNetRoles WHERE NormalizedName = 'ADMIN';
INSERT IGNORE INTO AspNetUserRoles (UserId, RoleId) SELECT '345d0d6e-930e-4a73-b173-ca1ebce16d3f', Id FROM AspNetRoles WHERE NormalizedName = 'ADMIN';
INSERT IGNORE INTO AspNetUserRoles (UserId, RoleId) SELECT 'd06e8eda-b03c-458a-ac51-bc566cc252ff', Id FROM AspNetRoles WHERE NormalizedName = 'MORADOR';
INSERT IGNORE INTO AspNetUserRoles (UserId, RoleId) SELECT '874955ed-6a7a-4046-a008-9ef77ee9be65', Id FROM AspNetRoles WHERE NormalizedName = 'MORADOR';
INSERT IGNORE INTO AspNetUserRoles (UserId, RoleId) SELECT 'd281d4f5-bb7b-464d-b402-f49b71b8d981', Id FROM AspNetRoles WHERE NormalizedName = 'MORADOR';
INSERT IGNORE INTO AspNetUserRoles (UserId, RoleId) SELECT '6c722bce-e06a-43b1-aed2-01f39cc40586', Id FROM AspNetRoles WHERE NormalizedName = 'MORADOR';
INSERT IGNORE INTO AspNetUserRoles (UserId, RoleId) SELECT '34e56216-caa9-43c1-bca1-203fa3b7c73a', Id FROM AspNetRoles WHERE NormalizedName = 'MORADOR';
INSERT IGNORE INTO AspNetUserRoles (UserId, RoleId) SELECT '1c886420-d7a6-42d2-a11a-6b07cc9c69db', Id FROM AspNetRoles WHERE NormalizedName = 'MORADOR';
INSERT IGNORE INTO AspNetUserRoles (UserId, RoleId) SELECT 'f027b4e5-a196-44d2-af06-d4f31eb46bbd', Id FROM AspNetRoles WHERE NormalizedName = 'MORADOR';
INSERT IGNORE INTO AspNetUserRoles (UserId, RoleId) SELECT 'be7d309c-a755-40fd-91a1-61c21519f250', Id FROM AspNetRoles WHERE NormalizedName = 'MORADOR';
INSERT IGNORE INTO AspNetUserRoles (UserId, RoleId) SELECT '5279c607-2204-4955-964d-74670fa56be4', Id FROM AspNetRoles WHERE NormalizedName = 'MORADOR';
INSERT IGNORE INTO AspNetUserRoles (UserId, RoleId) SELECT 'e874aa8b-0fe1-4e99-8d05-e4637241a83e', Id FROM AspNetRoles WHERE NormalizedName = 'MORADOR';
INSERT IGNORE INTO AspNetUserRoles (UserId, RoleId) SELECT 'a7cbbe15-b997-4e84-b2a7-d2dcc8526d1e', Id FROM AspNetRoles WHERE NormalizedName = 'MORADOR';
INSERT IGNORE INTO AspNetUserRoles (UserId, RoleId) SELECT '3037f0cb-0378-430f-914e-9b3df11d0a36', Id FROM AspNetRoles WHERE NormalizedName = 'MORADOR';
INSERT IGNORE INTO AspNetUserRoles (UserId, RoleId) SELECT 'c16124db-d9e0-4cbc-a7f0-d9f285297dd8', Id FROM AspNetRoles WHERE NormalizedName = 'MORADOR';
INSERT IGNORE INTO AspNetUserRoles (UserId, RoleId) SELECT '3dd571c7-b113-4a8a-9790-c2a59ba309e5', Id FROM AspNetRoles WHERE NormalizedName = 'MORADOR';
INSERT IGNORE INTO AspNetUserRoles (UserId, RoleId) SELECT '53a76934-16e6-4853-b238-4a7130ebdd92', Id FROM AspNetRoles WHERE NormalizedName = 'MORADOR';
INSERT IGNORE INTO AspNetUserRoles (UserId, RoleId) SELECT '59472bac-11ac-4926-ad65-62b9f71edb74', Id FROM AspNetRoles WHERE NormalizedName = 'MORADOR';
INSERT IGNORE INTO AspNetUserRoles (UserId, RoleId) SELECT 'd79f2a93-4e4b-4b2f-8338-dba0fd36befa', Id FROM AspNetRoles WHERE NormalizedName = 'MORADOR';
INSERT IGNORE INTO AspNetUserRoles (UserId, RoleId) SELECT 'd3d9a18a-3226-46da-92dc-9cf1fde0a1ab', Id FROM AspNetRoles WHERE NormalizedName = 'MORADOR';
INSERT IGNORE INTO AspNetUserRoles (UserId, RoleId) SELECT 'd75bd659-5720-4fb8-a188-b8932b9f3d0d', Id FROM AspNetRoles WHERE NormalizedName = 'MORADOR';
INSERT IGNORE INTO AspNetUserRoles (UserId, RoleId) SELECT '0d9bfc52-0a13-4cda-9cf2-bb4b2007732d', Id FROM AspNetRoles WHERE NormalizedName = 'MORADOR';
INSERT IGNORE INTO AspNetUserRoles (UserId, RoleId) SELECT '6b8a6aa3-bdb3-43fa-af9e-2c6cef45ffd2', Id FROM AspNetRoles WHERE NormalizedName = 'MORADOR';
INSERT IGNORE INTO AspNetUserRoles (UserId, RoleId) SELECT 'ae3dc243-0e3c-4611-8a25-24229c5131ef', Id FROM AspNetRoles WHERE NormalizedName = 'MORADOR';
INSERT IGNORE INTO AspNetUserRoles (UserId, RoleId) SELECT 'db7a56a7-15e4-4ab9-b49b-243e22f0e6f4', Id FROM AspNetRoles WHERE NormalizedName = 'MORADOR';
INSERT IGNORE INTO AspNetUserRoles (UserId, RoleId) SELECT '56c821c1-482c-4567-91dc-23a24c45d80d', Id FROM AspNetRoles WHERE NormalizedName = 'MORADOR';
INSERT IGNORE INTO AspNetUserRoles (UserId, RoleId) SELECT 'bffcace7-7191-45cb-8242-823616ce447b', Id FROM AspNetRoles WHERE NormalizedName = 'MORADOR';
INSERT IGNORE INTO AspNetUserRoles (UserId, RoleId) SELECT 'cb0cfc78-4177-474b-9f6b-55ca97770525', Id FROM AspNetRoles WHERE NormalizedName = 'MORADOR';
INSERT IGNORE INTO AspNetUserRoles (UserId, RoleId) SELECT '6080774c-d811-45d6-8c19-90cceba3db72', Id FROM AspNetRoles WHERE NormalizedName = 'MORADOR';
INSERT IGNORE INTO AspNetUserRoles (UserId, RoleId) SELECT '603cd3fb-cdf0-4357-8ad0-d194b67c841e', Id FROM AspNetRoles WHERE NormalizedName = 'MORADOR';
INSERT IGNORE INTO AspNetUserRoles (UserId, RoleId) SELECT 'cb7634c6-21f8-420a-8c55-80bbfa7d76a2', Id FROM AspNetRoles WHERE NormalizedName = 'MORADOR';
INSERT IGNORE INTO AspNetUserRoles (UserId, RoleId) SELECT '04bc1375-7467-4405-a988-38fe5e8f79ba', Id FROM AspNetRoles WHERE NormalizedName = 'MORADOR';
INSERT IGNORE INTO AspNetUserRoles (UserId, RoleId) SELECT 'ccb471af-7698-4841-b24a-941ad0b0e8d2', Id FROM AspNetRoles WHERE NormalizedName = 'MORADOR';
INSERT IGNORE INTO AspNetUserRoles (UserId, RoleId) SELECT '2159960b-ab16-4da3-b8bb-3b62aa46d573', Id FROM AspNetRoles WHERE NormalizedName = 'MORADOR';
INSERT IGNORE INTO AspNetUserRoles (UserId, RoleId) SELECT 'fefa020d-8582-417d-801c-965929e2888b', Id FROM AspNetRoles WHERE NormalizedName = 'MORADOR';
INSERT IGNORE INTO AspNetUserRoles (UserId, RoleId) SELECT '93d0fed3-c202-4bb4-a723-e8dde6ac9618', Id FROM AspNetRoles WHERE NormalizedName = 'MORADOR';
INSERT IGNORE INTO AspNetUserRoles (UserId, RoleId) SELECT '819fe17a-bf09-4680-b520-ddcf93ff0887', Id FROM AspNetRoles WHERE NormalizedName = 'MORADOR';
INSERT IGNORE INTO AspNetUserRoles (UserId, RoleId) SELECT 'e31d2a14-3002-4f2a-a0d5-7e97a87b623a', Id FROM AspNetRoles WHERE NormalizedName = 'MORADOR';
INSERT IGNORE INTO AspNetUserRoles (UserId, RoleId) SELECT '3fda9c45-f4db-47bf-b805-754c4f14504f', Id FROM AspNetRoles WHERE NormalizedName = 'MORADOR';
INSERT IGNORE INTO AspNetUserRoles (UserId, RoleId) SELECT '05eca6cc-b3d7-4db5-9454-5a875396a8b4', Id FROM AspNetRoles WHERE NormalizedName = 'MORADOR';
INSERT IGNORE INTO AspNetUserRoles (UserId, RoleId) SELECT '0582629f-c9f2-4519-9683-f87ac94a9041', Id FROM AspNetRoles WHERE NormalizedName = 'MORADOR';
INSERT IGNORE INTO AspNetUserRoles (UserId, RoleId) SELECT 'a6e0e3f1-773d-46fe-8f09-e3a8e59c07b7', Id FROM AspNetRoles WHERE NormalizedName = 'MORADOR';
INSERT IGNORE INTO AspNetUserRoles (UserId, RoleId) SELECT '494c6cf7-cdd9-4cd2-aae6-2b9785408be9', Id FROM AspNetRoles WHERE NormalizedName = 'MORADOR';
INSERT IGNORE INTO AspNetUserRoles (UserId, RoleId) SELECT 'ae56754d-7967-4995-bdb6-a14ccacbd98c', Id FROM AspNetRoles WHERE NormalizedName = 'MORADOR';
INSERT IGNORE INTO AspNetUserRoles (UserId, RoleId) SELECT '3b803c0b-1ad9-46e9-98b1-88554eb4a60a', Id FROM AspNetRoles WHERE NormalizedName = 'MORADOR';
INSERT IGNORE INTO AspNetUserRoles (UserId, RoleId) SELECT '794010ec-23eb-47f2-95ac-c1be940d8a7f', Id FROM AspNetRoles WHERE NormalizedName = 'MORADOR';
INSERT IGNORE INTO AspNetUserRoles (UserId, RoleId) SELECT '2f8e0746-38ff-4144-a0a7-47af90b9bc74', Id FROM AspNetRoles WHERE NormalizedName = 'MORADOR';
INSERT IGNORE INTO AspNetUserRoles (UserId, RoleId) SELECT '25419a5e-8359-4869-8868-42ca78ddd0c9', Id FROM AspNetRoles WHERE NormalizedName = 'MORADOR';
INSERT IGNORE INTO AspNetUserRoles (UserId, RoleId) SELECT '7359a5a1-d138-43e5-9cc5-f00ce70929b6', Id FROM AspNetRoles WHERE NormalizedName = 'MORADOR';
INSERT IGNORE INTO AspNetUserRoles (UserId, RoleId) SELECT '9522331e-38cc-4b73-ac76-23e132ba5ee7', Id FROM AspNetRoles WHERE NormalizedName = 'MORADOR';
INSERT IGNORE INTO AspNetUserRoles (UserId, RoleId) SELECT 'dbe9b887-a10c-40d2-af7b-bc212ce67c14', Id FROM AspNetRoles WHERE NormalizedName = 'MORADOR';
INSERT IGNORE INTO AspNetUserRoles (UserId, RoleId) SELECT 'ca691512-fa09-4297-827c-dc6c2ff6dc2b', Id FROM AspNetRoles WHERE NormalizedName = 'MORADOR';
INSERT IGNORE INTO AspNetUserRoles (UserId, RoleId) SELECT '4e6d551c-4068-448a-87cf-2b08a5cb2012', Id FROM AspNetRoles WHERE NormalizedName = 'MORADOR';
INSERT IGNORE INTO AspNetUserRoles (UserId, RoleId) SELECT 'b2d18b37-5a54-4c67-a644-51fa124244e1', Id FROM AspNetRoles WHERE NormalizedName = 'MORADOR';
INSERT IGNORE INTO AspNetUserRoles (UserId, RoleId) SELECT 'b063ce9b-5e26-4267-94be-89c017d302a5', Id FROM AspNetRoles WHERE NormalizedName = 'MORADOR';
INSERT IGNORE INTO AspNetUserRoles (UserId, RoleId) SELECT '139daf2f-3b46-4708-ae41-cf82dcdeb477', Id FROM AspNetRoles WHERE NormalizedName = 'MORADOR';
INSERT IGNORE INTO AspNetUserRoles (UserId, RoleId) SELECT 'bd042e56-30ab-4491-90cb-7c3f551cef0e', Id FROM AspNetRoles WHERE NormalizedName = 'MORADOR';
INSERT IGNORE INTO AspNetUserRoles (UserId, RoleId) SELECT '5c6673b1-381d-410a-967d-6703822dc5e3', Id FROM AspNetRoles WHERE NormalizedName = 'MORADOR';
INSERT IGNORE INTO AspNetUserRoles (UserId, RoleId) SELECT '39b98c2d-293f-4325-9a16-9b721eb66f9f', Id FROM AspNetRoles WHERE NormalizedName = 'MORADOR';
INSERT IGNORE INTO AspNetUserRoles (UserId, RoleId) SELECT '0c1ad93d-5707-4f2f-a18f-c172380848b8', Id FROM AspNetRoles WHERE NormalizedName = 'MORADOR';
INSERT IGNORE INTO AspNetUserRoles (UserId, RoleId) SELECT '7f802612-9482-4036-8e7e-aab437c9d316', Id FROM AspNetRoles WHERE NormalizedName = 'MORADOR';
INSERT IGNORE INTO AspNetUserRoles (UserId, RoleId) SELECT '970cc5ca-58ef-4a2c-8bae-15153b3d001f', Id FROM AspNetRoles WHERE NormalizedName = 'MORADOR';
INSERT IGNORE INTO AspNetUserRoles (UserId, RoleId) SELECT '28f915e9-31da-4264-80b3-645b088735f0', Id FROM AspNetRoles WHERE NormalizedName = 'MORADOR';
INSERT IGNORE INTO AspNetUserRoles (UserId, RoleId) SELECT 'f586eaec-0602-40b7-82d9-edf9622cac46', Id FROM AspNetRoles WHERE NormalizedName = 'MORADOR';
INSERT IGNORE INTO AspNetUserRoles (UserId, RoleId) SELECT '9dfe5034-0910-4987-b078-1de27b407e58', Id FROM AspNetRoles WHERE NormalizedName = 'MORADOR';
INSERT IGNORE INTO AspNetUserRoles (UserId, RoleId) SELECT '35b74c3e-f4fb-4e2b-b02c-1dcceaf694d2', Id FROM AspNetRoles WHERE NormalizedName = 'MORADOR';
INSERT IGNORE INTO AspNetUserRoles (UserId, RoleId) SELECT '46280878-e389-44a3-8eae-6b265220b4b2', Id FROM AspNetRoles WHERE NormalizedName = 'MORADOR';
INSERT IGNORE INTO AspNetUserRoles (UserId, RoleId) SELECT 'a5a783a7-6a05-4141-8ce4-586c53215303', Id FROM AspNetRoles WHERE NormalizedName = 'MORADOR';
INSERT IGNORE INTO AspNetUserRoles (UserId, RoleId) SELECT 'f92218f5-e836-40a4-a87c-7abe2c5c912a', Id FROM AspNetRoles WHERE NormalizedName = 'MORADOR';
INSERT IGNORE INTO AspNetUserRoles (UserId, RoleId) SELECT 'af5358f9-c9a3-4b85-ae59-d412a30fb330', Id FROM AspNetRoles WHERE NormalizedName = 'MORADOR';
INSERT IGNORE INTO AspNetUserRoles (UserId, RoleId) SELECT '1184a6eb-e422-4ca2-a641-84d3b2ab0f21', Id FROM AspNetRoles WHERE NormalizedName = 'MORADOR';
INSERT IGNORE INTO AspNetUserRoles (UserId, RoleId) SELECT '4b69e445-9f73-4ae4-8219-a3669107ef04', Id FROM AspNetRoles WHERE NormalizedName = 'MORADOR';
INSERT IGNORE INTO AspNetUserRoles (UserId, RoleId) SELECT 'f5a05aad-e3b7-41de-b2d4-51ab1221ab26', Id FROM AspNetRoles WHERE NormalizedName = 'MORADOR';
INSERT IGNORE INTO AspNetUserRoles (UserId, RoleId) SELECT 'ba4d89b3-5ecd-42fc-ab42-411b0cf3dfe1', Id FROM AspNetRoles WHERE NormalizedName = 'MORADOR';
INSERT IGNORE INTO AspNetUserRoles (UserId, RoleId) SELECT '42620d5e-14a3-44e8-834d-f33ae96fc665', Id FROM AspNetRoles WHERE NormalizedName = 'MORADOR';
INSERT IGNORE INTO AspNetUserRoles (UserId, RoleId) SELECT 'f9b52323-9c1d-4e41-9e50-db691560aebb', Id FROM AspNetRoles WHERE NormalizedName = 'MORADOR';
INSERT IGNORE INTO AspNetUserRoles (UserId, RoleId) SELECT 'eb579e33-a803-4c29-b85a-de81410d769c', Id FROM AspNetRoles WHERE NormalizedName = 'MORADOR';
INSERT IGNORE INTO AspNetUserRoles (UserId, RoleId) SELECT '8666fd25-2318-4703-8912-c78f12271c62', Id FROM AspNetRoles WHERE NormalizedName = 'MORADOR';
INSERT IGNORE INTO AspNetUserRoles (UserId, RoleId) SELECT 'ff07814a-b2cd-4abe-a1f8-ccc51d1d2e91', Id FROM AspNetRoles WHERE NormalizedName = 'MORADOR';
INSERT IGNORE INTO AspNetUserRoles (UserId, RoleId) SELECT 'b79d69a9-8b13-44ec-8866-c8f2f52f36b1', Id FROM AspNetRoles WHERE NormalizedName = 'MORADOR';
INSERT IGNORE INTO AspNetUserRoles (UserId, RoleId) SELECT '963a62eb-9561-4ce7-9c82-0a8092d14839', Id FROM AspNetRoles WHERE NormalizedName = 'MORADOR';
INSERT IGNORE INTO AspNetUserRoles (UserId, RoleId) SELECT '34419ab7-d004-434f-bc2a-e829c79c25f9', Id FROM AspNetRoles WHERE NormalizedName = 'MORADOR';
INSERT IGNORE INTO AspNetUserRoles (UserId, RoleId) SELECT '8d018a0f-73ec-4a70-8023-3dc35a8718ec', Id FROM AspNetRoles WHERE NormalizedName = 'MORADOR';
INSERT IGNORE INTO AspNetUserRoles (UserId, RoleId) SELECT 'a28e6757-570d-46f2-979a-d524c189276e', Id FROM AspNetRoles WHERE NormalizedName = 'MORADOR';
INSERT IGNORE INTO AspNetUserRoles (UserId, RoleId) SELECT '3db0757d-4e67-4eab-9c12-fc5529c293a8', Id FROM AspNetRoles WHERE NormalizedName = 'MORADOR';
INSERT IGNORE INTO AspNetUserRoles (UserId, RoleId) SELECT '3d48aa98-15f1-4683-8b95-9ca15445ecff', Id FROM AspNetRoles WHERE NormalizedName = 'MORADOR';
INSERT IGNORE INTO AspNetUserRoles (UserId, RoleId) SELECT 'c0acabe2-ceda-4893-9447-a70243676cd6', Id FROM AspNetRoles WHERE NormalizedName = 'MORADOR';
INSERT IGNORE INTO AspNetUserRoles (UserId, RoleId) SELECT '3ea5dbee-8e24-4f84-9799-e6bcef9802d1', Id FROM AspNetRoles WHERE NormalizedName = 'MORADOR';
INSERT IGNORE INTO AspNetUserRoles (UserId, RoleId) SELECT '4270cc37-67db-48b3-b038-c3a25abc4c43', Id FROM AspNetRoles WHERE NormalizedName = 'MORADOR';
INSERT IGNORE INTO AspNetUserRoles (UserId, RoleId) SELECT '580179f5-0181-4c57-a0e2-ba2fd0a73fa3', Id FROM AspNetRoles WHERE NormalizedName = 'MORADOR';
INSERT IGNORE INTO AspNetUserRoles (UserId, RoleId) SELECT 'cbb558dc-b7c6-41cf-92f1-a25d0295a37a', Id FROM AspNetRoles WHERE NormalizedName = 'MORADOR';
INSERT IGNORE INTO AspNetUserRoles (UserId, RoleId) SELECT 'd7a21014-a9ce-4145-a263-6409dab9b670', Id FROM AspNetRoles WHERE NormalizedName = 'MORADOR';
INSERT IGNORE INTO AspNetUserRoles (UserId, RoleId) SELECT '5701bc92-6445-4dd5-9f46-5df6dd9c8da7', Id FROM AspNetRoles WHERE NormalizedName = 'PORTEIRO';
INSERT IGNORE INTO AspNetUserRoles (UserId, RoleId) SELECT '2e3c1048-9150-4792-9020-717f5005380c', Id FROM AspNetRoles WHERE NormalizedName = 'PORTEIRO';
INSERT IGNORE INTO AspNetUserRoles (UserId, RoleId) SELECT '970b2dcc-357c-44be-98e5-027291f3bec3', Id FROM AspNetRoles WHERE NormalizedName = 'PORTEIRO';
INSERT IGNORE INTO AspNetUserRoles (UserId, RoleId) SELECT '23f54851-c685-414a-a721-513950d89adc', Id FROM AspNetRoles WHERE NormalizedName = 'PORTEIRO';
INSERT IGNORE INTO AspNetUserRoles (UserId, RoleId) SELECT '27b2f234-d37d-440e-a992-d2a6d8c37c4a', Id FROM AspNetRoles WHERE NormalizedName = 'PORTEIRO';
INSERT IGNORE INTO AspNetUserRoles (UserId, RoleId) SELECT '47a3d343-0519-4b25-a043-fe58fcc28248', Id FROM AspNetRoles WHERE NormalizedName = 'PORTEIRO';
INSERT INTO sindicos (id, nome, cpf, email, telefone, rua, numero, complemento, bairro, cidade, uf, cep) VALUES (513616, 'Theodoro Oliveira', '56183270903', 'sindico0_538@condosmart.com', '55219811278', 'Feira Moraes', '6093', 'Casa 2', 'Vitoria', 'Aparecida', 'PR', '11820374');
INSERT INTO sindicos (id, nome, cpf, email, telefone, rua, numero, complemento, bairro, cidade, uf, cep) VALUES (513617, 'Dr. Daniel Guerra', '46029517325', 'sindico1_619@condosmart.com', '55219417363', 'Esplanada Aragão', '7274', 'Bloco B', 'Santa Margarida', 'Araújo da Praia', 'PI', '13557005');
INSERT INTO sindicos (id, nome, cpf, email, telefone, rua, numero, complemento, bairro, cidade, uf, cep) VALUES (513618, 'Sara da Rosa', '71463285973', 'sindico2_493@condosmart.com', '55719725951', 'Lago Maria Júlia Jesus', '7500', 'Apto 101', 'Ápia', 'Correia', 'RS', '20404337');

INSERT INTO condominios (id, nome, cnpj, email, telefone, rua, numero, complemento, bairro, cidade, uf, cep, unidades, sindico_id) VALUES (513616, 'Condomínio Martins - EI', '50437186000119', 'silveiraantonio@costela.gov.br', '55119071883', 'Rodovia Jesus', '1250', '', 'Santo Agostinho', 'Teixeira Paulista', 'ES', '23807360', 89, 513616);
INSERT INTO condominios (id, nome, cnpj, email, telefone, rua, numero, complemento, bairro, cidade, uf, cep, unidades, sindico_id) VALUES (513617, 'Condomínio Farias', '87146203000179', 'luiz-felipegarcia@da.com.br', '55819883209', 'Chácara Maya Caldeira', '9625', '', 'Santa Margarida', 'Câmara', 'PI', '57026602', 86, 513617);
INSERT INTO condominios (id, nome, cnpj, email, telefone, rua, numero, complemento, bairro, cidade, uf, cep, unidades, sindico_id) VALUES (513618, 'Condomínio Alves - EI', '19856704000199', 'ggomes@alves.org', '55319586290', 'Recanto de Oliveira', '2711', '', 'Marieta 1ª Seção', 'Silveira', 'PB', '75592575', 61, 513618);

INSERT INTO area_de_lazer (id, nome, descricao, disponibilidade, condominio_id, sindico_id) VALUES (513616, 'Piscina', 'Error aliquid natus non explicabo. Cumque odit officia.', 1, 513616, 513616);
INSERT INTO area_de_lazer (id, nome, descricao, disponibilidade, condominio_id, sindico_id) VALUES (513617, 'Academia', 'Earum quos in ipsa doloribus dolore. Expedita quidem non ratione.', 1, 513616, 513616);
INSERT INTO area_de_lazer (id, nome, descricao, disponibilidade, condominio_id, sindico_id) VALUES (513618, 'Piscina', 'Hic illum provident quasi aut. Expedita repellat maxime ratione.
Odit explicabo perspiciatis.', 1, 513616, 513616);
INSERT INTO area_de_lazer (id, nome, descricao, disponibilidade, condominio_id, sindico_id) VALUES (513619, 'Salão de Festas', 'Est ipsam atque alias voluptatum. Minus ipsa magnam saepe. Maiores vitae animi id quas ea.', 1, 513616, 513616);
INSERT INTO area_de_lazer (id, nome, descricao, disponibilidade, condominio_id, sindico_id) VALUES (513620, 'Academia', 'Inventore quidem ut dignissimos corporis. Aperiam ab tenetur soluta.', 1, 513616, 513616);
INSERT INTO area_de_lazer (id, nome, descricao, disponibilidade, condominio_id, sindico_id) VALUES (513621, 'Quadra', 'Nostrum nihil rem excepturi assumenda. Officiis esse maiores ad reiciendis magni rem.', 1, 513617, 513617);
INSERT INTO area_de_lazer (id, nome, descricao, disponibilidade, condominio_id, sindico_id) VALUES (513622, 'Quadra', 'Consequatur quasi ipsum molestias ducimus nemo totam. Debitis expedita culpa repellat natus iste.', 1, 513617, 513617);
INSERT INTO area_de_lazer (id, nome, descricao, disponibilidade, condominio_id, sindico_id) VALUES (513623, 'Quadra', 'Nemo id ratione fugit. Mollitia neque nesciunt beatae. Est quibusdam quia consectetur.', 1, 513617, 513617);
INSERT INTO area_de_lazer (id, nome, descricao, disponibilidade, condominio_id, sindico_id) VALUES (513624, 'Quadra', 'Pariatur totam minus aperiam saepe neque.
Minima quod esse sit sed. Porro officiis fugiat incidunt.', 1, 513617, 513617);
INSERT INTO area_de_lazer (id, nome, descricao, disponibilidade, condominio_id, sindico_id) VALUES (513625, 'Salão de Festas', 'Deserunt sed veniam natus iure illum voluptatibus.', 1, 513617, 513617);
INSERT INTO area_de_lazer (id, nome, descricao, disponibilidade, condominio_id, sindico_id) VALUES (513626, 'Quadra', 'Harum provident blanditiis beatae.', 1, 513618, 513618);
INSERT INTO area_de_lazer (id, nome, descricao, disponibilidade, condominio_id, sindico_id) VALUES (513627, 'Piscina', 'Est similique sint soluta enim inventore eligendi. Eum pariatur corporis at necessitatibus nostrum.', 1, 513618, 513618);
INSERT INTO area_de_lazer (id, nome, descricao, disponibilidade, condominio_id, sindico_id) VALUES (513628, 'Piscina', 'Alias dicta enim iure iusto cumque esse. Cum quis quis labore.', 1, 513618, 513618);
INSERT INTO area_de_lazer (id, nome, descricao, disponibilidade, condominio_id, sindico_id) VALUES (513629, 'Salão de Festas', 'Ad quae ipsa fuga omnis consequatur. Iste dolor non excepturi quos eius iste maxime.', 1, 513618, 513618);
INSERT INTO area_de_lazer (id, nome, descricao, disponibilidade, condominio_id, sindico_id) VALUES (513630, 'Academia', 'Itaque possimus odio distinctio animi. Placeat iusto enim. Labore est aut nisi iste.', 1, 513618, 513618);

INSERT INTO atas (id, titulo, conteudo, temas, data_reuniao, condominio_id, sindico_id) VALUES (513616, 'Id hic nostrum.', 'Quae nemo error architecto voluptatibus. Saepe velit libero neque.
Modi vitae eos totam praesentium ratione. Nam hic illum ab quod.
Maxime in iure totam nihil neque numquam porro. Vero nisi consectetur reiciendis accusantium.
Ex excepturi quae laboriosam libero quas. Eos laudantium ab fugiat.
Voluptatum consequatur enim esse sapiente. Saepe veniam consequatur ducimus quibusdam occaecati.
Ea laborum reprehenderit. Quisquam tempora reiciendis quod.', 'Tempora itaque culpa odio aliquam.', '2025-07-01 10:57:54', 513616, 513616);
INSERT INTO atas (id, titulo, conteudo, temas, data_reuniao, condominio_id, sindico_id) VALUES (513617, 'Quae voluptatibus veritatis tempora.', 'Ipsa molestias molestias delectus ex magni. Repudiandae pariatur repudiandae in error earum tempore nesciunt. Explicabo reprehenderit blanditiis. Unde numquam facere.
Odit autem commodi sed itaque sint. Odio possimus deserunt laudantium cum sed.
Corporis rem beatae. Ea non tenetur blanditiis laborum corporis. Voluptates id officia quidem.
Possimus eius explicabo soluta sunt harum. Voluptas tempore aliquam consequatur commodi incidunt.', 'Explicabo id cupiditate voluptate ipsa.', '2025-09-01 15:49:21', 513616, 513616);
INSERT INTO atas (id, titulo, conteudo, temas, data_reuniao, condominio_id, sindico_id) VALUES (513618, 'Debitis voluptatum.', 'Voluptate delectus animi. Perspiciatis accusantium architecto libero libero. Odit quasi quibusdam soluta distinctio.
Dignissimos odio laboriosam. Natus aliquam quos aliquam similique esse ad. Veritatis occaecati fugit.
Architecto voluptatibus quidem praesentium. Sapiente soluta delectus aliquid quos unde.
Porro laboriosam ex quisquam quaerat laborum.
Veritatis necessitatibus corrupti quas. Ratione quas placeat voluptatum at laboriosam cupiditate ex. Ducimus aperiam cum doloribus.', 'Voluptate fugit et quis natus quisquam.', '2025-12-28 02:20:00', 513616, 513616);
INSERT INTO atas (id, titulo, conteudo, temas, data_reuniao, condominio_id, sindico_id) VALUES (513619, 'Culpa error.', 'Sit officiis dolores cupiditate fuga nesciunt nulla. Alias atque vitae qui dolore minus voluptatum. Esse alias omnis fuga ipsa recusandae officiis.
Fuga natus iste debitis earum officiis et possimus. Impedit ratione voluptatum.
Sit nisi ex corrupti placeat tenetur. Dolore exercitationem laborum excepturi excepturi.
Unde et iure aspernatur sit illo corporis temporibus. Repellendus quos atque. Consequatur dolor quos asperiores.', 'Fugiat facere rerum sed voluptatibus.', '2025-06-27 08:58:19', 513616, 513616);
INSERT INTO atas (id, titulo, conteudo, temas, data_reuniao, condominio_id, sindico_id) VALUES (513620, 'Aliquam voluptatem.', 'Aspernatur natus quae in. Earum rerum error perspiciatis praesentium. Repudiandae exercitationem quas eum voluptatem odit hic architecto.
Doloribus quaerat nulla molestias. Quis iste animi.
Quo pariatur at accusamus nihil nisi illum. Iste quo enim facere rerum debitis.
Assumenda beatae beatae unde vel porro in. Culpa atque atque dolorum ipsam.
Neque officia harum provident. Earum facilis ex voluptatem. Commodi quisquam quo quibusdam et explicabo. Ipsum saepe nam sunt eligendi dolorum est.', 'Doloribus reiciendis aperiam.', '2025-08-17 10:44:06', 513616, 513616);
INSERT INTO atas (id, titulo, conteudo, temas, data_reuniao, condominio_id, sindico_id) VALUES (513621, 'Voluptatibus libero eum.', 'Eaque veritatis voluptas quis quibusdam aut fugit. Ratione neque fugiat quibusdam voluptates. Hic aperiam soluta repellat veritatis deserunt tenetur.
Minima nostrum dolorum voluptates delectus suscipit. Explicabo quas fugit aspernatur iure dolor.
Vel atque facilis nam. Eaque occaecati nulla nulla. Error occaecati facere facere ea est.
Occaecati ad eligendi reiciendis.', 'Quod animi incidunt aspernatur.', '2026-02-19 06:27:01', 513617, 513617);
INSERT INTO atas (id, titulo, conteudo, temas, data_reuniao, condominio_id, sindico_id) VALUES (513622, 'Adipisci magnam occaecati.', 'Consequuntur hic iure doloremque aperiam corrupti. Expedita sed cumque libero ea hic minus.
Aliquid expedita ducimus dignissimos fugit architecto cum praesentium. Omnis magni illum magni. Aspernatur totam sequi temporibus accusantium fugit sed. Ipsum occaecati nostrum eos.
Ullam magnam vitae iusto aperiam sint tempora. Fugiat molestiae natus quia dolorem perferendis.', 'Cum eius dolor ut earum dicta.', '2026-01-13 00:19:26', 513617, 513617);
INSERT INTO atas (id, titulo, conteudo, temas, data_reuniao, condominio_id, sindico_id) VALUES (513623, 'Quae repellendus.', 'Et rem veniam reprehenderit. Repudiandae nam earum reprehenderit eius.
Porro quod repellendus debitis labore deserunt illo. Ea assumenda nihil quisquam accusantium vitae pariatur.
Ut qui porro odit dolor. Quidem aperiam iure rem occaecati molestiae.
In non accusantium eos cumque. Impedit unde magnam debitis nam. Amet laudantium veritatis.
Minima quaerat quo numquam. Similique consequatur libero ea.', 'Rerum molestias laborum quod at aperiam.', '2026-03-07 10:36:55', 513617, 513617);
INSERT INTO atas (id, titulo, conteudo, temas, data_reuniao, condominio_id, sindico_id) VALUES (513624, 'Et sapiente accusantium quidem.', 'Sapiente aperiam dolor dignissimos rerum. Expedita quas odio inventore.
Accusamus illo labore cumque distinctio. A maiores voluptates vero ipsa et voluptatibus. Eos quia est quidem.
Deserunt nobis corrupti labore. Enim sapiente incidunt rerum exercitationem expedita delectus fuga.
Temporibus dolores saepe atque. Dolor recusandae explicabo tempora nemo tenetur officiis.
Repellendus quis eius iure. Fugiat voluptatum sequi distinctio.', 'Quo cupiditate a autem sit.', '2025-07-07 09:10:34', 513617, 513617);
INSERT INTO atas (id, titulo, conteudo, temas, data_reuniao, condominio_id, sindico_id) VALUES (513625, 'Molestias voluptas.', 'Quis deserunt at totam. Voluptates vero ducimus.
Explicabo magni velit ea quasi iusto. Blanditiis natus beatae numquam praesentium. Vitae quo optio similique quo explicabo. Quod aperiam illo sed ipsum.
Neque asperiores voluptatem id. Blanditiis doloremque nobis pariatur aperiam maxime dolorem.
Eaque fuga voluptate labore ipsam error. Sit facere ratione hic asperiores reiciendis. Necessitatibus laborum quibusdam delectus ipsam et porro.', 'Sed est voluptates incidunt amet.', '2026-05-03 09:27:00', 513617, 513617);
INSERT INTO atas (id, titulo, conteudo, temas, data_reuniao, condominio_id, sindico_id) VALUES (513626, 'Impedit nemo itaque.', 'Eveniet dicta deleniti. Nobis inventore assumenda eligendi quia voluptates consectetur nulla.
Totam ab saepe tempora accusantium. Nemo ipsam debitis aperiam autem labore numquam. Aut dolor error nam ducimus impedit.
Ipsam tenetur tempore vitae illo facere. Tempore sed reprehenderit velit fuga possimus placeat.
Dolorem enim facilis consequuntur quam sunt. Molestiae pariatur blanditiis repudiandae.
Culpa optio sunt sed a fugiat. Facilis eligendi quasi sequi debitis sint.', 'Sint aliquid officia exercitationem minima.', '2026-04-20 18:11:37', 513618, 513618);
INSERT INTO atas (id, titulo, conteudo, temas, data_reuniao, condominio_id, sindico_id) VALUES (513627, 'Rem nemo debitis.', 'Explicabo quod eum tenetur expedita. Incidunt sequi voluptate vel. Itaque beatae doloribus vitae.
Cumque inventore error veniam.
Eligendi laudantium consequatur explicabo impedit ab qui iste. Eaque ut dolorum veniam sint placeat.
Aliquid earum nemo sapiente. Quae totam laboriosam vero in dolor.
Veritatis harum velit quia facere. Esse illum nostrum quae eligendi aut ipsum. Facere atque ad id id maxime.', 'Enim aperiam fugit quidem culpa a.', '2025-09-24 07:10:56', 513618, 513618);
INSERT INTO atas (id, titulo, conteudo, temas, data_reuniao, condominio_id, sindico_id) VALUES (513628, 'Sequi rerum.', 'Ut quam aspernatur.
Exercitationem molestias itaque dolorum nulla suscipit culpa aut. Magni vel accusantium nemo facere quasi.
Ratione ipsam ipsa odio quasi.
Saepe nam repellat laboriosam mollitia fuga aliquid. Cum ducimus cum impedit rerum quis possimus.
Quas magni facere repudiandae autem. Officia iusto beatae exercitationem sed ea ducimus.
Dolor nostrum repellendus earum. Esse veniam quia facilis ipsam qui odio. Sit doloribus et doloremque suscipit eveniet sint totam.', 'Nemo at aut architecto.', '2026-01-14 04:03:27', 513618, 513618);
INSERT INTO atas (id, titulo, conteudo, temas, data_reuniao, condominio_id, sindico_id) VALUES (513629, 'Saepe at inventore accusantium.', 'Enim libero minima eveniet eos quo dolorem. Asperiores facilis labore repudiandae beatae amet. Odit ullam nostrum dolorem modi tempora nulla.
Ad hic delectus vitae possimus voluptates. Quas quaerat ducimus et molestias quaerat. Porro eligendi libero corporis molestiae minus iure. Ea dignissimos dolorem dolor illum.
Inventore recusandae eum nobis. Ex inventore a similique natus alias temporibus veritatis. Magnam facilis pariatur accusantium iure quia ut.', 'Enim placeat est suscipit nihil.', '2025-06-26 05:56:56', 513618, 513618);
INSERT INTO atas (id, titulo, conteudo, temas, data_reuniao, condominio_id, sindico_id) VALUES (513630, 'Repellendus quos libero.', 'Voluptates reiciendis laboriosam nihil.
Necessitatibus doloribus consequuntur inventore. Nulla quis suscipit maxime voluptatibus beatae ullam. Deserunt repellat cumque.
Vel facilis beatae optio rerum saepe pariatur. Iusto magnam illo cum voluptatibus et.
Accusantium quis officia voluptates ex eum. Asperiores in blanditiis molestiae unde perspiciatis asperiores. Voluptas ex velit eum iusto sit.', 'Voluptatem expedita molestias impedit eum.', '2025-10-21 01:20:22', 513618, 513618);

INSERT INTO moradores (id, nome, cpf, rg, email, telefone, rua, numero, complemento, bairro, cidade, uf, cep, condominio_id) VALUES (513616, 'Antony Nogueira', '58962073447', '643246047', 'morador0_173@condosmart.com', '55619304895', 'Estrada Maria Isis Farias', '626', 'Apto 101', 'Vila Ecológica', 'Mendes dos Dourados', 'CE', '40494001', 513616);
INSERT INTO moradores (id, nome, cpf, rg, email, telefone, rua, numero, complemento, bairro, cidade, uf, cep, condominio_id) VALUES (513617, 'Luan Barros', '65041792399', '499240656', 'morador1_323@condosmart.com', '55519386688', 'Travessa de Rocha', '692', 'Fundos', 'Pilar', 'Ribeiro', 'PI', '16259082', 513616);
INSERT INTO moradores (id, nome, cpf, rg, email, telefone, rua, numero, complemento, bairro, cidade, uf, cep, condominio_id) VALUES (513618, 'Sr. Rael Monteiro', '67820453117', '306720350', 'morador2_174@condosmart.com', '55849054420', 'Morro Davi Aragão', '652', 'Fundos', 'Vila Dos Anjos', 'Moura', 'SE', '83608875', 513616);
INSERT INTO moradores (id, nome, cpf, rg, email, telefone, rua, numero, complemento, bairro, cidade, uf, cep, condominio_id) VALUES (513619, 'Marcela Martins', '89362540738', '506838726', 'morador3_881@condosmart.com', '55519696342', 'Favela Sales', '428', 'Casa 2', 'Xangri-Lá', 'Cassiano', 'AL', '07101667', 513616);
INSERT INTO moradores (id, nome, cpf, rg, email, telefone, rua, numero, complemento, bairro, cidade, uf, cep, condominio_id) VALUES (513620, 'Maria Gomes', '04529761894', '732417362', 'morador4_253@condosmart.com', '55819093922', 'Lago de Nogueira', '567', '', 'Mariquinhas', 'Leão', 'MA', '73957576', 513616);
INSERT INTO moradores (id, nome, cpf, rg, email, telefone, rua, numero, complemento, bairro, cidade, uf, cep, condominio_id) VALUES (513621, 'Hellena Ferreira', '53418976255', '744145441', 'morador5_673@condosmart.com', '55849701493', 'Fazenda Ana Beatriz Araújo', '136', 'Apto 101', 'Etelvina Carneiro', 'Oliveira', 'AC', '95977359', 513616);
INSERT INTO moradores (id, nome, cpf, rg, email, telefone, rua, numero, complemento, bairro, cidade, uf, cep, condominio_id) VALUES (513622, 'Emanuella da Paz', '49612307822', '743247579', 'morador6_960@condosmart.com', '55719247731', 'Fazenda Olívia Lopes', '42', 'Apto 101', 'Serra Do Curral', 'da Costa de Fonseca', 'RO', '37960892', 513616);
INSERT INTO moradores (id, nome, cpf, rg, email, telefone, rua, numero, complemento, bairro, cidade, uf, cep, condominio_id) VALUES (513623, 'Benício Campos', '92651087467', '610837673', 'morador7_706@condosmart.com', '55419816909', 'Sítio Aparecida', '247', 'Apto 101', 'Solimoes', 'Correia', 'AL', '40688842', 513616);
INSERT INTO moradores (id, nome, cpf, rg, email, telefone, rua, numero, complemento, bairro, cidade, uf, cep, condominio_id) VALUES (513624, 'Ana Lívia Barros', '38419602515', '436044390', 'morador8_727@condosmart.com', '55219572048', 'Avenida da Costa', '53', '', 'Tupi A', 'Rios', 'PR', '15158514', 513616);
INSERT INTO moradores (id, nome, cpf, rg, email, telefone, rua, numero, complemento, bairro, cidade, uf, cep, condominio_id) VALUES (513625, 'José Pedro da Luz', '89674135057', '726780052', 'morador9_646@condosmart.com', '55849579683', 'Via Correia', '915', '', 'Cônego Pinheiro 2ª Seção', 'Machado', 'AC', '69618327', 513616);
INSERT INTO moradores (id, nome, cpf, rg, email, telefone, rua, numero, complemento, bairro, cidade, uf, cep, condominio_id) VALUES (513626, 'Gabriela Abreu', '78426901387', '602146176', 'morador10_509@condosmart.com', '55419224188', 'Estação de Oliveira', '888', 'Bloco B', 'João Paulo Ii', 'Andrade de Guerra', 'SE', '52702192', 513616);
INSERT INTO moradores (id, nome, cpf, rg, email, telefone, rua, numero, complemento, bairro, cidade, uf, cep, condominio_id) VALUES (513627, 'Arthur Miguel Casa Grande', '47061893575', '865539061', 'morador11_438@condosmart.com', '55119233713', 'Morro Ísis da Mata', '951', '', 'União', 'Freitas', 'BA', '89789501', 513616);
INSERT INTO moradores (id, nome, cpf, rg, email, telefone, rua, numero, complemento, bairro, cidade, uf, cep, condominio_id) VALUES (513628, 'Maria Cecília Barros', '67820319577', '191987786', 'morador12_859@condosmart.com', '55119436233', 'Viela Bianca Barros', '213', 'Casa 2', 'Santo André', 'Cirino de Minas', 'CE', '33569402', 513616);
INSERT INTO moradores (id, nome, cpf, rg, email, telefone, rua, numero, complemento, bairro, cidade, uf, cep, condominio_id) VALUES (513629, 'Bernardo Sales', '98052164702', '898346564', 'morador13_158@condosmart.com', '55819633631', 'Viaduto de Camargo', '364', 'Casa 2', 'Morro Dos Macacos', 'Ribeiro dos Dourados', 'PR', '47891583', 513616);
INSERT INTO moradores (id, nome, cpf, rg, email, telefone, rua, numero, complemento, bairro, cidade, uf, cep, condominio_id) VALUES (513630, 'Fernando Nunes', '95147306820', '915867608', 'morador14_311@condosmart.com', '55219476527', 'Área de da Luz', '515', 'Bloco B', 'Nova Cintra', 'Sousa', 'AC', '27544984', 513616);
INSERT INTO moradores (id, nome, cpf, rg, email, telefone, rua, numero, complemento, bairro, cidade, uf, cep, condominio_id) VALUES (513631, 'Eduarda da Cunha', '58974126001', '987886410', 'morador15_424@condosmart.com', '55519620081', 'Quadra de Costela', '362', 'Bloco B', 'Maravilha', 'Souza', 'CE', '46579182', 513616);
INSERT INTO moradores (id, nome, cpf, rg, email, telefone, rua, numero, complemento, bairro, cidade, uf, cep, condominio_id) VALUES (513632, 'Dra. Marina Carvalho', '06597283465', '771859077', 'morador16_765@condosmart.com', '55119383784', 'Viela de da Cunha', '496', 'Fundos', 'Garças', 'da Cunha do Amparo', 'TO', '67801502', 513616);
INSERT INTO moradores (id, nome, cpf, rg, email, telefone, rua, numero, complemento, bairro, cidade, uf, cep, condominio_id) VALUES (513633, 'Kamilly Gomes', '02357618426', '109247560', 'morador17_281@condosmart.com', '55319244678', 'Favela Lopes', '386', 'Apto 101', 'Aguas Claras', 'Monteiro dos Dourados', 'GO', '54967849', 513616);
INSERT INTO moradores (id, nome, cpf, rg, email, telefone, rua, numero, complemento, bairro, cidade, uf, cep, condominio_id) VALUES (513634, 'Heloisa Fernandes', '01942536780', '177111597', 'morador18_751@condosmart.com', '55819718027', 'Travessa Vieira', '296', 'Fundos', 'Cidade Jardim Taquaril', 'Sousa', 'CE', '43433563', 513616);
INSERT INTO moradores (id, nome, cpf, rg, email, telefone, rua, numero, complemento, bairro, cidade, uf, cep, condominio_id) VALUES (513635, 'Kamilly Porto', '16834795219', '115982090', 'morador19_710@condosmart.com', '55819226466', 'Parque Ravy Novaes', '43', 'Casa 2', 'Vila Independencia 2ª Seção', 'Moura do Sul', 'MG', '58751166', 513616);
INSERT INTO moradores (id, nome, cpf, rg, email, telefone, rua, numero, complemento, bairro, cidade, uf, cep, condominio_id) VALUES (513636, 'Dr. João Guilherme da Mata', '86574920167', '620873986', 'morador20_838@condosmart.com', '55849045879', 'Travessa da Luz', '291', 'Casa 2', 'Boa União 2ª Seção', 'Teixeira', 'AC', '24992019', 513616);
INSERT INTO moradores (id, nome, cpf, rg, email, telefone, rua, numero, complemento, bairro, cidade, uf, cep, condominio_id) VALUES (513637, 'Pedro Henrique Vargas', '94206853738', '456467741', 'morador21_412@condosmart.com', '55419744166', 'Travessa Heloisa Santos', '478', '', 'Vila Suzana Primeira Seção', 'Rodrigues de da Mota', 'AP', '74797880', 513616);
INSERT INTO moradores (id, nome, cpf, rg, email, telefone, rua, numero, complemento, bairro, cidade, uf, cep, condominio_id) VALUES (513638, 'Ana Laura Aparecida', '74639821069', '451481111', 'morador22_708@condosmart.com', '55719807724', 'Condomínio de Cavalcanti', '89', 'Apto 101', 'Vila São Dimas', 'Casa Grande do Oeste', 'RS', '53430248', 513616);
INSERT INTO moradores (id, nome, cpf, rg, email, telefone, rua, numero, complemento, bairro, cidade, uf, cep, condominio_id) VALUES (513639, 'Maria Julia Nogueira', '32746018535', '567175139', 'morador23_186@condosmart.com', '55319317879', 'Praça Fernanda Marques', '281', 'Bloco B', 'Vila Ouro Minas', 'Martins da Prata', 'PI', '69493949', 513616);
INSERT INTO moradores (id, nome, cpf, rg, email, telefone, rua, numero, complemento, bairro, cidade, uf, cep, condominio_id) VALUES (513640, 'Hadassa Souza', '85796320130', '817912262', 'morador24_802@condosmart.com', '55849176526', 'Viaduto Garcia', '896', 'Fundos', 'Vila Cemig', 'Montenegro Verde', 'RN', '24257300', 513616);
INSERT INTO moradores (id, nome, cpf, rg, email, telefone, rua, numero, complemento, bairro, cidade, uf, cep, condominio_id) VALUES (513641, 'Isadora Nascimento', '05491287350', '691647075', 'morador25_179@condosmart.com', '55519936202', 'Pátio Barros', '551', 'Apto 101', 'Conjunto Celso Machado', 'Andrade de Lima', 'PA', '06648916', 513616);
INSERT INTO moradores (id, nome, cpf, rg, email, telefone, rua, numero, complemento, bairro, cidade, uf, cep, condominio_id) VALUES (513642, 'Ana Luiza Cavalcanti', '49618375200', '381786528', 'morador26_156@condosmart.com', '55119747823', 'Lagoa Cavalcante', '368', 'Casa 2', 'Atila De Paiva', 'Lima', 'PB', '36657357', 513616);
INSERT INTO moradores (id, nome, cpf, rg, email, telefone, rua, numero, complemento, bairro, cidade, uf, cep, condominio_id) VALUES (513643, 'Jade Machado', '12490836722', '383195758', 'morador27_839@condosmart.com', '55619837746', 'Condomínio Yasmin Silva', '471', 'Casa 2', 'Cônego Pinheiro 2ª Seção', 'Alves de da Luz', 'MA', '98409340', 513616);
INSERT INTO moradores (id, nome, cpf, rg, email, telefone, rua, numero, complemento, bairro, cidade, uf, cep, condominio_id) VALUES (513644, 'Eloah Carvalho', '79823165068', '413008256', 'morador28_319@condosmart.com', '55719113041', 'Rodovia Maria Sophia da Conceição', '452', 'Bloco B', 'Gameleira', 'Araújo da Prata', 'PI', '91044272', 513616);
INSERT INTO moradores (id, nome, cpf, rg, email, telefone, rua, numero, complemento, bairro, cidade, uf, cep, condominio_id) VALUES (513645, 'Alícia Peixoto', '07549816220', '572270900', 'morador29_846@condosmart.com', '55619676152', 'Distrito Porto', '779', '', 'Vila Mantiqueira', 'Casa Grande do Sul', 'CE', '86340348', 513616);
INSERT INTO moradores (id, nome, cpf, rg, email, telefone, rua, numero, complemento, bairro, cidade, uf, cep, condominio_id) VALUES (513646, 'Srta. Bruna Cavalcanti', '54183769264', '906776818', 'morador30_118@condosmart.com', '55849106148', 'Lagoa Luiz Felipe da Mota', '59', 'Apto 101', 'Independência', 'Abreu do Galho', 'MT', '03439573', 513617);
INSERT INTO moradores (id, nome, cpf, rg, email, telefone, rua, numero, complemento, bairro, cidade, uf, cep, condominio_id) VALUES (513647, 'Pietro Sousa', '21903647525', '662437830', 'morador31_709@condosmart.com', '55119664877', 'Travessa Nogueira', '182', 'Apto 101', 'Paraíso', 'Moura', 'GO', '21682790', 513617);
INSERT INTO moradores (id, nome, cpf, rg, email, telefone, rua, numero, complemento, bairro, cidade, uf, cep, condominio_id) VALUES (513648, 'Maria Luísa Peixoto', '41908376287', '164369518', 'morador32_409@condosmart.com', '55719999142', 'Campo de Cirino', '902', 'Bloco B', 'Vila Coqueiral', 'Oliveira de Garcia', 'PE', '45788276', 513617);
INSERT INTO moradores (id, nome, cpf, rg, email, telefone, rua, numero, complemento, bairro, cidade, uf, cep, condominio_id) VALUES (513649, 'Josué Garcia', '12549873041', '905879133', 'morador33_987@condosmart.com', '55719491498', 'Via de Ramos', '331', 'Casa 2', 'Pindura Saia', 'da Mota de da Paz', 'MT', '91611356', 513617);
INSERT INTO moradores (id, nome, cpf, rg, email, telefone, rua, numero, complemento, bairro, cidade, uf, cep, condominio_id) VALUES (513650, 'Liz Gonçalves', '98152360406', '226924952', 'morador34_206@condosmart.com', '55519060623', 'Passarela de da Conceição', '340', 'Bloco B', 'Marieta 1ª Seção', 'Câmara de Guerra', 'ES', '92356537', 513617);
INSERT INTO moradores (id, nome, cpf, rg, email, telefone, rua, numero, complemento, bairro, cidade, uf, cep, condominio_id) VALUES (513651, 'Yago Gomes', '71206458976', '948748934', 'morador35_903@condosmart.com', '55619109652', 'Passarela Ágatha Casa Grande', '507', '', 'Dom Joaquim', 'Rodrigues Verde', 'TO', '71968314', 513617);
INSERT INTO moradores (id, nome, cpf, rg, email, telefone, rua, numero, complemento, bairro, cidade, uf, cep, condominio_id) VALUES (513652, 'Alícia Mendonça', '80942516702', '850405719', 'morador36_795@condosmart.com', '55119674242', 'Campo Stephany Cirino', '49', 'Fundos', 'Luxemburgo', 'da Paz', 'SP', '89796713', 513617);
INSERT INTO moradores (id, nome, cpf, rg, email, telefone, rua, numero, complemento, bairro, cidade, uf, cep, condominio_id) VALUES (513653, 'Eloah Novaes', '91586074393', '987861982', 'morador37_290@condosmart.com', '55119511711', 'Rodovia da Rosa', '987', 'Fundos', 'Tupi A', 'Aragão', 'SP', '22132110', 513617);
INSERT INTO moradores (id, nome, cpf, rg, email, telefone, rua, numero, complemento, bairro, cidade, uf, cep, condominio_id) VALUES (513654, 'João Felipe Cavalcante', '95173428023', '855347709', 'morador38_339@condosmart.com', '55419933295', 'Rua de Montenegro', '969', '', 'Dom Cabral', 'Leão de Mendes', 'PR', '65723032', 513617);
INSERT INTO moradores (id, nome, cpf, rg, email, telefone, rua, numero, complemento, bairro, cidade, uf, cep, condominio_id) VALUES (513655, 'João Pedro Pires', '10345862708', '943501124', 'morador39_399@condosmart.com', '55849783647', 'Vale de Garcia', '612', 'Fundos', 'Bom Jesus', 'Cavalcanti da Mata', 'MA', '27899757', 513617);
INSERT INTO moradores (id, nome, cpf, rg, email, telefone, rua, numero, complemento, bairro, cidade, uf, cep, condominio_id) VALUES (513656, 'Luiz Gustavo da Rosa', '78469302140', '749750700', 'morador40_130@condosmart.com', '55319959417', 'Ladeira Diogo Brito', '297', 'Casa 2', 'Floramar', 'Nascimento da Mata', 'MS', '96911959', 513617);
INSERT INTO moradores (id, nome, cpf, rg, email, telefone, rua, numero, complemento, bairro, cidade, uf, cep, condominio_id) VALUES (513657, 'Sr. Gustavo Silva', '34706295874', '711916284', 'morador41_539@condosmart.com', '55819477911', 'Passarela de Costa', '434', 'Bloco B', 'Guaratã', 'da Paz', 'RN', '13854044', 513617);
INSERT INTO moradores (id, nome, cpf, rg, email, telefone, rua, numero, complemento, bairro, cidade, uf, cep, condominio_id) VALUES (513658, 'Bella Cirino', '53894210605', '667187618', 'morador42_783@condosmart.com', '55419212587', 'Avenida José Montenegro', '323', 'Bloco B', 'Madri', 'Rezende', 'MS', '91503783', 513617);
INSERT INTO moradores (id, nome, cpf, rg, email, telefone, rua, numero, complemento, bairro, cidade, uf, cep, condominio_id) VALUES (513659, 'Vitor Machado', '20891456767', '911112971', 'morador43_588@condosmart.com', '55719032093', 'Avenida Mateus Lima', '545', '', 'Mariano De Abreu', 'Borges do Norte', 'MA', '20898699', 513617);
INSERT INTO moradores (id, nome, cpf, rg, email, telefone, rua, numero, complemento, bairro, cidade, uf, cep, condominio_id) VALUES (513660, 'Nina Pinto', '96135284746', '276948726', 'morador44_695@condosmart.com', '55849839594', 'Chácara Pacheco', '654', '', 'Lorena', 'Monteiro do Norte', 'MT', '56066613', 513617);
INSERT INTO moradores (id, nome, cpf, rg, email, telefone, rua, numero, complemento, bairro, cidade, uf, cep, condominio_id) VALUES (513661, 'Larissa Mendonça', '65308249105', '550175568', 'morador45_855@condosmart.com', '55319672154', 'Rodovia de Machado', '592', 'Bloco B', 'Cidade Jardim', 'Nascimento', 'CE', '72961048', 513617);
INSERT INTO moradores (id, nome, cpf, rg, email, telefone, rua, numero, complemento, bairro, cidade, uf, cep, condominio_id) VALUES (513662, 'Lorena Macedo', '85104296776', '130276934', 'morador46_588@condosmart.com', '55849922114', 'Loteamento Cassiano', '729', 'Fundos', 'Santo Agostinho', 'Siqueira de Goiás', 'RR', '72586337', 513617);
INSERT INTO moradores (id, nome, cpf, rg, email, telefone, rua, numero, complemento, bairro, cidade, uf, cep, condominio_id) VALUES (513663, 'Rodrigo Barbosa', '04925817388', '348871348', 'morador47_337@condosmart.com', '55819889596', 'Lago Sofia Costela', '859', '', 'Vila Nova Dos Milionarios', 'Rezende', 'SC', '40164765', 513617);
INSERT INTO moradores (id, nome, cpf, rg, email, telefone, rua, numero, complemento, bairro, cidade, uf, cep, condominio_id) VALUES (513664, 'Sr. Gael Alves', '50379281414', '795316095', 'morador48_226@condosmart.com', '55119174062', 'Quadra de Rocha', '754', 'Fundos', 'Camponesa 1ª Seção', 'Cassiano de Silva', 'MA', '54750123', 513617);
INSERT INTO moradores (id, nome, cpf, rg, email, telefone, rua, numero, complemento, bairro, cidade, uf, cep, condominio_id) VALUES (513665, 'Cecilia Fonseca', '64108237978', '842587057', 'morador49_169@condosmart.com', '55119309806', 'Estação de Almeida', '386', 'Fundos', 'Palmares', 'Viana do Sul', 'DF', '00431964', 513617);
INSERT INTO moradores (id, nome, cpf, rg, email, telefone, rua, numero, complemento, bairro, cidade, uf, cep, condominio_id) VALUES (513666, 'Maria Eduarda Novaes', '78602913559', '435679390', 'morador50_216@condosmart.com', '55419371080', 'Loteamento de Pereira', '896', 'Bloco B', 'Salgado Filho', 'da Luz de Martins', 'AM', '82770536', 513617);
INSERT INTO moradores (id, nome, cpf, rg, email, telefone, rua, numero, complemento, bairro, cidade, uf, cep, condominio_id) VALUES (513667, 'Ana Carolina Ribeiro', '32675019461', '371687832', 'morador51_508@condosmart.com', '55719075024', 'Conjunto Carvalho', '865', 'Casa 2', 'Jardinópolis', 'da Paz da Serra', 'GO', '45136137', 513617);
INSERT INTO moradores (id, nome, cpf, rg, email, telefone, rua, numero, complemento, bairro, cidade, uf, cep, condominio_id) VALUES (513668, 'Theodoro Souza', '39160748575', '738794897', 'morador52_721@condosmart.com', '55719436441', 'Lago Albuquerque', '322', '', 'Granja De Freitas', 'Pires de Goiás', 'ES', '12088469', 513617);
INSERT INTO moradores (id, nome, cpf, rg, email, telefone, rua, numero, complemento, bairro, cidade, uf, cep, condominio_id) VALUES (513669, 'Dr. José Miguel Vieira', '42381579079', '619925517', 'morador53_110@condosmart.com', '55319692751', 'Parque José Miguel Barbosa', '685', 'Fundos', 'Miramar', 'Peixoto', 'RS', '13672328', 513617);
INSERT INTO moradores (id, nome, cpf, rg, email, telefone, rua, numero, complemento, bairro, cidade, uf, cep, condominio_id) VALUES (513670, 'Anthony da Conceição', '21743568991', '399819316', 'morador54_776@condosmart.com', '55119586687', 'Quadra de Mendes', '187', 'Apto 101', 'Vila Primeiro De Maio', 'Marques', 'BA', '92221368', 513617);
INSERT INTO moradores (id, nome, cpf, rg, email, telefone, rua, numero, complemento, bairro, cidade, uf, cep, condominio_id) VALUES (513671, 'Ana Sophia Aragão', '67294351007', '158220417', 'morador55_145@condosmart.com', '55319947240', 'Largo Moraes', '946', 'Casa 2', 'Planalto', 'Sampaio do Oeste', 'RO', '37083782', 513617);
INSERT INTO moradores (id, nome, cpf, rg, email, telefone, rua, numero, complemento, bairro, cidade, uf, cep, condominio_id) VALUES (513672, 'Ravy Vieira', '81679042530', '619904349', 'morador56_322@condosmart.com', '55319022249', 'Avenida de da Cruz', '729', 'Apto 101', 'Vila Inestan', 'Andrade do Oeste', 'RN', '79656267', 513617);
INSERT INTO moradores (id, nome, cpf, rg, email, telefone, rua, numero, complemento, bairro, cidade, uf, cep, condominio_id) VALUES (513673, 'Sra. Nina Cardoso', '06732891413', '315723942', 'morador57_847@condosmart.com', '55419991532', 'Condomínio Stephany Aparecida', '215', 'Bloco B', 'Vila Satélite', 'Brito de Alves', 'PI', '67602222', 513617);
INSERT INTO moradores (id, nome, cpf, rg, email, telefone, rua, numero, complemento, bairro, cidade, uf, cep, condominio_id) VALUES (513674, 'Isadora Carvalho', '09632487150', '610844371', 'morador58_546@condosmart.com', '55849292559', 'Via Pimenta', '979', '', 'Concórdia', 'das Neves do Norte', 'BA', '61443801', 513617);
INSERT INTO moradores (id, nome, cpf, rg, email, telefone, rua, numero, complemento, bairro, cidade, uf, cep, condominio_id) VALUES (513675, 'Maria Sophia Oliveira', '83460127996', '141117117', 'morador59_764@condosmart.com', '55849228422', 'Avenida Benjamin Sales', '129', 'Apto 101', 'Buritis', 'Dias do Campo', 'ES', '86803117', 513617);
INSERT INTO moradores (id, nome, cpf, rg, email, telefone, rua, numero, complemento, bairro, cidade, uf, cep, condominio_id) VALUES (513676, 'Elisa Garcia', '57081392423', '110118259', 'morador60_826@condosmart.com', '55419342651', 'Viaduto Luiza Moreira', '487', 'Fundos', 'Vila Sesc', 'Silva', 'GO', '68855775', 513618);
INSERT INTO moradores (id, nome, cpf, rg, email, telefone, rua, numero, complemento, bairro, cidade, uf, cep, condominio_id) VALUES (513677, 'Vitor Oliveira', '93514806233', '624466443', 'morador61_959@condosmart.com', '55319108073', 'Vereda de da Rosa', '158', 'Casa 2', 'Serra', 'Abreu', 'RN', '77219251', 513618);
INSERT INTO moradores (id, nome, cpf, rg, email, telefone, rua, numero, complemento, bairro, cidade, uf, cep, condominio_id) VALUES (513678, 'Helena Freitas', '75432016826', '945302852', 'morador62_948@condosmart.com', '55119241085', 'Rodovia Vitor Gabriel Rezende', '419', '', 'Santa Isabel', 'Melo', 'SC', '71276831', 513618);
INSERT INTO moradores (id, nome, cpf, rg, email, telefone, rua, numero, complemento, bairro, cidade, uf, cep, condominio_id) VALUES (513679, 'Maria Helena Pereira', '69418527391', '468860486', 'morador63_366@condosmart.com', '55519385030', 'Vereda Maria Eduarda Câmara', '648', 'Apto 101', 'Lourdes', 'Costela de Minas', 'ES', '93932455', 513618);
INSERT INTO moradores (id, nome, cpf, rg, email, telefone, rua, numero, complemento, bairro, cidade, uf, cep, condominio_id) VALUES (513680, 'Samuel Campos', '15320846924', '680149722', 'morador64_347@condosmart.com', '55619407910', 'Campo de Costa', '251', 'Apto 101', 'Estrela Do Oriente', 'Aragão', 'RR', '97477401', 513618);
INSERT INTO moradores (id, nome, cpf, rg, email, telefone, rua, numero, complemento, bairro, cidade, uf, cep, condominio_id) VALUES (513681, 'Yasmin Casa Grande', '52781096377', '484522745', 'morador65_344@condosmart.com', '55119772837', 'Via Gomes', '428', 'Casa 2', 'Betânia', 'Marques', 'PB', '43791561', 513618);
INSERT INTO moradores (id, nome, cpf, rg, email, telefone, rua, numero, complemento, bairro, cidade, uf, cep, condominio_id) VALUES (513682, 'Luiz Felipe Fernandes', '90634271580', '981973392', 'morador66_764@condosmart.com', '55419070812', 'Morro Leão', '314', 'Casa 2', 'Tres Marias', 'Cirino de Pereira', 'MS', '75034170', 513618);
INSERT INTO moradores (id, nome, cpf, rg, email, telefone, rua, numero, complemento, bairro, cidade, uf, cep, condominio_id) VALUES (513683, 'Renan Cavalcanti', '84639157010', '916153950', 'morador67_815@condosmart.com', '55419424217', 'Recanto de Sá', '548', 'Fundos', 'Funcionários', 'da Mata Verde', 'PE', '48063333', 513618);
INSERT INTO moradores (id, nome, cpf, rg, email, telefone, rua, numero, complemento, bairro, cidade, uf, cep, condominio_id) VALUES (513684, 'Dr. Dom Ramos', '61520798458', '990460763', 'morador68_478@condosmart.com', '55849254089', 'Vereda Peixoto', '155', 'Bloco B', 'Minas Brasil', 'Pastor', 'RO', '13480910', 513618);
INSERT INTO moradores (id, nome, cpf, rg, email, telefone, rua, numero, complemento, bairro, cidade, uf, cep, condominio_id) VALUES (513685, 'Dr. Gustavo Henrique Barros', '93408167222', '190796508', 'morador69_116@condosmart.com', '55519153100', 'Feira Luiza Caldeira', '560', 'Casa 2', 'Vila Rica', 'Viana', 'RJ', '87908571', 513618);
INSERT INTO moradores (id, nome, cpf, rg, email, telefone, rua, numero, complemento, bairro, cidade, uf, cep, condominio_id) VALUES (513686, 'Lívia Araújo', '51823947050', '281502139', 'morador70_728@condosmart.com', '55719732910', 'Estação Azevedo', '422', '', 'Coração De Jesus', 'Silveira', 'RO', '80775263', 513618);
INSERT INTO moradores (id, nome, cpf, rg, email, telefone, rua, numero, complemento, bairro, cidade, uf, cep, condominio_id) VALUES (513687, 'Valentina Cardoso', '72109458658', '872725152', 'morador71_237@condosmart.com', '55519567154', 'Vereda de Borges', '503', 'Bloco B', 'Vista Do Sol', 'Nogueira de Rios', 'SE', '75232661', 513618);
INSERT INTO moradores (id, nome, cpf, rg, email, telefone, rua, numero, complemento, bairro, cidade, uf, cep, condominio_id) VALUES (513688, 'Alana da Mata', '27946385137', '404443975', 'morador72_321@condosmart.com', '55119197173', 'Aeroporto Lívia Rios', '966', 'Casa 2', 'Monte São José', 'Nunes da Serra', 'MA', '29851569', 513618);
INSERT INTO moradores (id, nome, cpf, rg, email, telefone, rua, numero, complemento, bairro, cidade, uf, cep, condominio_id) VALUES (513689, 'Isabela Rodrigues', '71956840249', '553743309', 'morador73_348@condosmart.com', '55849578046', 'Distrito de das Neves', '755', 'Bloco B', 'Lagoa', 'da Luz', 'PR', '19995881', 513618);
INSERT INTO moradores (id, nome, cpf, rg, email, telefone, rua, numero, complemento, bairro, cidade, uf, cep, condominio_id) VALUES (513690, 'Sra. Manuella Ribeiro', '10689275340', '295213480', 'morador74_101@condosmart.com', '55319801662', 'Estação Ana Beatriz Gonçalves', '414', 'Apto 101', 'São Cristóvão', 'Martins', 'SP', '43728245', 513618);
INSERT INTO moradores (id, nome, cpf, rg, email, telefone, rua, numero, complemento, bairro, cidade, uf, cep, condominio_id) VALUES (513691, 'Henrique das Neves', '70465823947', '135109648', 'morador75_652@condosmart.com', '55119852821', 'Passarela Machado', '417', '', 'Ipe', 'Andrade de Cavalcante', 'PB', '68417983', 513618);
INSERT INTO moradores (id, nome, cpf, rg, email, telefone, rua, numero, complemento, bairro, cidade, uf, cep, condominio_id) VALUES (513692, 'Dr. Caleb Mendonça', '09275834610', '351873474', 'morador76_482@condosmart.com', '55219371682', 'Setor Luiz Henrique Silveira', '409', '', 'Providencia', 'Cirino', 'GO', '27506510', 513618);
INSERT INTO moradores (id, nome, cpf, rg, email, telefone, rua, numero, complemento, bairro, cidade, uf, cep, condominio_id) VALUES (513693, 'Diogo Fonseca', '61204398542', '809913052', 'morador77_608@condosmart.com', '55619140891', 'Vereda da Rocha', '284', 'Fundos', 'Conjunto Santa Maria', 'Machado', 'AC', '27111895', 513618);
INSERT INTO moradores (id, nome, cpf, rg, email, telefone, rua, numero, complemento, bairro, cidade, uf, cep, condominio_id) VALUES (513694, 'Júlia da Costa', '21380476950', '255993467', 'morador78_648@condosmart.com', '55619786674', 'Praça Câmara', '557', 'Casa 2', 'Jardim Dos Comerciarios', 'Rodrigues', 'MA', '21587784', 513618);
INSERT INTO moradores (id, nome, cpf, rg, email, telefone, rua, numero, complemento, bairro, cidade, uf, cep, condominio_id) VALUES (513695, 'Jade Cavalcante', '45130862708', '649719418', 'morador79_375@condosmart.com', '55119501119', 'Largo de Rios', '472', 'Bloco B', 'Jatobá', 'Porto', 'BA', '11394590', 513618);
INSERT INTO moradores (id, nome, cpf, rg, email, telefone, rua, numero, complemento, bairro, cidade, uf, cep, condominio_id) VALUES (513696, 'Bianca Novaes', '05961342743', '392074681', 'morador80_506@condosmart.com', '55719547633', 'Viaduto Marques', '573', 'Bloco B', 'Silveira', 'Alves de Barbosa', 'SP', '04843388', 513618);
INSERT INTO moradores (id, nome, cpf, rg, email, telefone, rua, numero, complemento, bairro, cidade, uf, cep, condominio_id) VALUES (513697, 'Maria Laura Martins', '28751496011', '768238206', 'morador81_695@condosmart.com', '55849532015', 'Pátio Carlos Eduardo Rios', '109', 'Apto 101', 'Cônego Pinheiro 2ª Seção', 'Souza', 'MG', '99899075', 513618);
INSERT INTO moradores (id, nome, cpf, rg, email, telefone, rua, numero, complemento, bairro, cidade, uf, cep, condominio_id) VALUES (513698, 'Maria Júlia Araújo', '90286174340', '192302815', 'morador82_755@condosmart.com', '55619432641', 'Parque de da Paz', '190', 'Casa 2', 'Vila Rica', 'Dias', 'BA', '99578531', 513618);
INSERT INTO moradores (id, nome, cpf, rg, email, telefone, rua, numero, complemento, bairro, cidade, uf, cep, condominio_id) VALUES (513699, 'Sr. Vicente Novaes', '02174593661', '115636952', 'morador83_552@condosmart.com', '55849933580', 'Recanto de Azevedo', '892', 'Apto 101', 'Esperança', 'Rios', 'BA', '37980737', 513618);
INSERT INTO moradores (id, nome, cpf, rg, email, telefone, rua, numero, complemento, bairro, cidade, uf, cep, condominio_id) VALUES (513700, 'Rebeca Casa Grande', '34871952673', '419437879', 'morador84_775@condosmart.com', '55719940201', 'Aeroporto Diego Guerra', '639', 'Apto 101', 'São Marcos', 'Silva da Prata', 'SC', '18072001', 513618);
INSERT INTO moradores (id, nome, cpf, rg, email, telefone, rua, numero, complemento, bairro, cidade, uf, cep, condominio_id) VALUES (513701, 'Lucca Dias', '23795401607', '524794182', 'morador85_894@condosmart.com', '55119395096', 'Vale Fernandes', '326', '', 'Vila Jardim Leblon', 'Barbosa de Araújo', 'BA', '61967691', 513618);
INSERT INTO moradores (id, nome, cpf, rg, email, telefone, rua, numero, complemento, bairro, cidade, uf, cep, condominio_id) VALUES (513702, 'Dr. Henry Gabriel da Luz', '06451928720', '975907414', 'morador86_445@condosmart.com', '55719754160', 'Parque Raul Albuquerque', '331', 'Fundos', 'Nossa Senhora Da Conceição', 'Câmara', 'MG', '16138033', 513618);
INSERT INTO moradores (id, nome, cpf, rg, email, telefone, rua, numero, complemento, bairro, cidade, uf, cep, condominio_id) VALUES (513703, 'Pedro Lucas Dias', '96780145211', '879919743', 'morador87_208@condosmart.com', '55719941670', 'Distrito Sá', '243', 'Bloco B', 'João Alfredo', 'Pires de Ramos', 'RO', '27072833', 513618);
INSERT INTO moradores (id, nome, cpf, rg, email, telefone, rua, numero, complemento, bairro, cidade, uf, cep, condominio_id) VALUES (513704, 'Alexia Moreira', '63587902429', '311456180', 'morador88_319@condosmart.com', '55519153809', 'Via de Rios', '106', 'Fundos', 'Álvaro Camargos', 'Novaes das Pedras', 'BA', '42997548', 513618);
INSERT INTO moradores (id, nome, cpf, rg, email, telefone, rua, numero, complemento, bairro, cidade, uf, cep, condominio_id) VALUES (513705, 'Maria Sophia Nunes', '96372015480', '335008549', 'morador89_182@condosmart.com', '55319188317', 'Colônia Luigi Albuquerque', '870', 'Casa 2', 'Conjunto Santa Maria', 'Cassiano', 'PA', '83385814', 513618);

INSERT INTO unidades_residenciais (id, identificador, numero, rua, complemento, bairro, cidade, uf, cep, telefone_residencial, telefone_celular, condominio_id, morador_id, sindico_id) VALUES (513616, 'Apto 549', '113', 'Rodovia Jesus', '', 'Santo Agostinho', 'Teixeira Paulista', 'ES', '23807360', '55619437613', '55819365253', 513616, 513616, 513616);
INSERT INTO unidades_residenciais (id, identificador, numero, rua, complemento, bairro, cidade, uf, cep, telefone_residencial, telefone_celular, condominio_id, morador_id, sindico_id) VALUES (513617, 'Apto 709', '4764', 'Rodovia Jesus', '', 'Santo Agostinho', 'Teixeira Paulista', 'ES', '23807360', '55319986447', '55119796088', 513616, 513617, 513616);
INSERT INTO unidades_residenciais (id, identificador, numero, rua, complemento, bairro, cidade, uf, cep, telefone_residencial, telefone_celular, condominio_id, morador_id, sindico_id) VALUES (513618, 'Apto 489', '6407', 'Rodovia Jesus', '', 'Santo Agostinho', 'Teixeira Paulista', 'ES', '23807360', '55119702967', '55119307048', 513616, 513618, 513616);
INSERT INTO unidades_residenciais (id, identificador, numero, rua, complemento, bairro, cidade, uf, cep, telefone_residencial, telefone_celular, condominio_id, morador_id, sindico_id) VALUES (513619, 'Apto 848', '1056', 'Rodovia Jesus', '', 'Santo Agostinho', 'Teixeira Paulista', 'ES', '23807360', '55319288968', '55849673826', 513616, 513619, 513616);
INSERT INTO unidades_residenciais (id, identificador, numero, rua, complemento, bairro, cidade, uf, cep, telefone_residencial, telefone_celular, condominio_id, morador_id, sindico_id) VALUES (513620, 'Apto 491', '7416', 'Rodovia Jesus', '', 'Santo Agostinho', 'Teixeira Paulista', 'ES', '23807360', '55719427625', '55519364954', 513616, 513620, 513616);
INSERT INTO unidades_residenciais (id, identificador, numero, rua, complemento, bairro, cidade, uf, cep, telefone_residencial, telefone_celular, condominio_id, morador_id, sindico_id) VALUES (513621, 'Apto 560', '4254', 'Rodovia Jesus', '', 'Santo Agostinho', 'Teixeira Paulista', 'ES', '23807360', '55519072510', '55619812038', 513616, 513621, 513616);
INSERT INTO unidades_residenciais (id, identificador, numero, rua, complemento, bairro, cidade, uf, cep, telefone_residencial, telefone_celular, condominio_id, morador_id, sindico_id) VALUES (513622, 'Apto 782', '7156', 'Rodovia Jesus', '', 'Santo Agostinho', 'Teixeira Paulista', 'ES', '23807360', '55619896354', '55119982574', 513616, 513622, 513616);
INSERT INTO unidades_residenciais (id, identificador, numero, rua, complemento, bairro, cidade, uf, cep, telefone_residencial, telefone_celular, condominio_id, morador_id, sindico_id) VALUES (513623, 'Apto 380', '6965', 'Rodovia Jesus', '', 'Santo Agostinho', 'Teixeira Paulista', 'ES', '23807360', '55419955260', '55819737399', 513616, 513623, 513616);
INSERT INTO unidades_residenciais (id, identificador, numero, rua, complemento, bairro, cidade, uf, cep, telefone_residencial, telefone_celular, condominio_id, morador_id, sindico_id) VALUES (513624, 'Apto 497', '1306', 'Rodovia Jesus', '', 'Santo Agostinho', 'Teixeira Paulista', 'ES', '23807360', '55519967319', '55719598067', 513616, 513624, 513616);
INSERT INTO unidades_residenciais (id, identificador, numero, rua, complemento, bairro, cidade, uf, cep, telefone_residencial, telefone_celular, condominio_id, morador_id, sindico_id) VALUES (513625, 'Apto 726', '7209', 'Rodovia Jesus', '', 'Santo Agostinho', 'Teixeira Paulista', 'ES', '23807360', '55219847635', '55819116064', 513616, 513625, 513616);
INSERT INTO unidades_residenciais (id, identificador, numero, rua, complemento, bairro, cidade, uf, cep, telefone_residencial, telefone_celular, condominio_id, morador_id, sindico_id) VALUES (513626, 'Apto 364', '6775', 'Rodovia Jesus', '', 'Santo Agostinho', 'Teixeira Paulista', 'ES', '23807360', '55849430814', '55219643893', 513616, 513626, 513616);
INSERT INTO unidades_residenciais (id, identificador, numero, rua, complemento, bairro, cidade, uf, cep, telefone_residencial, telefone_celular, condominio_id, morador_id, sindico_id) VALUES (513627, 'Apto 894', '8909', 'Rodovia Jesus', '', 'Santo Agostinho', 'Teixeira Paulista', 'ES', '23807360', '55119631412', '55419887044', 513616, 513627, 513616);
INSERT INTO unidades_residenciais (id, identificador, numero, rua, complemento, bairro, cidade, uf, cep, telefone_residencial, telefone_celular, condominio_id, morador_id, sindico_id) VALUES (513628, 'Apto 715', '1500', 'Rodovia Jesus', '', 'Santo Agostinho', 'Teixeira Paulista', 'ES', '23807360', '55819144101', '55619106716', 513616, 513628, 513616);
INSERT INTO unidades_residenciais (id, identificador, numero, rua, complemento, bairro, cidade, uf, cep, telefone_residencial, telefone_celular, condominio_id, morador_id, sindico_id) VALUES (513629, 'Apto 322', '6840', 'Rodovia Jesus', '', 'Santo Agostinho', 'Teixeira Paulista', 'ES', '23807360', '55719731207', '55719881290', 513616, 513629, 513616);
INSERT INTO unidades_residenciais (id, identificador, numero, rua, complemento, bairro, cidade, uf, cep, telefone_residencial, telefone_celular, condominio_id, morador_id, sindico_id) VALUES (513630, 'Apto 350', '4104', 'Rodovia Jesus', '', 'Santo Agostinho', 'Teixeira Paulista', 'ES', '23807360', '55219009728', '55119735699', 513616, 513630, 513616);
INSERT INTO unidades_residenciais (id, identificador, numero, rua, complemento, bairro, cidade, uf, cep, telefone_residencial, telefone_celular, condominio_id, morador_id, sindico_id) VALUES (513631, 'Apto 117', '3882', 'Rodovia Jesus', '', 'Santo Agostinho', 'Teixeira Paulista', 'ES', '23807360', '55319798478', '55519311413', 513616, 513631, 513616);
INSERT INTO unidades_residenciais (id, identificador, numero, rua, complemento, bairro, cidade, uf, cep, telefone_residencial, telefone_celular, condominio_id, morador_id, sindico_id) VALUES (513632, 'Apto 781', '2375', 'Rodovia Jesus', '', 'Santo Agostinho', 'Teixeira Paulista', 'ES', '23807360', '55819738706', '55319004290', 513616, 513632, 513616);
INSERT INTO unidades_residenciais (id, identificador, numero, rua, complemento, bairro, cidade, uf, cep, telefone_residencial, telefone_celular, condominio_id, morador_id, sindico_id) VALUES (513633, 'Apto 264', '2647', 'Rodovia Jesus', '', 'Santo Agostinho', 'Teixeira Paulista', 'ES', '23807360', '55819746780', '55119339406', 513616, 513633, 513616);
INSERT INTO unidades_residenciais (id, identificador, numero, rua, complemento, bairro, cidade, uf, cep, telefone_residencial, telefone_celular, condominio_id, morador_id, sindico_id) VALUES (513634, 'Apto 989', '2524', 'Rodovia Jesus', '', 'Santo Agostinho', 'Teixeira Paulista', 'ES', '23807360', '55519612285', '55819545337', 513616, 513634, 513616);
INSERT INTO unidades_residenciais (id, identificador, numero, rua, complemento, bairro, cidade, uf, cep, telefone_residencial, telefone_celular, condominio_id, morador_id, sindico_id) VALUES (513635, 'Apto 603', '1544', 'Rodovia Jesus', '', 'Santo Agostinho', 'Teixeira Paulista', 'ES', '23807360', '55119618990', '55419455036', 513616, 513635, 513616);
INSERT INTO unidades_residenciais (id, identificador, numero, rua, complemento, bairro, cidade, uf, cep, telefone_residencial, telefone_celular, condominio_id, morador_id, sindico_id) VALUES (513636, 'Apto 541', '1666', 'Rodovia Jesus', '', 'Santo Agostinho', 'Teixeira Paulista', 'ES', '23807360', '55819362538', '55319200652', 513616, 513636, 513616);
INSERT INTO unidades_residenciais (id, identificador, numero, rua, complemento, bairro, cidade, uf, cep, telefone_residencial, telefone_celular, condominio_id, morador_id, sindico_id) VALUES (513637, 'Apto 201', '8844', 'Rodovia Jesus', '', 'Santo Agostinho', 'Teixeira Paulista', 'ES', '23807360', '55619899128', '55819557303', 513616, 513637, 513616);
INSERT INTO unidades_residenciais (id, identificador, numero, rua, complemento, bairro, cidade, uf, cep, telefone_residencial, telefone_celular, condominio_id, morador_id, sindico_id) VALUES (513638, 'Apto 648', '1478', 'Rodovia Jesus', '', 'Santo Agostinho', 'Teixeira Paulista', 'ES', '23807360', '55819447864', '55849400348', 513616, 513638, 513616);
INSERT INTO unidades_residenciais (id, identificador, numero, rua, complemento, bairro, cidade, uf, cep, telefone_residencial, telefone_celular, condominio_id, morador_id, sindico_id) VALUES (513639, 'Apto 763', '5002', 'Rodovia Jesus', '', 'Santo Agostinho', 'Teixeira Paulista', 'ES', '23807360', '55819496903', '55219806793', 513616, 513639, 513616);
INSERT INTO unidades_residenciais (id, identificador, numero, rua, complemento, bairro, cidade, uf, cep, telefone_residencial, telefone_celular, condominio_id, morador_id, sindico_id) VALUES (513640, 'Apto 77', '1071', 'Rodovia Jesus', '', 'Santo Agostinho', 'Teixeira Paulista', 'ES', '23807360', '55519335247', '55119804362', 513616, 513640, 513616);
INSERT INTO unidades_residenciais (id, identificador, numero, rua, complemento, bairro, cidade, uf, cep, telefone_residencial, telefone_celular, condominio_id, morador_id, sindico_id) VALUES (513641, 'Apto 87', '8032', 'Rodovia Jesus', '', 'Santo Agostinho', 'Teixeira Paulista', 'ES', '23807360', '55819875609', '55519849751', 513616, 513641, 513616);
INSERT INTO unidades_residenciais (id, identificador, numero, rua, complemento, bairro, cidade, uf, cep, telefone_residencial, telefone_celular, condominio_id, morador_id, sindico_id) VALUES (513642, 'Apto 166', '6496', 'Rodovia Jesus', '', 'Santo Agostinho', 'Teixeira Paulista', 'ES', '23807360', '55819232157', '55719745362', 513616, 513642, 513616);
INSERT INTO unidades_residenciais (id, identificador, numero, rua, complemento, bairro, cidade, uf, cep, telefone_residencial, telefone_celular, condominio_id, morador_id, sindico_id) VALUES (513643, 'Apto 210', '7853', 'Rodovia Jesus', '', 'Santo Agostinho', 'Teixeira Paulista', 'ES', '23807360', '55619908917', '55849232526', 513616, 513643, 513616);
INSERT INTO unidades_residenciais (id, identificador, numero, rua, complemento, bairro, cidade, uf, cep, telefone_residencial, telefone_celular, condominio_id, morador_id, sindico_id) VALUES (513644, 'Apto 887', '6640', 'Rodovia Jesus', '', 'Santo Agostinho', 'Teixeira Paulista', 'ES', '23807360', '55849042299', '55719130491', 513616, 513644, 513616);
INSERT INTO unidades_residenciais (id, identificador, numero, rua, complemento, bairro, cidade, uf, cep, telefone_residencial, telefone_celular, condominio_id, morador_id, sindico_id) VALUES (513645, 'Apto 949', '6896', 'Rodovia Jesus', '', 'Santo Agostinho', 'Teixeira Paulista', 'ES', '23807360', '55849268585', '55119190753', 513616, 513645, 513616);
INSERT INTO unidades_residenciais (id, identificador, numero, rua, complemento, bairro, cidade, uf, cep, telefone_residencial, telefone_celular, condominio_id, morador_id, sindico_id) VALUES (513646, 'Apto 70', '6588', 'Chácara Maya Caldeira', '', 'Santa Margarida', 'Câmara', 'PI', '57026602', '55849304339', '55119509016', 513617, 513646, 513617);
INSERT INTO unidades_residenciais (id, identificador, numero, rua, complemento, bairro, cidade, uf, cep, telefone_residencial, telefone_celular, condominio_id, morador_id, sindico_id) VALUES (513647, 'Apto 102', '5866', 'Chácara Maya Caldeira', '', 'Santa Margarida', 'Câmara', 'PI', '57026602', '55419852614', '55119587512', 513617, 513647, 513617);
INSERT INTO unidades_residenciais (id, identificador, numero, rua, complemento, bairro, cidade, uf, cep, telefone_residencial, telefone_celular, condominio_id, morador_id, sindico_id) VALUES (513648, 'Apto 776', '6410', 'Chácara Maya Caldeira', '', 'Santa Margarida', 'Câmara', 'PI', '57026602', '55619132585', '55819334528', 513617, 513648, 513617);
INSERT INTO unidades_residenciais (id, identificador, numero, rua, complemento, bairro, cidade, uf, cep, telefone_residencial, telefone_celular, condominio_id, morador_id, sindico_id) VALUES (513649, 'Apto 187', '2682', 'Chácara Maya Caldeira', '', 'Santa Margarida', 'Câmara', 'PI', '57026602', '55719478684', '55849627032', 513617, 513649, 513617);
INSERT INTO unidades_residenciais (id, identificador, numero, rua, complemento, bairro, cidade, uf, cep, telefone_residencial, telefone_celular, condominio_id, morador_id, sindico_id) VALUES (513650, 'Apto 486', '1240', 'Chácara Maya Caldeira', '', 'Santa Margarida', 'Câmara', 'PI', '57026602', '55719463750', '55519117468', 513617, 513650, 513617);
INSERT INTO unidades_residenciais (id, identificador, numero, rua, complemento, bairro, cidade, uf, cep, telefone_residencial, telefone_celular, condominio_id, morador_id, sindico_id) VALUES (513651, 'Apto 306', '688', 'Chácara Maya Caldeira', '', 'Santa Margarida', 'Câmara', 'PI', '57026602', '55719782810', '55419628979', 513617, 513651, 513617);
INSERT INTO unidades_residenciais (id, identificador, numero, rua, complemento, bairro, cidade, uf, cep, telefone_residencial, telefone_celular, condominio_id, morador_id, sindico_id) VALUES (513652, 'Apto 401', '4149', 'Chácara Maya Caldeira', '', 'Santa Margarida', 'Câmara', 'PI', '57026602', '55119176821', '55719241438', 513617, 513652, 513617);
INSERT INTO unidades_residenciais (id, identificador, numero, rua, complemento, bairro, cidade, uf, cep, telefone_residencial, telefone_celular, condominio_id, morador_id, sindico_id) VALUES (513653, 'Apto 117', '3138', 'Chácara Maya Caldeira', '', 'Santa Margarida', 'Câmara', 'PI', '57026602', '55519949282', '55319450988', 513617, 513653, 513617);
INSERT INTO unidades_residenciais (id, identificador, numero, rua, complemento, bairro, cidade, uf, cep, telefone_residencial, telefone_celular, condominio_id, morador_id, sindico_id) VALUES (513654, 'Apto 900', '4274', 'Chácara Maya Caldeira', '', 'Santa Margarida', 'Câmara', 'PI', '57026602', '55719105486', '55619689955', 513617, 513654, 513617);
INSERT INTO unidades_residenciais (id, identificador, numero, rua, complemento, bairro, cidade, uf, cep, telefone_residencial, telefone_celular, condominio_id, morador_id, sindico_id) VALUES (513655, 'Apto 80', '927', 'Chácara Maya Caldeira', '', 'Santa Margarida', 'Câmara', 'PI', '57026602', '55519597482', '55419591021', 513617, 513655, 513617);
INSERT INTO unidades_residenciais (id, identificador, numero, rua, complemento, bairro, cidade, uf, cep, telefone_residencial, telefone_celular, condominio_id, morador_id, sindico_id) VALUES (513656, 'Apto 85', '801', 'Chácara Maya Caldeira', '', 'Santa Margarida', 'Câmara', 'PI', '57026602', '55319877700', '55419439690', 513617, 513656, 513617);
INSERT INTO unidades_residenciais (id, identificador, numero, rua, complemento, bairro, cidade, uf, cep, telefone_residencial, telefone_celular, condominio_id, morador_id, sindico_id) VALUES (513657, 'Apto 322', '1558', 'Chácara Maya Caldeira', '', 'Santa Margarida', 'Câmara', 'PI', '57026602', '55619462503', '55419298617', 513617, 513657, 513617);
INSERT INTO unidades_residenciais (id, identificador, numero, rua, complemento, bairro, cidade, uf, cep, telefone_residencial, telefone_celular, condominio_id, morador_id, sindico_id) VALUES (513658, 'Apto 734', '5972', 'Chácara Maya Caldeira', '', 'Santa Margarida', 'Câmara', 'PI', '57026602', '55819454257', '55219051691', 513617, 513658, 513617);
INSERT INTO unidades_residenciais (id, identificador, numero, rua, complemento, bairro, cidade, uf, cep, telefone_residencial, telefone_celular, condominio_id, morador_id, sindico_id) VALUES (513659, 'Apto 663', '7809', 'Chácara Maya Caldeira', '', 'Santa Margarida', 'Câmara', 'PI', '57026602', '55419961538', '55819550648', 513617, 513659, 513617);
INSERT INTO unidades_residenciais (id, identificador, numero, rua, complemento, bairro, cidade, uf, cep, telefone_residencial, telefone_celular, condominio_id, morador_id, sindico_id) VALUES (513660, 'Apto 448', '8177', 'Chácara Maya Caldeira', '', 'Santa Margarida', 'Câmara', 'PI', '57026602', '55849038482', '55719388366', 513617, 513660, 513617);
INSERT INTO unidades_residenciais (id, identificador, numero, rua, complemento, bairro, cidade, uf, cep, telefone_residencial, telefone_celular, condominio_id, morador_id, sindico_id) VALUES (513661, 'Apto 688', '7352', 'Chácara Maya Caldeira', '', 'Santa Margarida', 'Câmara', 'PI', '57026602', '55119109415', '55849925865', 513617, 513661, 513617);
INSERT INTO unidades_residenciais (id, identificador, numero, rua, complemento, bairro, cidade, uf, cep, telefone_residencial, telefone_celular, condominio_id, morador_id, sindico_id) VALUES (513662, 'Apto 407', '7803', 'Chácara Maya Caldeira', '', 'Santa Margarida', 'Câmara', 'PI', '57026602', '55319539244', '55849442539', 513617, 513662, 513617);
INSERT INTO unidades_residenciais (id, identificador, numero, rua, complemento, bairro, cidade, uf, cep, telefone_residencial, telefone_celular, condominio_id, morador_id, sindico_id) VALUES (513663, 'Apto 544', '9834', 'Chácara Maya Caldeira', '', 'Santa Margarida', 'Câmara', 'PI', '57026602', '55119918772', '55619332324', 513617, 513663, 513617);
INSERT INTO unidades_residenciais (id, identificador, numero, rua, complemento, bairro, cidade, uf, cep, telefone_residencial, telefone_celular, condominio_id, morador_id, sindico_id) VALUES (513664, 'Apto 157', '6465', 'Chácara Maya Caldeira', '', 'Santa Margarida', 'Câmara', 'PI', '57026602', '55119871075', '55849406020', 513617, 513664, 513617);
INSERT INTO unidades_residenciais (id, identificador, numero, rua, complemento, bairro, cidade, uf, cep, telefone_residencial, telefone_celular, condominio_id, morador_id, sindico_id) VALUES (513665, 'Apto 230', '7549', 'Chácara Maya Caldeira', '', 'Santa Margarida', 'Câmara', 'PI', '57026602', '55219470842', '55419069254', 513617, 513665, 513617);
INSERT INTO unidades_residenciais (id, identificador, numero, rua, complemento, bairro, cidade, uf, cep, telefone_residencial, telefone_celular, condominio_id, morador_id, sindico_id) VALUES (513666, 'Apto 573', '8209', 'Chácara Maya Caldeira', '', 'Santa Margarida', 'Câmara', 'PI', '57026602', '55819364241', '55819046751', 513617, 513666, 513617);
INSERT INTO unidades_residenciais (id, identificador, numero, rua, complemento, bairro, cidade, uf, cep, telefone_residencial, telefone_celular, condominio_id, morador_id, sindico_id) VALUES (513667, 'Apto 107', '8741', 'Chácara Maya Caldeira', '', 'Santa Margarida', 'Câmara', 'PI', '57026602', '55719313290', '55419765305', 513617, 513667, 513617);
INSERT INTO unidades_residenciais (id, identificador, numero, rua, complemento, bairro, cidade, uf, cep, telefone_residencial, telefone_celular, condominio_id, morador_id, sindico_id) VALUES (513668, 'Apto 658', '8758', 'Chácara Maya Caldeira', '', 'Santa Margarida', 'Câmara', 'PI', '57026602', '55849941238', '55219548848', 513617, 513668, 513617);
INSERT INTO unidades_residenciais (id, identificador, numero, rua, complemento, bairro, cidade, uf, cep, telefone_residencial, telefone_celular, condominio_id, morador_id, sindico_id) VALUES (513669, 'Apto 988', '9767', 'Chácara Maya Caldeira', '', 'Santa Margarida', 'Câmara', 'PI', '57026602', '55119618781', '55619698316', 513617, 513669, 513617);
INSERT INTO unidades_residenciais (id, identificador, numero, rua, complemento, bairro, cidade, uf, cep, telefone_residencial, telefone_celular, condominio_id, morador_id, sindico_id) VALUES (513670, 'Apto 763', '1840', 'Chácara Maya Caldeira', '', 'Santa Margarida', 'Câmara', 'PI', '57026602', '55719019851', '55849885491', 513617, 513670, 513617);
INSERT INTO unidades_residenciais (id, identificador, numero, rua, complemento, bairro, cidade, uf, cep, telefone_residencial, telefone_celular, condominio_id, morador_id, sindico_id) VALUES (513671, 'Apto 942', '4641', 'Chácara Maya Caldeira', '', 'Santa Margarida', 'Câmara', 'PI', '57026602', '55849494830', '55719772934', 513617, 513671, 513617);
INSERT INTO unidades_residenciais (id, identificador, numero, rua, complemento, bairro, cidade, uf, cep, telefone_residencial, telefone_celular, condominio_id, morador_id, sindico_id) VALUES (513672, 'Apto 885', '5176', 'Chácara Maya Caldeira', '', 'Santa Margarida', 'Câmara', 'PI', '57026602', '55719245686', '55219164884', 513617, 513672, 513617);
INSERT INTO unidades_residenciais (id, identificador, numero, rua, complemento, bairro, cidade, uf, cep, telefone_residencial, telefone_celular, condominio_id, morador_id, sindico_id) VALUES (513673, 'Apto 275', '6733', 'Chácara Maya Caldeira', '', 'Santa Margarida', 'Câmara', 'PI', '57026602', '55819841904', '55119216842', 513617, 513673, 513617);
INSERT INTO unidades_residenciais (id, identificador, numero, rua, complemento, bairro, cidade, uf, cep, telefone_residencial, telefone_celular, condominio_id, morador_id, sindico_id) VALUES (513674, 'Apto 631', '4651', 'Chácara Maya Caldeira', '', 'Santa Margarida', 'Câmara', 'PI', '57026602', '55819356291', '55219097118', 513617, 513674, 513617);
INSERT INTO unidades_residenciais (id, identificador, numero, rua, complemento, bairro, cidade, uf, cep, telefone_residencial, telefone_celular, condominio_id, morador_id, sindico_id) VALUES (513675, 'Apto 390', '73', 'Chácara Maya Caldeira', '', 'Santa Margarida', 'Câmara', 'PI', '57026602', '55619630391', '55519447282', 513617, 513675, 513617);
INSERT INTO unidades_residenciais (id, identificador, numero, rua, complemento, bairro, cidade, uf, cep, telefone_residencial, telefone_celular, condominio_id, morador_id, sindico_id) VALUES (513676, 'Apto 626', '4484', 'Recanto de Oliveira', '', 'Marieta 1ª Seção', 'Silveira', 'PB', '75592575', '55519355590', '55219899917', 513618, 513676, 513618);
INSERT INTO unidades_residenciais (id, identificador, numero, rua, complemento, bairro, cidade, uf, cep, telefone_residencial, telefone_celular, condominio_id, morador_id, sindico_id) VALUES (513677, 'Apto 520', '1494', 'Recanto de Oliveira', '', 'Marieta 1ª Seção', 'Silveira', 'PB', '75592575', '55119502933', '55819503404', 513618, 513677, 513618);
INSERT INTO unidades_residenciais (id, identificador, numero, rua, complemento, bairro, cidade, uf, cep, telefone_residencial, telefone_celular, condominio_id, morador_id, sindico_id) VALUES (513678, 'Apto 609', '4766', 'Recanto de Oliveira', '', 'Marieta 1ª Seção', 'Silveira', 'PB', '75592575', '55119768133', '55519736826', 513618, 513678, 513618);
INSERT INTO unidades_residenciais (id, identificador, numero, rua, complemento, bairro, cidade, uf, cep, telefone_residencial, telefone_celular, condominio_id, morador_id, sindico_id) VALUES (513679, 'Apto 970', '2701', 'Recanto de Oliveira', '', 'Marieta 1ª Seção', 'Silveira', 'PB', '75592575', '55819237025', '55119218653', 513618, 513679, 513618);
INSERT INTO unidades_residenciais (id, identificador, numero, rua, complemento, bairro, cidade, uf, cep, telefone_residencial, telefone_celular, condominio_id, morador_id, sindico_id) VALUES (513680, 'Apto 199', '3068', 'Recanto de Oliveira', '', 'Marieta 1ª Seção', 'Silveira', 'PB', '75592575', '55119012995', '55819853335', 513618, 513680, 513618);
INSERT INTO unidades_residenciais (id, identificador, numero, rua, complemento, bairro, cidade, uf, cep, telefone_residencial, telefone_celular, condominio_id, morador_id, sindico_id) VALUES (513681, 'Apto 243', '5973', 'Recanto de Oliveira', '', 'Marieta 1ª Seção', 'Silveira', 'PB', '75592575', '55519142076', '55119095932', 513618, 513681, 513618);
INSERT INTO unidades_residenciais (id, identificador, numero, rua, complemento, bairro, cidade, uf, cep, telefone_residencial, telefone_celular, condominio_id, morador_id, sindico_id) VALUES (513682, 'Apto 628', '1500', 'Recanto de Oliveira', '', 'Marieta 1ª Seção', 'Silveira', 'PB', '75592575', '55319126273', '55849887257', 513618, 513682, 513618);
INSERT INTO unidades_residenciais (id, identificador, numero, rua, complemento, bairro, cidade, uf, cep, telefone_residencial, telefone_celular, condominio_id, morador_id, sindico_id) VALUES (513683, 'Apto 557', '8339', 'Recanto de Oliveira', '', 'Marieta 1ª Seção', 'Silveira', 'PB', '75592575', '55719416769', '55849142551', 513618, 513683, 513618);
INSERT INTO unidades_residenciais (id, identificador, numero, rua, complemento, bairro, cidade, uf, cep, telefone_residencial, telefone_celular, condominio_id, morador_id, sindico_id) VALUES (513684, 'Apto 38', '5802', 'Recanto de Oliveira', '', 'Marieta 1ª Seção', 'Silveira', 'PB', '75592575', '55819286276', '55219805136', 513618, 513684, 513618);
INSERT INTO unidades_residenciais (id, identificador, numero, rua, complemento, bairro, cidade, uf, cep, telefone_residencial, telefone_celular, condominio_id, morador_id, sindico_id) VALUES (513685, 'Apto 929', '2053', 'Recanto de Oliveira', '', 'Marieta 1ª Seção', 'Silveira', 'PB', '75592575', '55219191080', '55219469732', 513618, 513685, 513618);
INSERT INTO unidades_residenciais (id, identificador, numero, rua, complemento, bairro, cidade, uf, cep, telefone_residencial, telefone_celular, condominio_id, morador_id, sindico_id) VALUES (513686, 'Apto 369', '2576', 'Recanto de Oliveira', '', 'Marieta 1ª Seção', 'Silveira', 'PB', '75592575', '55319854210', '55719989092', 513618, 513686, 513618);
INSERT INTO unidades_residenciais (id, identificador, numero, rua, complemento, bairro, cidade, uf, cep, telefone_residencial, telefone_celular, condominio_id, morador_id, sindico_id) VALUES (513687, 'Apto 361', '9547', 'Recanto de Oliveira', '', 'Marieta 1ª Seção', 'Silveira', 'PB', '75592575', '55219411480', '55419982110', 513618, 513687, 513618);
INSERT INTO unidades_residenciais (id, identificador, numero, rua, complemento, bairro, cidade, uf, cep, telefone_residencial, telefone_celular, condominio_id, morador_id, sindico_id) VALUES (513688, 'Apto 766', '1918', 'Recanto de Oliveira', '', 'Marieta 1ª Seção', 'Silveira', 'PB', '75592575', '55619658012', '55319142548', 513618, 513688, 513618);
INSERT INTO unidades_residenciais (id, identificador, numero, rua, complemento, bairro, cidade, uf, cep, telefone_residencial, telefone_celular, condominio_id, morador_id, sindico_id) VALUES (513689, 'Apto 254', '3816', 'Recanto de Oliveira', '', 'Marieta 1ª Seção', 'Silveira', 'PB', '75592575', '55519572049', '55849993552', 513618, 513689, 513618);
INSERT INTO unidades_residenciais (id, identificador, numero, rua, complemento, bairro, cidade, uf, cep, telefone_residencial, telefone_celular, condominio_id, morador_id, sindico_id) VALUES (513690, 'Apto 809', '1450', 'Recanto de Oliveira', '', 'Marieta 1ª Seção', 'Silveira', 'PB', '75592575', '55319774657', '55819012529', 513618, 513690, 513618);
INSERT INTO unidades_residenciais (id, identificador, numero, rua, complemento, bairro, cidade, uf, cep, telefone_residencial, telefone_celular, condominio_id, morador_id, sindico_id) VALUES (513691, 'Apto 482', '2579', 'Recanto de Oliveira', '', 'Marieta 1ª Seção', 'Silveira', 'PB', '75592575', '55819961980', '55819007349', 513618, 513691, 513618);
INSERT INTO unidades_residenciais (id, identificador, numero, rua, complemento, bairro, cidade, uf, cep, telefone_residencial, telefone_celular, condominio_id, morador_id, sindico_id) VALUES (513692, 'Apto 28', '2400', 'Recanto de Oliveira', '', 'Marieta 1ª Seção', 'Silveira', 'PB', '75592575', '55119149356', '55119510981', 513618, 513692, 513618);
INSERT INTO unidades_residenciais (id, identificador, numero, rua, complemento, bairro, cidade, uf, cep, telefone_residencial, telefone_celular, condominio_id, morador_id, sindico_id) VALUES (513693, 'Apto 303', '5132', 'Recanto de Oliveira', '', 'Marieta 1ª Seção', 'Silveira', 'PB', '75592575', '55419516323', '55619545514', 513618, 513693, 513618);
INSERT INTO unidades_residenciais (id, identificador, numero, rua, complemento, bairro, cidade, uf, cep, telefone_residencial, telefone_celular, condominio_id, morador_id, sindico_id) VALUES (513694, 'Apto 592', '7325', 'Recanto de Oliveira', '', 'Marieta 1ª Seção', 'Silveira', 'PB', '75592575', '55619464423', '55319455367', 513618, 513694, 513618);
INSERT INTO unidades_residenciais (id, identificador, numero, rua, complemento, bairro, cidade, uf, cep, telefone_residencial, telefone_celular, condominio_id, morador_id, sindico_id) VALUES (513695, 'Apto 818', '1379', 'Recanto de Oliveira', '', 'Marieta 1ª Seção', 'Silveira', 'PB', '75592575', '55719233303', '55219874522', 513618, 513695, 513618);
INSERT INTO unidades_residenciais (id, identificador, numero, rua, complemento, bairro, cidade, uf, cep, telefone_residencial, telefone_celular, condominio_id, morador_id, sindico_id) VALUES (513696, 'Apto 589', '5180', 'Recanto de Oliveira', '', 'Marieta 1ª Seção', 'Silveira', 'PB', '75592575', '55819218378', '55119487815', 513618, 513696, 513618);
INSERT INTO unidades_residenciais (id, identificador, numero, rua, complemento, bairro, cidade, uf, cep, telefone_residencial, telefone_celular, condominio_id, morador_id, sindico_id) VALUES (513697, 'Apto 772', '8455', 'Recanto de Oliveira', '', 'Marieta 1ª Seção', 'Silveira', 'PB', '75592575', '55619429412', '55319554247', 513618, 513697, 513618);
INSERT INTO unidades_residenciais (id, identificador, numero, rua, complemento, bairro, cidade, uf, cep, telefone_residencial, telefone_celular, condominio_id, morador_id, sindico_id) VALUES (513698, 'Apto 11', '3708', 'Recanto de Oliveira', '', 'Marieta 1ª Seção', 'Silveira', 'PB', '75592575', '55219384737', '55819272688', 513618, 513698, 513618);
INSERT INTO unidades_residenciais (id, identificador, numero, rua, complemento, bairro, cidade, uf, cep, telefone_residencial, telefone_celular, condominio_id, morador_id, sindico_id) VALUES (513699, 'Apto 607', '4721', 'Recanto de Oliveira', '', 'Marieta 1ª Seção', 'Silveira', 'PB', '75592575', '55319929337', '55819667692', 513618, 513699, 513618);
INSERT INTO unidades_residenciais (id, identificador, numero, rua, complemento, bairro, cidade, uf, cep, telefone_residencial, telefone_celular, condominio_id, morador_id, sindico_id) VALUES (513700, 'Apto 89', '6233', 'Recanto de Oliveira', '', 'Marieta 1ª Seção', 'Silveira', 'PB', '75592575', '55119570875', '55419145266', 513618, 513700, 513618);
INSERT INTO unidades_residenciais (id, identificador, numero, rua, complemento, bairro, cidade, uf, cep, telefone_residencial, telefone_celular, condominio_id, morador_id, sindico_id) VALUES (513701, 'Apto 173', '7311', 'Recanto de Oliveira', '', 'Marieta 1ª Seção', 'Silveira', 'PB', '75592575', '55519712214', '55219293987', 513618, 513701, 513618);
INSERT INTO unidades_residenciais (id, identificador, numero, rua, complemento, bairro, cidade, uf, cep, telefone_residencial, telefone_celular, condominio_id, morador_id, sindico_id) VALUES (513702, 'Apto 728', '4930', 'Recanto de Oliveira', '', 'Marieta 1ª Seção', 'Silveira', 'PB', '75592575', '55849852725', '55619925811', 513618, 513702, 513618);
INSERT INTO unidades_residenciais (id, identificador, numero, rua, complemento, bairro, cidade, uf, cep, telefone_residencial, telefone_celular, condominio_id, morador_id, sindico_id) VALUES (513703, 'Apto 127', '9991', 'Recanto de Oliveira', '', 'Marieta 1ª Seção', 'Silveira', 'PB', '75592575', '55119821336', '55319640356', 513618, 513703, 513618);
INSERT INTO unidades_residenciais (id, identificador, numero, rua, complemento, bairro, cidade, uf, cep, telefone_residencial, telefone_celular, condominio_id, morador_id, sindico_id) VALUES (513704, 'Apto 606', '8158', 'Recanto de Oliveira', '', 'Marieta 1ª Seção', 'Silveira', 'PB', '75592575', '55849713105', '55419772379', 513618, 513704, 513618);
INSERT INTO unidades_residenciais (id, identificador, numero, rua, complemento, bairro, cidade, uf, cep, telefone_residencial, telefone_celular, condominio_id, morador_id, sindico_id) VALUES (513705, 'Apto 278', '6461', 'Recanto de Oliveira', '', 'Marieta 1ª Seção', 'Silveira', 'PB', '75592575', '55419833022', '55849715429', 513618, 513705, 513618);

INSERT INTO porteiros (id, nome, cpf, email, telefone, rua, numero, complemento, bairro, cidade, uf, cep, sindico_id) VALUES (513616, 'Théo Moura', '52036718930', 'porteiro0_330@condosmart.com', '55219722853', 'Ladeira Olívia Farias', '7218', '', 'São Francisco', 'Jesus do Sul', 'ES', '31620455', 513616);
INSERT INTO porteiros (id, nome, cpf, email, telefone, rua, numero, complemento, bairro, cidade, uf, cep, sindico_id) VALUES (513617, 'Mirella da Costa', '28049356710', 'porteiro1_392@condosmart.com', '55419120417', 'Colônia Sampaio', '4163', '', 'Concórdia', 'Vasconcelos', 'BA', '16421511', 513616);
INSERT INTO porteiros (id, nome, cpf, email, telefone, rua, numero, complemento, bairro, cidade, uf, cep, sindico_id) VALUES (513618, 'Danilo Rocha', '03192457643', 'porteiro2_604@condosmart.com', '55119183119', 'Campo de Gomes', '1049', '', 'São Jorge 1ª Seção', 'Martins', 'AP', '74271756', 513617);
INSERT INTO porteiros (id, nome, cpf, email, telefone, rua, numero, complemento, bairro, cidade, uf, cep, sindico_id) VALUES (513619, 'Kamilly Porto', '06345897175', 'porteiro3_964@condosmart.com', '55119896930', 'Campo Eloá Gomes', '495', '', 'Conjunto Novo Dom Bosco', 'Camargo', 'PA', '34293763', 513617);
INSERT INTO porteiros (id, nome, cpf, email, telefone, rua, numero, complemento, bairro, cidade, uf, cep, sindico_id) VALUES (513620, 'Hadassa Cirino', '65781320903', 'porteiro4_910@condosmart.com', '55819027372', 'Trecho Rocha', '8013', '', 'Califórnia', 'Farias de Minas', 'RR', '18175268', 513618);
INSERT INTO porteiros (id, nome, cpf, email, telefone, rua, numero, complemento, bairro, cidade, uf, cep, sindico_id) VALUES (513621, 'Davi Lucca Duarte', '23156908703', 'porteiro5_218@condosmart.com', '55419572937', 'Conjunto Vasconcelos', '2029', '', 'Conjunto Califórnia I', 'da Cruz do Amparo', 'CE', '80338372', 513618);

INSERT INTO visitantes (id, nome, cpf, telefone, data_hora_entrada, data_hora_saida, observacao, morador_id, porteiro_id, sindico_id, unidade_id) VALUES (513616, 'João Guerra', '50369241770', '55619516176', '2026-04-27 09:11:21', '2026-05-04 03:28:33', 'Architecto quia officia aut sapiente iste.', 513622, 513616, 513616, 513632);
INSERT INTO visitantes (id, nome, cpf, telefone, data_hora_entrada, data_hora_saida, observacao, morador_id, porteiro_id, sindico_id, unidade_id) VALUES (513617, 'Sra. Mariana Carvalho', '45920861398', '55319088109', '2026-04-07 12:36:05', '2026-05-03 17:59:22', 'Ipsam vitae non voluptas aliquam.', 513625, 513616, 513616, 513633);
INSERT INTO visitantes (id, nome, cpf, telefone, data_hora_entrada, data_hora_saida, observacao, morador_id, porteiro_id, sindico_id, unidade_id) VALUES (513618, 'Matteo Nunes', '94308567238', '55419492287', '2026-04-05 03:53:52', '2026-05-04 02:24:12', 'Maiores unde expedita recusandae.', 513636, 513617, 513616, 513617);
INSERT INTO visitantes (id, nome, cpf, telefone, data_hora_entrada, data_hora_saida, observacao, morador_id, porteiro_id, sindico_id, unidade_id) VALUES (513619, 'Agatha Sousa', '48156372026', '55619210232', '2026-04-25 04:12:11', '2026-05-03 17:00:24', 'Amet ullam atque deserunt sunt.', 513631, 513616, 513616, 513644);
INSERT INTO visitantes (id, nome, cpf, telefone, data_hora_entrada, data_hora_saida, observacao, morador_id, porteiro_id, sindico_id, unidade_id) VALUES (513620, 'Luan Cirino', '82631407571', '55819959437', '2026-04-29 19:44:06', '2026-05-04 04:50:41', 'Amet asperiores illo libero.', 513624, 513617, 513616, 513619);
INSERT INTO visitantes (id, nome, cpf, telefone, data_hora_entrada, data_hora_saida, observacao, morador_id, porteiro_id, sindico_id, unidade_id) VALUES (513621, 'Joana Oliveira', '85769314273', '55119839261', '2026-04-18 21:16:32', '2026-05-04 10:47:22', 'Iure architecto nihil officia.', 513631, 513616, 513616, 513640);
INSERT INTO visitantes (id, nome, cpf, telefone, data_hora_entrada, data_hora_saida, observacao, morador_id, porteiro_id, sindico_id, unidade_id) VALUES (513622, 'Maria Julia Cavalcante', '41827695382', '55219872180', '2026-04-23 21:12:13', '2026-05-04 02:52:57', 'Molestiae quam dolores dolorum officia.', 513618, 513616, 513616, 513634);
INSERT INTO visitantes (id, nome, cpf, telefone, data_hora_entrada, data_hora_saida, observacao, morador_id, porteiro_id, sindico_id, unidade_id) VALUES (513623, 'Caroline Borges', '08415963289', '55319757078', '2026-04-24 16:02:00', '2026-05-04 00:56:36', 'Voluptates veniam culpa inventore suscipit architecto voluptatibus dolore.', 513627, 513616, 513616, 513628);
INSERT INTO visitantes (id, nome, cpf, telefone, data_hora_entrada, data_hora_saida, observacao, morador_id, porteiro_id, sindico_id, unidade_id) VALUES (513624, 'Caleb Marques', '51380697212', '55619075108', '2026-04-11 01:58:08', '2026-05-03 20:16:01', 'Corrupti fugit recusandae assumenda mollitia.', 513644, 513616, 513616, 513636);
INSERT INTO visitantes (id, nome, cpf, telefone, data_hora_entrada, data_hora_saida, observacao, morador_id, porteiro_id, sindico_id, unidade_id) VALUES (513625, 'Rafael Teixeira', '71894352637', '55219827916', '2026-04-11 03:17:48', '2026-05-03 16:45:14', 'Delectus culpa blanditiis quisquam commodi.', 513641, 513617, 513616, 513645);
INSERT INTO visitantes (id, nome, cpf, telefone, data_hora_entrada, data_hora_saida, observacao, morador_id, porteiro_id, sindico_id, unidade_id) VALUES (513626, 'Emanuella Moura', '97301564252', '55849036857', '2026-04-09 21:01:36', '2026-05-03 20:48:00', 'Labore dolor eum suscipit.', 513631, 513617, 513616, 513628);
INSERT INTO visitantes (id, nome, cpf, telefone, data_hora_entrada, data_hora_saida, observacao, morador_id, porteiro_id, sindico_id, unidade_id) VALUES (513627, 'Valentim Jesus', '06749258310', '55849031821', '2026-05-02 22:10:30', '2026-05-04 05:36:19', 'At dicta inventore.', 513636, 513616, 513616, 513635);
INSERT INTO visitantes (id, nome, cpf, telefone, data_hora_entrada, data_hora_saida, observacao, morador_id, porteiro_id, sindico_id, unidade_id) VALUES (513628, 'Srta. Clara Dias', '35860429142', '55719814126', '2026-04-20 09:51:18', '2026-05-03 20:38:10', 'Itaque tenetur nemo molestias molestias mollitia laudantium.', 513631, 513617, 513616, 513624);
INSERT INTO visitantes (id, nome, cpf, telefone, data_hora_entrada, data_hora_saida, observacao, morador_id, porteiro_id, sindico_id, unidade_id) VALUES (513629, 'Maria Julia Cardoso', '51642937061', '55719673702', '2026-04-17 06:14:51', '2026-05-04 02:53:37', 'Voluptatum laboriosam ut totam eius aspernatur libero.', 513619, 513617, 513616, 513645);
INSERT INTO visitantes (id, nome, cpf, telefone, data_hora_entrada, data_hora_saida, observacao, morador_id, porteiro_id, sindico_id, unidade_id) VALUES (513630, 'Maria Monteiro', '35198046701', '55219294954', '2026-04-21 09:04:36', '2026-05-03 19:48:49', 'Minima temporibus nihil.', 513641, 513616, 513616, 513642);
INSERT INTO visitantes (id, nome, cpf, telefone, data_hora_entrada, data_hora_saida, observacao, morador_id, porteiro_id, sindico_id, unidade_id) VALUES (513631, 'Nicole Montenegro', '92870634510', '55319396203', '2026-04-11 07:26:10', '2026-05-03 21:34:17', 'Optio voluptas sit cum vero ea rem temporibus.', 513669, 513618, 513617, 513652);
INSERT INTO visitantes (id, nome, cpf, telefone, data_hora_entrada, data_hora_saida, observacao, morador_id, porteiro_id, sindico_id, unidade_id) VALUES (513632, 'Anthony Gabriel Campos', '01328459705', '55119726493', '2026-04-28 14:39:20', '2026-05-04 00:52:00', 'Error rem officiis minima dolores voluptas inventore odio.', 513648, 513618, 513617, 513656);
INSERT INTO visitantes (id, nome, cpf, telefone, data_hora_entrada, data_hora_saida, observacao, morador_id, porteiro_id, sindico_id, unidade_id) VALUES (513633, 'Sr. Théo Teixeira', '13586497075', '55819262640', '2026-04-24 20:16:07', '2026-05-04 15:21:02', 'Numquam totam optio perspiciatis earum suscipit natus.', 513675, 513619, 513617, 513657);
INSERT INTO visitantes (id, nome, cpf, telefone, data_hora_entrada, data_hora_saida, observacao, morador_id, porteiro_id, sindico_id, unidade_id) VALUES (513634, 'Manuella Pimenta', '60523784929', '55519600335', '2026-04-29 17:59:54', '2026-05-04 09:44:14', 'Rerum accusamus ipsam.', 513654, 513619, 513617, 513656);
INSERT INTO visitantes (id, nome, cpf, telefone, data_hora_entrada, data_hora_saida, observacao, morador_id, porteiro_id, sindico_id, unidade_id) VALUES (513635, 'Bruno Barbosa', '24910583750', '55319213407', '2026-04-18 10:17:39', '2026-05-04 10:24:22', 'Occaecati officiis nihil ipsum incidunt veritatis culpa.', 513659, 513619, 513617, 513673);
INSERT INTO visitantes (id, nome, cpf, telefone, data_hora_entrada, data_hora_saida, observacao, morador_id, porteiro_id, sindico_id, unidade_id) VALUES (513636, 'João Gabriel Rocha', '75490386193', '55719385594', '2026-04-26 14:05:02', '2026-05-04 05:55:02', 'Nulla earum velit cumque voluptate soluta soluta.', 513673, 513618, 513617, 513655);
INSERT INTO visitantes (id, nome, cpf, telefone, data_hora_entrada, data_hora_saida, observacao, morador_id, porteiro_id, sindico_id, unidade_id) VALUES (513637, 'Isabela Camargo', '75243086126', '55119029586', '2026-04-04 05:11:17', '2026-05-03 23:19:24', 'Nobis repudiandae a cupiditate quaerat quidem.', 513658, 513619, 513617, 513664);
INSERT INTO visitantes (id, nome, cpf, telefone, data_hora_entrada, data_hora_saida, observacao, morador_id, porteiro_id, sindico_id, unidade_id) VALUES (513638, 'Ravy Vasconcelos', '92734501643', '55319551313', '2026-04-05 17:54:22', '2026-05-03 18:23:30', 'Asperiores nisi quod ut voluptatum est dolores.', 513669, 513618, 513617, 513671);
INSERT INTO visitantes (id, nome, cpf, telefone, data_hora_entrada, data_hora_saida, observacao, morador_id, porteiro_id, sindico_id, unidade_id) VALUES (513639, 'Sra. Laura Silveira', '68531209498', '55619421183', '2026-05-02 16:20:58', '2026-05-04 13:03:15', 'Nesciunt eligendi unde recusandae iure est.', 513648, 513618, 513617, 513668);
INSERT INTO visitantes (id, nome, cpf, telefone, data_hora_entrada, data_hora_saida, observacao, morador_id, porteiro_id, sindico_id, unidade_id) VALUES (513640, 'Emilly Barbosa', '15403692851', '55719092387', '2026-04-29 14:11:38', '2026-05-03 23:14:48', 'Optio dolorum doloremque placeat.', 513675, 513618, 513617, 513667);
INSERT INTO visitantes (id, nome, cpf, telefone, data_hora_entrada, data_hora_saida, observacao, morador_id, porteiro_id, sindico_id, unidade_id) VALUES (513641, 'Francisco Novaes', '24139570814', '55119138587', '2026-04-27 06:12:24', '2026-05-03 22:28:17', 'Qui rerum at accusantium maiores.', 513649, 513619, 513617, 513669);
INSERT INTO visitantes (id, nome, cpf, telefone, data_hora_entrada, data_hora_saida, observacao, morador_id, porteiro_id, sindico_id, unidade_id) VALUES (513642, 'Giovanna Novaes', '12735698068', '55619469661', '2026-04-15 20:56:15', '2026-05-04 02:32:46', 'Veniam natus amet quam.', 513651, 513618, 513617, 513654);
INSERT INTO visitantes (id, nome, cpf, telefone, data_hora_entrada, data_hora_saida, observacao, morador_id, porteiro_id, sindico_id, unidade_id) VALUES (513643, 'Sra. Maria Julia Guerra', '07583412617', '55849171788', '2026-04-26 12:34:15', '2026-05-03 22:23:33', 'Hic sint et labore exercitationem enim modi.', 513647, 513619, 513617, 513672);
INSERT INTO visitantes (id, nome, cpf, telefone, data_hora_entrada, data_hora_saida, observacao, morador_id, porteiro_id, sindico_id, unidade_id) VALUES (513644, 'Benjamin Barbosa', '19726843022', '55419183593', '2026-04-15 15:20:35', '2026-05-04 15:14:19', 'Autem odio laborum beatae sit veritatis.', 513673, 513619, 513617, 513649);
INSERT INTO visitantes (id, nome, cpf, telefone, data_hora_entrada, data_hora_saida, observacao, morador_id, porteiro_id, sindico_id, unidade_id) VALUES (513645, 'Laura Araújo', '96374825128', '55219291515', '2026-04-30 21:17:29', '2026-05-04 12:26:48', 'Voluptates ducimus voluptatem quasi assumenda.', 513656, 513619, 513617, 513648);
INSERT INTO visitantes (id, nome, cpf, telefone, data_hora_entrada, data_hora_saida, observacao, morador_id, porteiro_id, sindico_id, unidade_id) VALUES (513646, 'Luiz Henrique Costela', '10825396786', '55849908511', '2026-04-08 12:00:11', '2026-05-03 18:46:11', 'Voluptatum consectetur commodi alias incidunt.', 513702, 513621, 513618, 513702);
INSERT INTO visitantes (id, nome, cpf, telefone, data_hora_entrada, data_hora_saida, observacao, morador_id, porteiro_id, sindico_id, unidade_id) VALUES (513647, 'Guilherme Oliveira', '20489536700', '55319219889', '2026-05-01 11:59:09', '2026-05-04 01:46:40', 'A aspernatur non sit natus facere.', 513694, 513620, 513618, 513682);
INSERT INTO visitantes (id, nome, cpf, telefone, data_hora_entrada, data_hora_saida, observacao, morador_id, porteiro_id, sindico_id, unidade_id) VALUES (513648, 'Maria Alice Sá', '45761093839', '55819042639', '2026-04-25 02:02:58', '2026-05-04 11:24:24', 'Laudantium a ullam at quod possimus assumenda vero.', 513703, 513620, 513618, 513698);
INSERT INTO visitantes (id, nome, cpf, telefone, data_hora_entrada, data_hora_saida, observacao, morador_id, porteiro_id, sindico_id, unidade_id) VALUES (513649, 'Mariah Moraes', '43975810297', '55319270607', '2026-04-07 09:55:17', '2026-05-04 10:02:59', 'Iure facere illum eum non facere.', 513695, 513621, 513618, 513702);
INSERT INTO visitantes (id, nome, cpf, telefone, data_hora_entrada, data_hora_saida, observacao, morador_id, porteiro_id, sindico_id, unidade_id) VALUES (513650, 'Davi Lucca Fernandes', '28167903559', '55849321714', '2026-04-27 04:30:28', '2026-05-03 22:56:05', 'Atque velit ipsum earum culpa.', 513701, 513620, 513618, 513699);
INSERT INTO visitantes (id, nome, cpf, telefone, data_hora_entrada, data_hora_saida, observacao, morador_id, porteiro_id, sindico_id, unidade_id) VALUES (513651, 'Srta. Alexia Cardoso', '42306895198', '55719294320', '2026-04-27 00:29:36', '2026-05-04 02:20:23', 'Sed neque consequuntur ad.', 513696, 513620, 513618, 513697);
INSERT INTO visitantes (id, nome, cpf, telefone, data_hora_entrada, data_hora_saida, observacao, morador_id, porteiro_id, sindico_id, unidade_id) VALUES (513652, 'Matteo Nascimento', '93506174800', '55719944254', '2026-04-20 17:57:57', '2026-05-04 07:32:37', 'Odio mollitia quo quaerat tempore assumenda.', 513703, 513620, 513618, 513700);
INSERT INTO visitantes (id, nome, cpf, telefone, data_hora_entrada, data_hora_saida, observacao, morador_id, porteiro_id, sindico_id, unidade_id) VALUES (513653, 'Isaac Mendes', '04951286785', '55849507105', '2026-04-16 13:19:29', '2026-05-04 08:06:01', 'Recusandae vero impedit blanditiis sed voluptates voluptatem.', 513687, 513621, 513618, 513689);
INSERT INTO visitantes (id, nome, cpf, telefone, data_hora_entrada, data_hora_saida, observacao, morador_id, porteiro_id, sindico_id, unidade_id) VALUES (513654, 'Sr. Isaac Costela', '59467032856', '55849459767', '2026-04-06 01:02:24', '2026-05-04 08:15:41', 'Recusandae possimus facere architecto minima.', 513677, 513620, 513618, 513685);
INSERT INTO visitantes (id, nome, cpf, telefone, data_hora_entrada, data_hora_saida, observacao, morador_id, porteiro_id, sindico_id, unidade_id) VALUES (513655, 'Sra. Yasmin Mendes', '57968420300', '55719776309', '2026-04-06 21:59:13', '2026-05-03 17:40:14', 'Similique nobis consequuntur et ipsa autem eum maxime.', 513699, 513620, 513618, 513701);
INSERT INTO visitantes (id, nome, cpf, telefone, data_hora_entrada, data_hora_saida, observacao, morador_id, porteiro_id, sindico_id, unidade_id) VALUES (513656, 'Dra. Alana Vasconcelos', '68095714348', '55519142734', '2026-04-07 13:27:22', '2026-05-04 14:08:12', 'Laboriosam odit nemo necessitatibus.', 513687, 513620, 513618, 513685);
INSERT INTO visitantes (id, nome, cpf, telefone, data_hora_entrada, data_hora_saida, observacao, morador_id, porteiro_id, sindico_id, unidade_id) VALUES (513657, 'Oliver Souza', '63794158237', '55849451737', '2026-04-22 01:03:48', '2026-05-03 21:42:39', 'Minima porro tempore dolor neque.', 513700, 513621, 513618, 513702);
INSERT INTO visitantes (id, nome, cpf, telefone, data_hora_entrada, data_hora_saida, observacao, morador_id, porteiro_id, sindico_id, unidade_id) VALUES (513658, 'Maria Luiza Castro', '07136824508', '55119036694', '2026-04-22 23:05:59', '2026-05-04 09:39:19', 'Delectus ipsum omnis et animi dicta eaque.', 513703, 513620, 513618, 513695);
INSERT INTO visitantes (id, nome, cpf, telefone, data_hora_entrada, data_hora_saida, observacao, morador_id, porteiro_id, sindico_id, unidade_id) VALUES (513659, 'Josué Camargo', '12935476034', '55719935896', '2026-04-23 05:26:59', '2026-05-03 19:22:39', 'Harum quidem beatae voluptatum et illum.', 513696, 513620, 513618, 513694);
INSERT INTO visitantes (id, nome, cpf, telefone, data_hora_entrada, data_hora_saida, observacao, morador_id, porteiro_id, sindico_id, unidade_id) VALUES (513660, 'Sra. Cecilia Cassiano', '39458167000', '55819936868', '2026-04-24 01:37:40', '2026-05-04 04:11:14', 'Quibusdam nihil accusamus.', 513680, 513620, 513618, 513686);

INSERT INTO reservas (id, data_inicio, data_fim, status, area_id, condominio_id, morador_id, sindico_id, visitante_id) VALUES (513616, '2026-05-09 11:52:30', '2026-05-09 13:52:30', 'confirmado', 513620, 513616, 513622, 513616, NULL);
INSERT INTO reservas (id, data_inicio, data_fim, status, area_id, condominio_id, morador_id, sindico_id, visitante_id) VALUES (513617, '2026-05-24 21:59:55', '2026-05-24 23:59:55', 'pendente', 513620, 513616, 513639, 513616, NULL);
INSERT INTO reservas (id, data_inicio, data_fim, status, area_id, condominio_id, morador_id, sindico_id, visitante_id) VALUES (513618, '2026-06-02 05:30:44', '2026-06-02 09:30:44', 'pendente', 513619, 513616, 513627, 513616, NULL);
INSERT INTO reservas (id, data_inicio, data_fim, status, area_id, condominio_id, morador_id, sindico_id, visitante_id) VALUES (513619, '2026-05-10 23:01:43', '2026-05-11 00:01:43', 'confirmado', 513620, 513616, 513626, 513616, NULL);
INSERT INTO reservas (id, data_inicio, data_fim, status, area_id, condominio_id, morador_id, sindico_id, visitante_id) VALUES (513620, '2026-05-13 10:42:44', '2026-05-13 12:42:44', 'cancelado', 513620, 513616, 513638, 513616, NULL);
INSERT INTO reservas (id, data_inicio, data_fim, status, area_id, condominio_id, morador_id, sindico_id, visitante_id) VALUES (513621, '2026-05-29 17:37:26', '2026-05-29 18:37:26', 'confirmado', 513620, 513616, 513625, 513616, NULL);
INSERT INTO reservas (id, data_inicio, data_fim, status, area_id, condominio_id, morador_id, sindico_id, visitante_id) VALUES (513622, '2026-05-07 06:30:49', '2026-05-07 08:30:49', 'confirmado', 513616, 513616, 513645, 513616, NULL);
INSERT INTO reservas (id, data_inicio, data_fim, status, area_id, condominio_id, morador_id, sindico_id, visitante_id) VALUES (513623, '2026-05-31 13:42:46', '2026-05-31 17:42:46', 'confirmado', 513617, 513616, 513619, 513616, NULL);
INSERT INTO reservas (id, data_inicio, data_fim, status, area_id, condominio_id, morador_id, sindico_id, visitante_id) VALUES (513624, '2026-06-01 02:04:22', '2026-06-01 06:04:22', 'pendente', 513616, 513616, 513633, 513616, NULL);
INSERT INTO reservas (id, data_inicio, data_fim, status, area_id, condominio_id, morador_id, sindico_id, visitante_id) VALUES (513625, '2026-05-07 13:02:57', '2026-05-07 15:02:57', 'pendente', 513619, 513616, 513620, 513616, NULL);
INSERT INTO reservas (id, data_inicio, data_fim, status, area_id, condominio_id, morador_id, sindico_id, visitante_id) VALUES (513626, '2026-05-25 18:17:02', '2026-05-25 22:17:02', 'pendente', 513618, 513616, 513643, 513616, NULL);
INSERT INTO reservas (id, data_inicio, data_fim, status, area_id, condominio_id, morador_id, sindico_id, visitante_id) VALUES (513627, '2026-05-14 06:38:08', '2026-05-14 07:38:08', 'pendente', 513617, 513616, 513635, 513616, NULL);
INSERT INTO reservas (id, data_inicio, data_fim, status, area_id, condominio_id, morador_id, sindico_id, visitante_id) VALUES (513628, '2026-05-23 14:59:45', '2026-05-23 17:59:45', 'confirmado', 513620, 513616, 513631, 513616, NULL);
INSERT INTO reservas (id, data_inicio, data_fim, status, area_id, condominio_id, morador_id, sindico_id, visitante_id) VALUES (513629, '2026-05-16 03:03:33', '2026-05-16 05:03:33', 'pendente', 513618, 513616, 513621, 513616, NULL);
INSERT INTO reservas (id, data_inicio, data_fim, status, area_id, condominio_id, morador_id, sindico_id, visitante_id) VALUES (513630, '2026-05-27 11:01:34', '2026-05-27 12:01:34', 'cancelado', 513616, 513616, 513631, 513616, NULL);
INSERT INTO reservas (id, data_inicio, data_fim, status, area_id, condominio_id, morador_id, sindico_id, visitante_id) VALUES (513631, '2026-05-31 16:26:04', '2026-05-31 20:26:04', 'pendente', 513619, 513616, 513617, 513616, NULL);
INSERT INTO reservas (id, data_inicio, data_fim, status, area_id, condominio_id, morador_id, sindico_id, visitante_id) VALUES (513632, '2026-05-17 16:53:07', '2026-05-17 17:53:07', 'cancelado', 513620, 513616, 513642, 513616, NULL);
INSERT INTO reservas (id, data_inicio, data_fim, status, area_id, condominio_id, morador_id, sindico_id, visitante_id) VALUES (513633, '2026-05-04 05:43:33', '2026-05-04 09:43:33', 'confirmado', 513620, 513616, 513641, 513616, NULL);
INSERT INTO reservas (id, data_inicio, data_fim, status, area_id, condominio_id, morador_id, sindico_id, visitante_id) VALUES (513634, '2026-05-30 21:27:35', '2026-05-31 00:27:35', 'confirmado', 513617, 513616, 513638, 513616, NULL);
INSERT INTO reservas (id, data_inicio, data_fim, status, area_id, condominio_id, morador_id, sindico_id, visitante_id) VALUES (513635, '2026-05-11 07:10:10', '2026-05-11 11:10:10', 'pendente', 513619, 513616, 513640, 513616, NULL);
INSERT INTO reservas (id, data_inicio, data_fim, status, area_id, condominio_id, morador_id, sindico_id, visitante_id) VALUES (513636, '2026-05-18 06:18:45', '2026-05-18 07:18:45', 'cancelado', 513623, 513617, 513669, 513617, NULL);
INSERT INTO reservas (id, data_inicio, data_fim, status, area_id, condominio_id, morador_id, sindico_id, visitante_id) VALUES (513637, '2026-05-09 18:05:41', '2026-05-09 22:05:41', 'pendente', 513624, 513617, 513660, 513617, NULL);
INSERT INTO reservas (id, data_inicio, data_fim, status, area_id, condominio_id, morador_id, sindico_id, visitante_id) VALUES (513638, '2026-05-09 16:19:28', '2026-05-09 19:19:28', 'pendente', 513622, 513617, 513674, 513617, NULL);
INSERT INTO reservas (id, data_inicio, data_fim, status, area_id, condominio_id, morador_id, sindico_id, visitante_id) VALUES (513639, '2026-05-19 18:05:35', '2026-05-19 21:05:35', 'cancelado', 513623, 513617, 513652, 513617, NULL);
INSERT INTO reservas (id, data_inicio, data_fim, status, area_id, condominio_id, morador_id, sindico_id, visitante_id) VALUES (513640, '2026-05-12 04:26:03', '2026-05-12 07:26:03', 'pendente', 513625, 513617, 513670, 513617, NULL);
INSERT INTO reservas (id, data_inicio, data_fim, status, area_id, condominio_id, morador_id, sindico_id, visitante_id) VALUES (513641, '2026-05-10 12:36:25', '2026-05-10 16:36:25', 'pendente', 513623, 513617, 513649, 513617, NULL);
INSERT INTO reservas (id, data_inicio, data_fim, status, area_id, condominio_id, morador_id, sindico_id, visitante_id) VALUES (513642, '2026-05-29 13:50:04', '2026-05-29 16:50:04', 'confirmado', 513622, 513617, 513668, 513617, NULL);
INSERT INTO reservas (id, data_inicio, data_fim, status, area_id, condominio_id, morador_id, sindico_id, visitante_id) VALUES (513643, '2026-05-19 11:45:39', '2026-05-19 13:45:39', 'confirmado', 513624, 513617, 513650, 513617, NULL);
INSERT INTO reservas (id, data_inicio, data_fim, status, area_id, condominio_id, morador_id, sindico_id, visitante_id) VALUES (513644, '2026-05-19 05:56:12', '2026-05-19 06:56:12', 'confirmado', 513622, 513617, 513659, 513617, NULL);
INSERT INTO reservas (id, data_inicio, data_fim, status, area_id, condominio_id, morador_id, sindico_id, visitante_id) VALUES (513645, '2026-05-27 06:30:36', '2026-05-27 07:30:36', 'pendente', 513623, 513617, 513653, 513617, NULL);
INSERT INTO reservas (id, data_inicio, data_fim, status, area_id, condominio_id, morador_id, sindico_id, visitante_id) VALUES (513646, '2026-05-18 07:14:27', '2026-05-18 08:14:27', 'pendente', 513623, 513617, 513673, 513617, NULL);
INSERT INTO reservas (id, data_inicio, data_fim, status, area_id, condominio_id, morador_id, sindico_id, visitante_id) VALUES (513647, '2026-05-05 03:53:03', '2026-05-05 06:53:03', 'cancelado', 513625, 513617, 513675, 513617, NULL);
INSERT INTO reservas (id, data_inicio, data_fim, status, area_id, condominio_id, morador_id, sindico_id, visitante_id) VALUES (513648, '2026-05-17 02:25:43', '2026-05-17 03:25:43', 'cancelado', 513625, 513617, 513675, 513617, NULL);
INSERT INTO reservas (id, data_inicio, data_fim, status, area_id, condominio_id, morador_id, sindico_id, visitante_id) VALUES (513649, '2026-05-05 22:31:48', '2026-05-05 23:31:48', 'pendente', 513622, 513617, 513673, 513617, NULL);
INSERT INTO reservas (id, data_inicio, data_fim, status, area_id, condominio_id, morador_id, sindico_id, visitante_id) VALUES (513650, '2026-05-29 18:42:14', '2026-05-29 19:42:14', 'confirmado', 513624, 513617, 513675, 513617, NULL);
INSERT INTO reservas (id, data_inicio, data_fim, status, area_id, condominio_id, morador_id, sindico_id, visitante_id) VALUES (513651, '2026-05-30 03:22:37', '2026-05-30 06:22:37', 'cancelado', 513624, 513617, 513659, 513617, NULL);
INSERT INTO reservas (id, data_inicio, data_fim, status, area_id, condominio_id, morador_id, sindico_id, visitante_id) VALUES (513652, '2026-05-31 09:12:51', '2026-05-31 13:12:51', 'cancelado', 513621, 513617, 513659, 513617, NULL);
INSERT INTO reservas (id, data_inicio, data_fim, status, area_id, condominio_id, morador_id, sindico_id, visitante_id) VALUES (513653, '2026-05-17 22:38:23', '2026-05-18 00:38:23', 'confirmado', 513622, 513617, 513668, 513617, NULL);
INSERT INTO reservas (id, data_inicio, data_fim, status, area_id, condominio_id, morador_id, sindico_id, visitante_id) VALUES (513654, '2026-05-27 02:59:00', '2026-05-27 04:59:00', 'pendente', 513625, 513617, 513653, 513617, NULL);
INSERT INTO reservas (id, data_inicio, data_fim, status, area_id, condominio_id, morador_id, sindico_id, visitante_id) VALUES (513655, '2026-05-07 16:44:32', '2026-05-07 19:44:32', 'confirmado', 513625, 513617, 513674, 513617, NULL);
INSERT INTO reservas (id, data_inicio, data_fim, status, area_id, condominio_id, morador_id, sindico_id, visitante_id) VALUES (513656, '2026-05-03 22:35:15', '2026-05-04 02:35:15', 'confirmado', 513629, 513618, 513705, 513618, NULL);
INSERT INTO reservas (id, data_inicio, data_fim, status, area_id, condominio_id, morador_id, sindico_id, visitante_id) VALUES (513657, '2026-05-26 10:50:45', '2026-05-26 13:50:45', 'confirmado', 513628, 513618, 513691, 513618, NULL);
INSERT INTO reservas (id, data_inicio, data_fim, status, area_id, condominio_id, morador_id, sindico_id, visitante_id) VALUES (513658, '2026-05-08 16:57:04', '2026-05-08 18:57:04', 'cancelado', 513630, 513618, 513679, 513618, NULL);
INSERT INTO reservas (id, data_inicio, data_fim, status, area_id, condominio_id, morador_id, sindico_id, visitante_id) VALUES (513659, '2026-05-25 05:50:10', '2026-05-25 06:50:10', 'pendente', 513628, 513618, 513692, 513618, NULL);
INSERT INTO reservas (id, data_inicio, data_fim, status, area_id, condominio_id, morador_id, sindico_id, visitante_id) VALUES (513660, '2026-06-01 00:11:56', '2026-06-01 04:11:56', 'pendente', 513628, 513618, 513701, 513618, NULL);
INSERT INTO reservas (id, data_inicio, data_fim, status, area_id, condominio_id, morador_id, sindico_id, visitante_id) VALUES (513661, '2026-05-22 03:11:58', '2026-05-22 04:11:58', 'pendente', 513628, 513618, 513699, 513618, NULL);
INSERT INTO reservas (id, data_inicio, data_fim, status, area_id, condominio_id, morador_id, sindico_id, visitante_id) VALUES (513662, '2026-05-29 02:24:52', '2026-05-29 06:24:52', 'pendente', 513628, 513618, 513694, 513618, NULL);
INSERT INTO reservas (id, data_inicio, data_fim, status, area_id, condominio_id, morador_id, sindico_id, visitante_id) VALUES (513663, '2026-05-19 21:50:14', '2026-05-20 01:50:14', 'confirmado', 513629, 513618, 513701, 513618, NULL);
INSERT INTO reservas (id, data_inicio, data_fim, status, area_id, condominio_id, morador_id, sindico_id, visitante_id) VALUES (513664, '2026-05-15 02:44:11', '2026-05-15 05:44:11', 'confirmado', 513628, 513618, 513676, 513618, NULL);
INSERT INTO reservas (id, data_inicio, data_fim, status, area_id, condominio_id, morador_id, sindico_id, visitante_id) VALUES (513665, '2026-05-14 06:14:15', '2026-05-14 09:14:15', 'confirmado', 513628, 513618, 513704, 513618, NULL);
INSERT INTO reservas (id, data_inicio, data_fim, status, area_id, condominio_id, morador_id, sindico_id, visitante_id) VALUES (513666, '2026-05-03 21:39:10', '2026-05-03 22:39:10', 'confirmado', 513629, 513618, 513682, 513618, NULL);
INSERT INTO reservas (id, data_inicio, data_fim, status, area_id, condominio_id, morador_id, sindico_id, visitante_id) VALUES (513667, '2026-05-26 05:14:02', '2026-05-26 07:14:02', 'pendente', 513628, 513618, 513699, 513618, NULL);
INSERT INTO reservas (id, data_inicio, data_fim, status, area_id, condominio_id, morador_id, sindico_id, visitante_id) VALUES (513668, '2026-05-27 01:25:58', '2026-05-27 05:25:58', 'cancelado', 513627, 513618, 513700, 513618, NULL);
INSERT INTO reservas (id, data_inicio, data_fim, status, area_id, condominio_id, morador_id, sindico_id, visitante_id) VALUES (513669, '2026-05-18 12:12:38', '2026-05-18 14:12:38', 'cancelado', 513626, 513618, 513677, 513618, NULL);
INSERT INTO reservas (id, data_inicio, data_fim, status, area_id, condominio_id, morador_id, sindico_id, visitante_id) VALUES (513670, '2026-05-20 16:42:43', '2026-05-20 17:42:43', 'confirmado', 513627, 513618, 513681, 513618, NULL);
INSERT INTO reservas (id, data_inicio, data_fim, status, area_id, condominio_id, morador_id, sindico_id, visitante_id) VALUES (513671, '2026-05-28 01:08:00', '2026-05-28 03:08:00', 'cancelado', 513629, 513618, 513699, 513618, NULL);
INSERT INTO reservas (id, data_inicio, data_fim, status, area_id, condominio_id, morador_id, sindico_id, visitante_id) VALUES (513672, '2026-05-14 17:08:25', '2026-05-14 20:08:25', 'cancelado', 513626, 513618, 513697, 513618, NULL);
INSERT INTO reservas (id, data_inicio, data_fim, status, area_id, condominio_id, morador_id, sindico_id, visitante_id) VALUES (513673, '2026-05-06 04:44:35', '2026-05-06 08:44:35', 'cancelado', 513627, 513618, 513699, 513618, NULL);
INSERT INTO reservas (id, data_inicio, data_fim, status, area_id, condominio_id, morador_id, sindico_id, visitante_id) VALUES (513674, '2026-05-24 15:09:40', '2026-05-24 17:09:40', 'confirmado', 513626, 513618, 513687, 513618, NULL);
INSERT INTO reservas (id, data_inicio, data_fim, status, area_id, condominio_id, morador_id, sindico_id, visitante_id) VALUES (513675, '2026-05-16 17:49:12', '2026-05-16 20:49:12', 'cancelado', 513630, 513618, 513682, 513618, NULL);

INSERT INTO chamados (id, descricao, status, data_chamado, condominio_id, morador_id, sindico_id) VALUES (513616, 'Iure qui temporibus excepturi. Quibusdam culpa modi et. Est non distinctio ex vero.', 'aberto', '2026-03-27 02:17:11', 513616, 513643, 513616);
INSERT INTO chamados (id, descricao, status, data_chamado, condominio_id, morador_id, sindico_id) VALUES (513617, 'Accusantium reprehenderit quia tempora dolorum. Fugit similique est iste incidunt non numquam repellat. Nisi itaque esse velit neque.', 'em_andamento', '2026-04-06 19:18:44', 513616, 513640, 513616);
INSERT INTO chamados (id, descricao, status, data_chamado, condominio_id, morador_id, sindico_id) VALUES (513618, 'Molestiae vel natus rerum officiis incidunt illo. Incidunt odit ad facere inventore ullam. Beatae nam minus velit magnam dolore.', 'aberto', '2026-03-12 09:58:39', 513616, 513639, 513616);
INSERT INTO chamados (id, descricao, status, data_chamado, condominio_id, morador_id, sindico_id) VALUES (513619, 'Qui debitis quis labore. Ad quos soluta similique pariatur quaerat. Dolor eligendi nihil iusto cumque dolorem. Culpa consectetur voluptas sed.', 'em_andamento', '2026-03-09 04:54:23', 513616, 513645, 513616);
INSERT INTO chamados (id, descricao, status, data_chamado, condominio_id, morador_id, sindico_id) VALUES (513620, 'Perferendis a pariatur cupiditate vero esse id.', 'em_andamento', '2026-03-13 19:01:39', 513616, 513623, 513616);
INSERT INTO chamados (id, descricao, status, data_chamado, condominio_id, morador_id, sindico_id) VALUES (513621, 'Temporibus dolorem debitis fuga repellat similique. Dolores consequatur enim veniam quo facere error.
Sit dolor delectus ut perspiciatis iste.', 'em_andamento', '2026-04-19 23:00:35', 513616, 513629, 513616);
INSERT INTO chamados (id, descricao, status, data_chamado, condominio_id, morador_id, sindico_id) VALUES (513622, 'Similique nihil dicta. Hic nisi tempora ullam quis.', 'em_andamento', '2026-03-29 04:30:42', 513616, 513617, 513616);
INSERT INTO chamados (id, descricao, status, data_chamado, condominio_id, morador_id, sindico_id) VALUES (513623, 'Libero optio harum cumque. Minus doloremque nihil sint pariatur enim ducimus dicta.', 'resolvido', '2026-03-26 16:17:00', 513616, 513625, 513616);
INSERT INTO chamados (id, descricao, status, data_chamado, condominio_id, morador_id, sindico_id) VALUES (513624, 'Minus ipsa enim impedit. Amet iusto officia nemo quidem maiores est. Dolor fuga molestiae rem harum numquam fugiat.', 'em_andamento', '2026-04-13 12:18:06', 513616, 513630, 513616);
INSERT INTO chamados (id, descricao, status, data_chamado, condominio_id, morador_id, sindico_id) VALUES (513625, 'Beatae corporis cumque molestiae ullam praesentium laboriosam ea. Alias perspiciatis modi voluptatum.', 'aberto', '2026-04-26 03:36:56', 513616, 513639, 513616);
INSERT INTO chamados (id, descricao, status, data_chamado, condominio_id, morador_id, sindico_id) VALUES (513626, 'Excepturi aut quos sunt sunt ratione. Recusandae corporis quasi nemo.', 'resolvido', '2026-03-06 16:45:06', 513616, 513639, 513616);
INSERT INTO chamados (id, descricao, status, data_chamado, condominio_id, morador_id, sindico_id) VALUES (513627, 'Natus nesciunt recusandae quasi eum. Nam quas eaque autem autem. Tempore deleniti aperiam ipsam nobis.
Quaerat repudiandae maiores aut.', 'em_andamento', '2026-04-07 14:39:02', 513616, 513633, 513616);
INSERT INTO chamados (id, descricao, status, data_chamado, condominio_id, morador_id, sindico_id) VALUES (513628, 'Tenetur fuga cum. Inventore praesentium consequuntur fuga.
Sequi recusandae maiores fugit rem asperiores. Earum odit perferendis sunt facilis.', 'em_andamento', '2026-04-11 19:35:55', 513616, 513619, 513616);
INSERT INTO chamados (id, descricao, status, data_chamado, condominio_id, morador_id, sindico_id) VALUES (513629, 'Facere cum velit. Eius ex quis tempore maxime aliquam. Tenetur sequi voluptas.', 'aberto', '2026-04-22 23:58:23', 513616, 513618, 513616);
INSERT INTO chamados (id, descricao, status, data_chamado, condominio_id, morador_id, sindico_id) VALUES (513630, 'Eos magni sapiente commodi occaecati. Nisi quasi odio delectus.
Rem explicabo repellendus alias aliquid magnam voluptates.', 'aberto', '2026-05-01 08:37:15', 513616, 513638, 513616);
INSERT INTO chamados (id, descricao, status, data_chamado, condominio_id, morador_id, sindico_id) VALUES (513631, 'Numquam quam placeat ipsum impedit. Quia aut doloremque adipisci at quos. Reiciendis tenetur corrupti perspiciatis.', 'em_andamento', '2026-04-03 03:31:04', 513617, 513660, 513617);
INSERT INTO chamados (id, descricao, status, data_chamado, condominio_id, morador_id, sindico_id) VALUES (513632, 'Sapiente id consequuntur ad placeat minus rem. Rem hic voluptatibus explicabo.', 'em_andamento', '2026-03-18 03:57:23', 513617, 513646, 513617);
INSERT INTO chamados (id, descricao, status, data_chamado, condominio_id, morador_id, sindico_id) VALUES (513633, 'Laboriosam cupiditate ipsa consequuntur id sapiente iusto. Nostrum rem doloremque at in repellat.', 'em_andamento', '2026-04-16 11:57:11', 513617, 513665, 513617);
INSERT INTO chamados (id, descricao, status, data_chamado, condominio_id, morador_id, sindico_id) VALUES (513634, 'Tenetur enim fugiat nobis perferendis asperiores.', 'em_andamento', '2026-03-21 23:54:24', 513617, 513648, 513617);
INSERT INTO chamados (id, descricao, status, data_chamado, condominio_id, morador_id, sindico_id) VALUES (513635, 'Sed incidunt pariatur accusamus quo laudantium repudiandae. Reiciendis tempore repellendus laudantium.', 'em_andamento', '2026-04-19 03:18:15', 513617, 513661, 513617);
INSERT INTO chamados (id, descricao, status, data_chamado, condominio_id, morador_id, sindico_id) VALUES (513636, 'Iusto animi aliquid eaque fuga. Laboriosam architecto sed eum laborum. Consequuntur odio maxime corrupti facere.', 'em_andamento', '2026-03-06 02:00:43', 513617, 513668, 513617);
INSERT INTO chamados (id, descricao, status, data_chamado, condominio_id, morador_id, sindico_id) VALUES (513637, 'Quidem optio commodi reprehenderit dicta a. Ratione ab inventore repellat officiis voluptate. Quae fuga fugit tenetur in doloribus vitae dolore.', 'aberto', '2026-03-23 21:53:47', 513617, 513653, 513617);
INSERT INTO chamados (id, descricao, status, data_chamado, condominio_id, morador_id, sindico_id) VALUES (513638, 'Velit maiores impedit voluptatem. Assumenda repellendus ad delectus.', 'em_andamento', '2026-04-17 03:39:06', 513617, 513658, 513617);
INSERT INTO chamados (id, descricao, status, data_chamado, condominio_id, morador_id, sindico_id) VALUES (513639, 'Aliquam repellendus facere ullam. Officiis sint dolorum laudantium dicta. Reprehenderit nisi saepe dolorum.', 'aberto', '2026-04-25 12:41:06', 513617, 513675, 513617);
INSERT INTO chamados (id, descricao, status, data_chamado, condominio_id, morador_id, sindico_id) VALUES (513640, 'Perspiciatis rerum ex quo animi. At veritatis magni consectetur minus perspiciatis. Aut nisi aliquid ipsum soluta repudiandae.', 'resolvido', '2026-04-22 15:02:04', 513617, 513660, 513617);
INSERT INTO chamados (id, descricao, status, data_chamado, condominio_id, morador_id, sindico_id) VALUES (513641, 'Aliquid officiis accusamus explicabo ut laudantium. Quaerat minima ratione quaerat. Nemo laboriosam quo voluptatibus expedita eius.', 'resolvido', '2026-04-11 13:42:41', 513617, 513669, 513617);
INSERT INTO chamados (id, descricao, status, data_chamado, condominio_id, morador_id, sindico_id) VALUES (513642, 'Quisquam magni dolores placeat perferendis culpa. Porro dolorum voluptates quisquam. Velit ut beatae harum ullam.', 'resolvido', '2026-04-04 12:13:01', 513617, 513662, 513617);
INSERT INTO chamados (id, descricao, status, data_chamado, condominio_id, morador_id, sindico_id) VALUES (513643, 'A ducimus aspernatur tenetur autem. Veritatis suscipit repellat fugiat reiciendis dolorum fugit. Sapiente aut ut doloremque aperiam maiores quis.', 'resolvido', '2026-03-11 02:12:03', 513617, 513650, 513617);
INSERT INTO chamados (id, descricao, status, data_chamado, condominio_id, morador_id, sindico_id) VALUES (513644, 'Non natus pariatur consectetur. Tenetur ut doloremque et iste.', 'em_andamento', '2026-03-12 18:41:12', 513617, 513661, 513617);
INSERT INTO chamados (id, descricao, status, data_chamado, condominio_id, morador_id, sindico_id) VALUES (513645, 'Iusto tempora nam. Vitae voluptatibus libero quis non omnis. Voluptatum eius dolorem placeat odit repudiandae similique.', 'aberto', '2026-03-26 09:37:17', 513617, 513648, 513617);
INSERT INTO chamados (id, descricao, status, data_chamado, condominio_id, morador_id, sindico_id) VALUES (513646, 'Vitae totam dolor officiis. A eaque sapiente tenetur rem cumque.
Laudantium debitis omnis sed dolor dolores rerum. Tempora autem dolorum repudiandae.', 'resolvido', '2026-03-23 09:46:53', 513618, 513699, 513618);
INSERT INTO chamados (id, descricao, status, data_chamado, condominio_id, morador_id, sindico_id) VALUES (513647, 'Iure neque minus necessitatibus. Aliquam quidem cum dicta. Nesciunt animi esse odit quia ducimus officiis.', 'aberto', '2026-04-25 05:13:21', 513618, 513692, 513618);
INSERT INTO chamados (id, descricao, status, data_chamado, condominio_id, morador_id, sindico_id) VALUES (513648, 'Velit dicta reiciendis autem dolorem debitis. Distinctio nostrum sequi.', 'aberto', '2026-04-03 18:04:05', 513618, 513685, 513618);
INSERT INTO chamados (id, descricao, status, data_chamado, condominio_id, morador_id, sindico_id) VALUES (513649, 'Libero ab nobis dolor corrupti ducimus ipsa. Deserunt a exercitationem quos. Ex facilis numquam.', 'aberto', '2026-03-16 18:15:36', 513618, 513688, 513618);
INSERT INTO chamados (id, descricao, status, data_chamado, condominio_id, morador_id, sindico_id) VALUES (513650, 'Autem ab perferendis cumque perferendis aliquam id.
Eius quibusdam similique sit soluta. Minus alias dolore vel laborum.', 'aberto', '2026-04-20 04:19:22', 513618, 513689, 513618);
INSERT INTO chamados (id, descricao, status, data_chamado, condominio_id, morador_id, sindico_id) VALUES (513651, 'Beatae ipsum nobis amet vero. Exercitationem saepe illum placeat. At dolorum possimus voluptatibus minus reprehenderit.', 'resolvido', '2026-03-17 07:35:30', 513618, 513699, 513618);
INSERT INTO chamados (id, descricao, status, data_chamado, condominio_id, morador_id, sindico_id) VALUES (513652, 'Eius error praesentium nulla ipsam vel.
Vitae deserunt iusto error. Est veritatis voluptatibus accusamus itaque consequatur.', 'aberto', '2026-03-09 05:11:01', 513618, 513696, 513618);
INSERT INTO chamados (id, descricao, status, data_chamado, condominio_id, morador_id, sindico_id) VALUES (513653, 'Doloribus consectetur dolor eaque fugit adipisci. Cum delectus dolores dolore fuga corrupti corrupti. Totam expedita nulla iusto.', 'em_andamento', '2026-04-17 11:17:25', 513618, 513697, 513618);
INSERT INTO chamados (id, descricao, status, data_chamado, condominio_id, morador_id, sindico_id) VALUES (513654, 'Maxime hic provident autem. Aut explicabo recusandae unde facere.
Magni itaque voluptas voluptatibus culpa qui repellendus beatae.', 'em_andamento', '2026-04-16 08:19:21', 513618, 513692, 513618);
INSERT INTO chamados (id, descricao, status, data_chamado, condominio_id, morador_id, sindico_id) VALUES (513655, 'Harum voluptates eaque reiciendis laboriosam consequatur ratione nesciunt. Ex enim totam quibusdam quasi nobis quam.
Dignissimos est eveniet nihil.', 'em_andamento', '2026-05-02 14:07:36', 513618, 513692, 513618);
INSERT INTO chamados (id, descricao, status, data_chamado, condominio_id, morador_id, sindico_id) VALUES (513656, 'Ullam laudantium voluptatibus et. Beatae eum explicabo.
Iusto culpa quos. Tempora doloremque numquam fugit id veritatis deleniti.', 'aberto', '2026-03-13 23:53:05', 513618, 513679, 513618);
INSERT INTO chamados (id, descricao, status, data_chamado, condominio_id, morador_id, sindico_id) VALUES (513657, 'Dolorum officia atque reiciendis culpa molestias blanditiis. Expedita assumenda eius dolores qui impedit eos.', 'resolvido', '2026-04-13 07:56:07', 513618, 513703, 513618);
INSERT INTO chamados (id, descricao, status, data_chamado, condominio_id, morador_id, sindico_id) VALUES (513658, 'Quisquam tempora modi illo porro porro. Sit laboriosam voluptates corporis.', 'aberto', '2026-03-23 00:21:03', 513618, 513705, 513618);
INSERT INTO chamados (id, descricao, status, data_chamado, condominio_id, morador_id, sindico_id) VALUES (513659, 'Reiciendis ducimus corporis unde ipsum debitis illum non. Harum totam aliquid molestias aut ut odit.', 'aberto', '2026-03-18 16:29:42', 513618, 513704, 513618);
INSERT INTO chamados (id, descricao, status, data_chamado, condominio_id, morador_id, sindico_id) VALUES (513660, 'Quod reprehenderit qui. Dolore aut eaque. Autem occaecati eveniet officia fugiat nam quae.
Facilis quaerat incidunt.', 'aberto', '2026-04-03 01:50:25', 513618, 513703, 513618);

INSERT INTO pagamentos (id, valor, data_pagamento, forma_pagamento, status, condominio_id, morador_id, unidade_id) VALUES (513616, 947, '2026-05-01 16:20:55', 'cartao_credito', 'pago', 513616, 513618, 513618);
INSERT INTO pagamentos (id, valor, data_pagamento, forma_pagamento, status, condominio_id, morador_id, unidade_id) VALUES (513617, 906, '2026-04-01 16:20:55', 'cartao_credito', 'pago', 513616, 513618, 513618);
INSERT INTO pagamentos (id, valor, data_pagamento, forma_pagamento, status, condominio_id, morador_id, unidade_id) VALUES (513618, 496, '2026-04-30 16:20:55', 'pix', 'pago', 513616, 513619, 513619);
INSERT INTO pagamentos (id, valor, data_pagamento, forma_pagamento, status, condominio_id, morador_id, unidade_id) VALUES (513619, 353, '2026-03-02 16:20:55', 'cartao_credito', 'pago', 513616, 513619, 513619);
INSERT INTO pagamentos (id, valor, data_pagamento, forma_pagamento, status, condominio_id, morador_id, unidade_id) VALUES (513620, 1336, '2026-03-03 16:20:55', 'cartao_credito', 'pago', 513616, 513621, 513621);
INSERT INTO pagamentos (id, valor, data_pagamento, forma_pagamento, status, condominio_id, morador_id, unidade_id) VALUES (513621, 1281, '2026-03-31 16:20:55', 'boleto', 'pago', 513616, 513623, 513623);
INSERT INTO pagamentos (id, valor, data_pagamento, forma_pagamento, status, condominio_id, morador_id, unidade_id) VALUES (513622, 1176, '2026-04-01 16:20:55', 'pix', 'pago', 513616, 513624, 513624);
INSERT INTO pagamentos (id, valor, data_pagamento, forma_pagamento, status, condominio_id, morador_id, unidade_id) VALUES (513623, 1260, '2026-05-01 16:20:55', 'boleto', 'pago', 513616, 513625, 513625);
INSERT INTO pagamentos (id, valor, data_pagamento, forma_pagamento, status, condominio_id, morador_id, unidade_id) VALUES (513624, 714, '2026-05-01 16:20:55', 'cartao_credito', 'pago', 513616, 513626, 513626);
INSERT INTO pagamentos (id, valor, data_pagamento, forma_pagamento, status, condominio_id, morador_id, unidade_id) VALUES (513625, 1096, '2026-04-01 16:20:55', 'boleto', 'pago', 513616, 513627, 513627);
INSERT INTO pagamentos (id, valor, data_pagamento, forma_pagamento, status, condominio_id, morador_id, unidade_id) VALUES (513626, 948, '2026-03-30 16:20:55', 'pix', 'pago', 513616, 513628, 513628);
INSERT INTO pagamentos (id, valor, data_pagamento, forma_pagamento, status, condominio_id, morador_id, unidade_id) VALUES (513627, 1461, '2026-04-28 16:20:55', 'pix', 'pago', 513616, 513629, 513629);
INSERT INTO pagamentos (id, valor, data_pagamento, forma_pagamento, status, condominio_id, morador_id, unidade_id) VALUES (513628, 448, '2026-03-29 16:20:55', 'pix', 'pago', 513616, 513630, 513630);
INSERT INTO pagamentos (id, valor, data_pagamento, forma_pagamento, status, condominio_id, morador_id, unidade_id) VALUES (513629, 503, '2026-02-27 16:20:55', 'cartao_credito', 'pago', 513616, 513630, 513630);
INSERT INTO pagamentos (id, valor, data_pagamento, forma_pagamento, status, condominio_id, morador_id, unidade_id) VALUES (513630, 832, '2026-04-28 16:20:55', 'boleto', 'pago', 513616, 513631, 513631);
INSERT INTO pagamentos (id, valor, data_pagamento, forma_pagamento, status, condominio_id, morador_id, unidade_id) VALUES (513631, 1347, '2026-03-30 16:20:55', 'boleto', 'pago', 513616, 513631, 513631);
INSERT INTO pagamentos (id, valor, data_pagamento, forma_pagamento, status, condominio_id, morador_id, unidade_id) VALUES (513632, 705, '2026-03-03 16:20:55', 'boleto', 'pago', 513616, 513631, 513631);
INSERT INTO pagamentos (id, valor, data_pagamento, forma_pagamento, status, condominio_id, morador_id, unidade_id) VALUES (513633, 1133, '2026-04-02 16:20:55', 'cartao_credito', 'pago', 513616, 513633, 513633);
INSERT INTO pagamentos (id, valor, data_pagamento, forma_pagamento, status, condominio_id, morador_id, unidade_id) VALUES (513634, 430, '2026-04-28 16:20:55', 'boleto', 'pago', 513616, 513634, 513634);
INSERT INTO pagamentos (id, valor, data_pagamento, forma_pagamento, status, condominio_id, morador_id, unidade_id) VALUES (513635, 1104, '2026-04-30 16:20:55', 'cartao_credito', 'pago', 513616, 513635, 513635);
INSERT INTO pagamentos (id, valor, data_pagamento, forma_pagamento, status, condominio_id, morador_id, unidade_id) VALUES (513636, 604, '2026-02-27 16:20:55', 'pix', 'pago', 513616, 513635, 513635);
INSERT INTO pagamentos (id, valor, data_pagamento, forma_pagamento, status, condominio_id, morador_id, unidade_id) VALUES (513637, 1160, '2026-04-29 16:20:55', 'pix', 'pago', 513616, 513636, 513636);
INSERT INTO pagamentos (id, valor, data_pagamento, forma_pagamento, status, condominio_id, morador_id, unidade_id) VALUES (513638, 555, '2026-03-31 16:20:55', 'cartao_credito', 'pago', 513616, 513637, 513637);
INSERT INTO pagamentos (id, valor, data_pagamento, forma_pagamento, status, condominio_id, morador_id, unidade_id) VALUES (513639, 715, '2026-02-27 16:20:55', 'cartao_credito', 'pago', 513616, 513637, 513637);
INSERT INTO pagamentos (id, valor, data_pagamento, forma_pagamento, status, condominio_id, morador_id, unidade_id) VALUES (513640, 1302, '2026-04-29 16:20:55', 'pix', 'pago', 513616, 513638, 513638);
INSERT INTO pagamentos (id, valor, data_pagamento, forma_pagamento, status, condominio_id, morador_id, unidade_id) VALUES (513641, 1226, '2026-03-29 16:20:55', 'cartao_credito', 'pago', 513616, 513638, 513638);
INSERT INTO pagamentos (id, valor, data_pagamento, forma_pagamento, status, condominio_id, morador_id, unidade_id) VALUES (513642, 1306, '2026-05-02 16:20:55', 'cartao_credito', 'pago', 513616, 513639, 513639);
INSERT INTO pagamentos (id, valor, data_pagamento, forma_pagamento, status, condominio_id, morador_id, unidade_id) VALUES (513643, 1029, '2026-03-03 16:20:55', 'boleto', 'pago', 513616, 513639, 513639);
INSERT INTO pagamentos (id, valor, data_pagamento, forma_pagamento, status, condominio_id, morador_id, unidade_id) VALUES (513644, 1175, '2026-04-28 16:20:55', 'boleto', 'pago', 513616, 513640, 513640);
INSERT INTO pagamentos (id, valor, data_pagamento, forma_pagamento, status, condominio_id, morador_id, unidade_id) VALUES (513645, 791, '2026-05-02 16:20:55', 'cartao_credito', 'pago', 513616, 513641, 513641);
INSERT INTO pagamentos (id, valor, data_pagamento, forma_pagamento, status, condominio_id, morador_id, unidade_id) VALUES (513646, 688, '2026-03-29 16:20:55', 'cartao_credito', 'pago', 513616, 513641, 513641);
INSERT INTO pagamentos (id, valor, data_pagamento, forma_pagamento, status, condominio_id, morador_id, unidade_id) VALUES (513647, 1191, '2026-03-01 16:20:55', 'cartao_credito', 'pago', 513616, 513641, 513641);
INSERT INTO pagamentos (id, valor, data_pagamento, forma_pagamento, status, condominio_id, morador_id, unidade_id) VALUES (513648, 591, '2026-05-02 16:20:55', 'cartao_credito', 'pago', 513616, 513642, 513642);
INSERT INTO pagamentos (id, valor, data_pagamento, forma_pagamento, status, condominio_id, morador_id, unidade_id) VALUES (513649, 902, '2026-04-01 16:20:55', 'boleto', 'pago', 513616, 513642, 513642);
INSERT INTO pagamentos (id, valor, data_pagamento, forma_pagamento, status, condominio_id, morador_id, unidade_id) VALUES (513650, 494, '2026-04-28 16:20:55', 'boleto', 'pago', 513616, 513643, 513643);
INSERT INTO pagamentos (id, valor, data_pagamento, forma_pagamento, status, condominio_id, morador_id, unidade_id) VALUES (513651, 1106, '2026-03-03 16:20:55', 'boleto', 'pago', 513616, 513643, 513643);
INSERT INTO pagamentos (id, valor, data_pagamento, forma_pagamento, status, condominio_id, morador_id, unidade_id) VALUES (513652, 1105, '2026-03-02 16:20:55', 'boleto', 'pago', 513616, 513644, 513644);
INSERT INTO pagamentos (id, valor, data_pagamento, forma_pagamento, status, condominio_id, morador_id, unidade_id) VALUES (513653, 937, '2026-03-29 16:20:55', 'cartao_credito', 'pago', 513616, 513645, 513645);
INSERT INTO pagamentos (id, valor, data_pagamento, forma_pagamento, status, condominio_id, morador_id, unidade_id) VALUES (513654, 699, '2026-05-02 16:20:55', 'pix', 'pago', 513617, 513646, 513646);
INSERT INTO pagamentos (id, valor, data_pagamento, forma_pagamento, status, condominio_id, morador_id, unidade_id) VALUES (513655, 478, '2026-04-01 16:20:55', 'boleto', 'pago', 513617, 513646, 513646);
INSERT INTO pagamentos (id, valor, data_pagamento, forma_pagamento, status, condominio_id, morador_id, unidade_id) VALUES (513656, 465, '2026-04-28 16:20:55', 'boleto', 'pago', 513617, 513649, 513649);
INSERT INTO pagamentos (id, valor, data_pagamento, forma_pagamento, status, condominio_id, morador_id, unidade_id) VALUES (513657, 843, '2026-04-29 16:20:55', 'cartao_credito', 'pago', 513617, 513651, 513651);
INSERT INTO pagamentos (id, valor, data_pagamento, forma_pagamento, status, condominio_id, morador_id, unidade_id) VALUES (513658, 1105, '2026-05-01 16:20:55', 'cartao_credito', 'pago', 513617, 513655, 513655);
INSERT INTO pagamentos (id, valor, data_pagamento, forma_pagamento, status, condominio_id, morador_id, unidade_id) VALUES (513659, 431, '2026-02-27 16:20:55', 'cartao_credito', 'pago', 513617, 513656, 513656);
INSERT INTO pagamentos (id, valor, data_pagamento, forma_pagamento, status, condominio_id, morador_id, unidade_id) VALUES (513660, 912, '2026-03-31 16:20:55', 'cartao_credito', 'pago', 513617, 513657, 513657);
INSERT INTO pagamentos (id, valor, data_pagamento, forma_pagamento, status, condominio_id, morador_id, unidade_id) VALUES (513661, 1432, '2026-03-01 16:20:55', 'boleto', 'pago', 513617, 513659, 513659);
INSERT INTO pagamentos (id, valor, data_pagamento, forma_pagamento, status, condominio_id, morador_id, unidade_id) VALUES (513662, 1395, '2026-03-29 16:20:55', 'boleto', 'pago', 513617, 513660, 513660);
INSERT INTO pagamentos (id, valor, data_pagamento, forma_pagamento, status, condominio_id, morador_id, unidade_id) VALUES (513663, 1088, '2026-03-03 16:20:55', 'cartao_credito', 'pago', 513617, 513660, 513660);
INSERT INTO pagamentos (id, valor, data_pagamento, forma_pagamento, status, condominio_id, morador_id, unidade_id) VALUES (513664, 1427, '2026-04-29 16:20:55', 'boleto', 'pago', 513617, 513661, 513661);
INSERT INTO pagamentos (id, valor, data_pagamento, forma_pagamento, status, condominio_id, morador_id, unidade_id) VALUES (513665, 1059, '2026-03-29 16:20:55', 'cartao_credito', 'pago', 513617, 513661, 513661);
INSERT INTO pagamentos (id, valor, data_pagamento, forma_pagamento, status, condominio_id, morador_id, unidade_id) VALUES (513666, 1435, '2026-04-30 16:20:55', 'cartao_credito', 'pago', 513617, 513662, 513662);
INSERT INTO pagamentos (id, valor, data_pagamento, forma_pagamento, status, condominio_id, morador_id, unidade_id) VALUES (513667, 1198, '2026-05-02 16:20:55', 'pix', 'pago', 513617, 513663, 513663);
INSERT INTO pagamentos (id, valor, data_pagamento, forma_pagamento, status, condominio_id, morador_id, unidade_id) VALUES (513668, 1309, '2026-03-02 16:20:55', 'pix', 'pago', 513617, 513663, 513663);
INSERT INTO pagamentos (id, valor, data_pagamento, forma_pagamento, status, condominio_id, morador_id, unidade_id) VALUES (513669, 489, '2026-04-29 16:20:55', 'cartao_credito', 'pago', 513617, 513664, 513664);
INSERT INTO pagamentos (id, valor, data_pagamento, forma_pagamento, status, condominio_id, morador_id, unidade_id) VALUES (513670, 1279, '2026-04-28 16:20:55', 'pix', 'pago', 513617, 513666, 513666);
INSERT INTO pagamentos (id, valor, data_pagamento, forma_pagamento, status, condominio_id, morador_id, unidade_id) VALUES (513671, 430, '2026-04-02 16:20:55', 'boleto', 'pago', 513617, 513666, 513666);
INSERT INTO pagamentos (id, valor, data_pagamento, forma_pagamento, status, condominio_id, morador_id, unidade_id) VALUES (513672, 850, '2026-04-28 16:20:55', 'boleto', 'pago', 513617, 513667, 513667);
INSERT INTO pagamentos (id, valor, data_pagamento, forma_pagamento, status, condominio_id, morador_id, unidade_id) VALUES (513673, 536, '2026-02-28 16:20:55', 'boleto', 'pago', 513617, 513669, 513669);
INSERT INTO pagamentos (id, valor, data_pagamento, forma_pagamento, status, condominio_id, morador_id, unidade_id) VALUES (513674, 982, '2026-03-30 16:20:55', 'pix', 'pago', 513617, 513672, 513672);
INSERT INTO pagamentos (id, valor, data_pagamento, forma_pagamento, status, condominio_id, morador_id, unidade_id) VALUES (513675, 951, '2026-03-29 16:20:55', 'cartao_credito', 'pago', 513617, 513673, 513673);
INSERT INTO pagamentos (id, valor, data_pagamento, forma_pagamento, status, condominio_id, morador_id, unidade_id) VALUES (513676, 1359, '2026-03-03 16:20:55', 'cartao_credito', 'pago', 513617, 513673, 513673);
INSERT INTO pagamentos (id, valor, data_pagamento, forma_pagamento, status, condominio_id, morador_id, unidade_id) VALUES (513677, 794, '2026-04-29 16:20:55', 'pix', 'pago', 513617, 513675, 513675);
INSERT INTO pagamentos (id, valor, data_pagamento, forma_pagamento, status, condominio_id, morador_id, unidade_id) VALUES (513678, 1166, '2026-03-30 16:20:55', 'cartao_credito', 'pago', 513617, 513675, 513675);
INSERT INTO pagamentos (id, valor, data_pagamento, forma_pagamento, status, condominio_id, morador_id, unidade_id) VALUES (513679, 1397, '2026-04-02 16:20:55', 'cartao_credito', 'pago', 513618, 513677, 513677);
INSERT INTO pagamentos (id, valor, data_pagamento, forma_pagamento, status, condominio_id, morador_id, unidade_id) VALUES (513680, 858, '2026-03-02 16:20:55', 'pix', 'pago', 513618, 513678, 513678);
INSERT INTO pagamentos (id, valor, data_pagamento, forma_pagamento, status, condominio_id, morador_id, unidade_id) VALUES (513681, 401, '2026-02-27 16:20:55', 'pix', 'pago', 513618, 513680, 513680);
INSERT INTO pagamentos (id, valor, data_pagamento, forma_pagamento, status, condominio_id, morador_id, unidade_id) VALUES (513682, 312, '2026-04-02 16:20:55', 'cartao_credito', 'pago', 513618, 513681, 513681);
INSERT INTO pagamentos (id, valor, data_pagamento, forma_pagamento, status, condominio_id, morador_id, unidade_id) VALUES (513683, 1497, '2026-04-28 16:20:55', 'pix', 'pago', 513618, 513682, 513682);
INSERT INTO pagamentos (id, valor, data_pagamento, forma_pagamento, status, condominio_id, morador_id, unidade_id) VALUES (513684, 1057, '2026-03-29 16:20:55', 'boleto', 'pago', 513618, 513682, 513682);
INSERT INTO pagamentos (id, valor, data_pagamento, forma_pagamento, status, condominio_id, morador_id, unidade_id) VALUES (513685, 874, '2026-04-30 16:20:55', 'pix', 'pago', 513618, 513683, 513683);
INSERT INTO pagamentos (id, valor, data_pagamento, forma_pagamento, status, condominio_id, morador_id, unidade_id) VALUES (513686, 827, '2026-03-29 16:20:55', 'pix', 'pago', 513618, 513684, 513684);
INSERT INTO pagamentos (id, valor, data_pagamento, forma_pagamento, status, condominio_id, morador_id, unidade_id) VALUES (513687, 1254, '2026-02-28 16:20:55', 'pix', 'pago', 513618, 513684, 513684);
INSERT INTO pagamentos (id, valor, data_pagamento, forma_pagamento, status, condominio_id, morador_id, unidade_id) VALUES (513688, 756, '2026-03-30 16:20:55', 'cartao_credito', 'pago', 513618, 513685, 513685);
INSERT INTO pagamentos (id, valor, data_pagamento, forma_pagamento, status, condominio_id, morador_id, unidade_id) VALUES (513689, 1045, '2026-04-28 16:20:55', 'boleto', 'pago', 513618, 513686, 513686);
INSERT INTO pagamentos (id, valor, data_pagamento, forma_pagamento, status, condominio_id, morador_id, unidade_id) VALUES (513690, 1041, '2026-05-02 16:20:55', 'boleto', 'pago', 513618, 513687, 513687);
INSERT INTO pagamentos (id, valor, data_pagamento, forma_pagamento, status, condominio_id, morador_id, unidade_id) VALUES (513691, 1484, '2026-02-27 16:20:55', 'boleto', 'pago', 513618, 513687, 513687);
INSERT INTO pagamentos (id, valor, data_pagamento, forma_pagamento, status, condominio_id, morador_id, unidade_id) VALUES (513692, 1042, '2026-03-29 16:20:55', 'boleto', 'pago', 513618, 513688, 513688);
INSERT INTO pagamentos (id, valor, data_pagamento, forma_pagamento, status, condominio_id, morador_id, unidade_id) VALUES (513693, 1097, '2026-03-02 16:20:55', 'boleto', 'pago', 513618, 513688, 513688);
INSERT INTO pagamentos (id, valor, data_pagamento, forma_pagamento, status, condominio_id, morador_id, unidade_id) VALUES (513694, 340, '2026-04-01 16:20:55', 'cartao_credito', 'pago', 513618, 513690, 513690);
INSERT INTO pagamentos (id, valor, data_pagamento, forma_pagamento, status, condominio_id, morador_id, unidade_id) VALUES (513695, 842, '2026-04-30 16:20:55', 'pix', 'pago', 513618, 513691, 513691);
INSERT INTO pagamentos (id, valor, data_pagamento, forma_pagamento, status, condominio_id, morador_id, unidade_id) VALUES (513696, 1032, '2026-02-28 16:20:55', 'pix', 'pago', 513618, 513693, 513693);
INSERT INTO pagamentos (id, valor, data_pagamento, forma_pagamento, status, condominio_id, morador_id, unidade_id) VALUES (513697, 770, '2026-05-01 16:20:55', 'boleto', 'pago', 513618, 513694, 513694);
INSERT INTO pagamentos (id, valor, data_pagamento, forma_pagamento, status, condominio_id, morador_id, unidade_id) VALUES (513698, 1432, '2026-04-02 16:20:55', 'boleto', 'pago', 513618, 513694, 513694);
INSERT INTO pagamentos (id, valor, data_pagamento, forma_pagamento, status, condominio_id, morador_id, unidade_id) VALUES (513699, 997, '2026-03-30 16:20:55', 'pix', 'pago', 513618, 513695, 513695);
INSERT INTO pagamentos (id, valor, data_pagamento, forma_pagamento, status, condominio_id, morador_id, unidade_id) VALUES (513700, 902, '2026-05-01 16:20:55', 'pix', 'pago', 513618, 513696, 513696);
INSERT INTO pagamentos (id, valor, data_pagamento, forma_pagamento, status, condominio_id, morador_id, unidade_id) VALUES (513701, 723, '2026-03-30 16:20:55', 'cartao_credito', 'pago', 513618, 513696, 513696);
INSERT INTO pagamentos (id, valor, data_pagamento, forma_pagamento, status, condominio_id, morador_id, unidade_id) VALUES (513702, 431, '2026-02-27 16:20:55', 'pix', 'pago', 513618, 513697, 513697);
INSERT INTO pagamentos (id, valor, data_pagamento, forma_pagamento, status, condominio_id, morador_id, unidade_id) VALUES (513703, 1336, '2026-05-02 16:20:55', 'boleto', 'pago', 513618, 513698, 513698);
INSERT INTO pagamentos (id, valor, data_pagamento, forma_pagamento, status, condominio_id, morador_id, unidade_id) VALUES (513704, 669, '2026-03-03 16:20:55', 'pix', 'pago', 513618, 513698, 513698);
INSERT INTO pagamentos (id, valor, data_pagamento, forma_pagamento, status, condominio_id, morador_id, unidade_id) VALUES (513705, 1405, '2026-02-27 16:20:55', 'boleto', 'pago', 513618, 513700, 513700);
INSERT INTO pagamentos (id, valor, data_pagamento, forma_pagamento, status, condominio_id, morador_id, unidade_id) VALUES (513706, 1428, '2026-04-29 16:20:55', 'cartao_credito', 'pago', 513618, 513701, 513701);
INSERT INTO pagamentos (id, valor, data_pagamento, forma_pagamento, status, condominio_id, morador_id, unidade_id) VALUES (513707, 418, '2026-03-30 16:20:55', 'pix', 'pago', 513618, 513701, 513701);
INSERT INTO pagamentos (id, valor, data_pagamento, forma_pagamento, status, condominio_id, morador_id, unidade_id) VALUES (513708, 1202, '2026-03-01 16:20:55', 'boleto', 'pago', 513618, 513701, 513701);
INSERT INTO pagamentos (id, valor, data_pagamento, forma_pagamento, status, condominio_id, morador_id, unidade_id) VALUES (513709, 1262, '2026-04-28 16:20:55', 'boleto', 'pago', 513618, 513702, 513702);
INSERT INTO pagamentos (id, valor, data_pagamento, forma_pagamento, status, condominio_id, morador_id, unidade_id) VALUES (513710, 846, '2026-04-28 16:20:55', 'pix', 'pago', 513618, 513703, 513703);
INSERT INTO pagamentos (id, valor, data_pagamento, forma_pagamento, status, condominio_id, morador_id, unidade_id) VALUES (513711, 1340, '2026-04-28 16:20:55', 'boleto', 'pago', 513618, 513704, 513704);

INSERT INTO mensalidades (id, competencia, vencimento, valor, valor_original, valor_final, status, pagamento_id, unidade_id, morador_id, condominio_id) VALUES (513616, '2026-05-01', '2026-05-03', 501, 501, 501, 'pendente', NULL, 513616, 513616, 513616);
INSERT INTO mensalidades (id, competencia, vencimento, valor, valor_original, valor_final, status, pagamento_id, unidade_id, morador_id, condominio_id) VALUES (513617, '2026-04-01', '2026-04-03', 1407, 1407, 1407, 'atrasado', NULL, 513616, 513616, 513616);
INSERT INTO mensalidades (id, competencia, vencimento, valor, valor_original, valor_final, status, pagamento_id, unidade_id, morador_id, condominio_id) VALUES (513618, '2026-03-01', '2026-03-04', 427, 427, 427, 'pendente', NULL, 513616, 513616, 513616);
INSERT INTO mensalidades (id, competencia, vencimento, valor, valor_original, valor_final, status, pagamento_id, unidade_id, morador_id, condominio_id) VALUES (513619, '2026-05-01', '2026-05-03', 633, 633, 633, 'pendente', NULL, 513617, 513617, 513616);
INSERT INTO mensalidades (id, competencia, vencimento, valor, valor_original, valor_final, status, pagamento_id, unidade_id, morador_id, condominio_id) VALUES (513620, '2026-04-01', '2026-04-03', 949, 949, 949, 'atrasado', NULL, 513617, 513617, 513616);
INSERT INTO mensalidades (id, competencia, vencimento, valor, valor_original, valor_final, status, pagamento_id, unidade_id, morador_id, condominio_id) VALUES (513621, '2026-03-01', '2026-03-04', 1007, 1007, 1007, 'atrasado', NULL, 513617, 513617, 513616);
INSERT INTO mensalidades (id, competencia, vencimento, valor, valor_original, valor_final, status, pagamento_id, unidade_id, morador_id, condominio_id) VALUES (513622, '2026-05-01', '2026-05-03', 947, 947, 947, 'pago', 513616, 513618, 513618, 513616);
INSERT INTO mensalidades (id, competencia, vencimento, valor, valor_original, valor_final, status, pagamento_id, unidade_id, morador_id, condominio_id) VALUES (513623, '2026-04-01', '2026-04-03', 906, 906, 906, 'pago', 513617, 513618, 513618, 513616);
INSERT INTO mensalidades (id, competencia, vencimento, valor, valor_original, valor_final, status, pagamento_id, unidade_id, morador_id, condominio_id) VALUES (513624, '2026-03-01', '2026-03-04', 441, 441, 441, 'atrasado', NULL, 513618, 513618, 513616);
INSERT INTO mensalidades (id, competencia, vencimento, valor, valor_original, valor_final, status, pagamento_id, unidade_id, morador_id, condominio_id) VALUES (513625, '2026-05-01', '2026-05-03', 496, 496, 496, 'pago', 513618, 513619, 513619, 513616);
INSERT INTO mensalidades (id, competencia, vencimento, valor, valor_original, valor_final, status, pagamento_id, unidade_id, morador_id, condominio_id) VALUES (513626, '2026-04-01', '2026-04-03', 392, 392, 392, 'pendente', NULL, 513619, 513619, 513616);
INSERT INTO mensalidades (id, competencia, vencimento, valor, valor_original, valor_final, status, pagamento_id, unidade_id, morador_id, condominio_id) VALUES (513627, '2026-03-01', '2026-03-04', 353, 353, 353, 'pago', 513619, 513619, 513619, 513616);
INSERT INTO mensalidades (id, competencia, vencimento, valor, valor_original, valor_final, status, pagamento_id, unidade_id, morador_id, condominio_id) VALUES (513628, '2026-05-01', '2026-05-03', 1372, 1372, 1372, 'pendente', NULL, 513620, 513620, 513616);
INSERT INTO mensalidades (id, competencia, vencimento, valor, valor_original, valor_final, status, pagamento_id, unidade_id, morador_id, condominio_id) VALUES (513629, '2026-04-01', '2026-04-03', 649, 649, 649, 'pendente', NULL, 513620, 513620, 513616);
INSERT INTO mensalidades (id, competencia, vencimento, valor, valor_original, valor_final, status, pagamento_id, unidade_id, morador_id, condominio_id) VALUES (513630, '2026-03-01', '2026-03-04', 566, 566, 566, 'atrasado', NULL, 513620, 513620, 513616);
INSERT INTO mensalidades (id, competencia, vencimento, valor, valor_original, valor_final, status, pagamento_id, unidade_id, morador_id, condominio_id) VALUES (513631, '2026-05-01', '2026-05-03', 842, 842, 842, 'atrasado', NULL, 513621, 513621, 513616);
INSERT INTO mensalidades (id, competencia, vencimento, valor, valor_original, valor_final, status, pagamento_id, unidade_id, morador_id, condominio_id) VALUES (513632, '2026-04-01', '2026-04-03', 707, 707, 707, 'pendente', NULL, 513621, 513621, 513616);
INSERT INTO mensalidades (id, competencia, vencimento, valor, valor_original, valor_final, status, pagamento_id, unidade_id, morador_id, condominio_id) VALUES (513633, '2026-03-01', '2026-03-04', 1336, 1336, 1336, 'pago', 513620, 513621, 513621, 513616);
INSERT INTO mensalidades (id, competencia, vencimento, valor, valor_original, valor_final, status, pagamento_id, unidade_id, morador_id, condominio_id) VALUES (513634, '2026-05-01', '2026-05-03', 405, 405, 405, 'atrasado', NULL, 513622, 513622, 513616);
INSERT INTO mensalidades (id, competencia, vencimento, valor, valor_original, valor_final, status, pagamento_id, unidade_id, morador_id, condominio_id) VALUES (513635, '2026-04-01', '2026-04-03', 818, 818, 818, 'atrasado', NULL, 513622, 513622, 513616);
INSERT INTO mensalidades (id, competencia, vencimento, valor, valor_original, valor_final, status, pagamento_id, unidade_id, morador_id, condominio_id) VALUES (513636, '2026-03-01', '2026-03-04', 938, 938, 938, 'atrasado', NULL, 513622, 513622, 513616);
INSERT INTO mensalidades (id, competencia, vencimento, valor, valor_original, valor_final, status, pagamento_id, unidade_id, morador_id, condominio_id) VALUES (513637, '2026-05-01', '2026-05-03', 810, 810, 810, 'atrasado', NULL, 513623, 513623, 513616);
INSERT INTO mensalidades (id, competencia, vencimento, valor, valor_original, valor_final, status, pagamento_id, unidade_id, morador_id, condominio_id) VALUES (513638, '2026-04-01', '2026-04-03', 1281, 1281, 1281, 'pago', 513621, 513623, 513623, 513616);
INSERT INTO mensalidades (id, competencia, vencimento, valor, valor_original, valor_final, status, pagamento_id, unidade_id, morador_id, condominio_id) VALUES (513639, '2026-03-01', '2026-03-04', 927, 927, 927, 'pendente', NULL, 513623, 513623, 513616);
INSERT INTO mensalidades (id, competencia, vencimento, valor, valor_original, valor_final, status, pagamento_id, unidade_id, morador_id, condominio_id) VALUES (513640, '2026-05-01', '2026-05-03', 1439, 1439, 1439, 'pendente', NULL, 513624, 513624, 513616);
INSERT INTO mensalidades (id, competencia, vencimento, valor, valor_original, valor_final, status, pagamento_id, unidade_id, morador_id, condominio_id) VALUES (513641, '2026-04-01', '2026-04-03', 1176, 1176, 1176, 'pago', 513622, 513624, 513624, 513616);
INSERT INTO mensalidades (id, competencia, vencimento, valor, valor_original, valor_final, status, pagamento_id, unidade_id, morador_id, condominio_id) VALUES (513642, '2026-03-01', '2026-03-04', 354, 354, 354, 'atrasado', NULL, 513624, 513624, 513616);
INSERT INTO mensalidades (id, competencia, vencimento, valor, valor_original, valor_final, status, pagamento_id, unidade_id, morador_id, condominio_id) VALUES (513643, '2026-05-01', '2026-05-03', 1260, 1260, 1260, 'pago', 513623, 513625, 513625, 513616);
INSERT INTO mensalidades (id, competencia, vencimento, valor, valor_original, valor_final, status, pagamento_id, unidade_id, morador_id, condominio_id) VALUES (513644, '2026-04-01', '2026-04-03', 382, 382, 382, 'atrasado', NULL, 513625, 513625, 513616);
INSERT INTO mensalidades (id, competencia, vencimento, valor, valor_original, valor_final, status, pagamento_id, unidade_id, morador_id, condominio_id) VALUES (513645, '2026-03-01', '2026-03-04', 418, 418, 418, 'pendente', NULL, 513625, 513625, 513616);
INSERT INTO mensalidades (id, competencia, vencimento, valor, valor_original, valor_final, status, pagamento_id, unidade_id, morador_id, condominio_id) VALUES (513646, '2026-05-01', '2026-05-03', 714, 714, 714, 'pago', 513624, 513626, 513626, 513616);
INSERT INTO mensalidades (id, competencia, vencimento, valor, valor_original, valor_final, status, pagamento_id, unidade_id, morador_id, condominio_id) VALUES (513647, '2026-04-01', '2026-04-03', 1494, 1494, 1494, 'atrasado', NULL, 513626, 513626, 513616);
INSERT INTO mensalidades (id, competencia, vencimento, valor, valor_original, valor_final, status, pagamento_id, unidade_id, morador_id, condominio_id) VALUES (513648, '2026-03-01', '2026-03-04', 1196, 1196, 1196, 'atrasado', NULL, 513626, 513626, 513616);
INSERT INTO mensalidades (id, competencia, vencimento, valor, valor_original, valor_final, status, pagamento_id, unidade_id, morador_id, condominio_id) VALUES (513649, '2026-05-01', '2026-05-03', 438, 438, 438, 'atrasado', NULL, 513627, 513627, 513616);
INSERT INTO mensalidades (id, competencia, vencimento, valor, valor_original, valor_final, status, pagamento_id, unidade_id, morador_id, condominio_id) VALUES (513650, '2026-04-01', '2026-04-03', 1096, 1096, 1096, 'pago', 513625, 513627, 513627, 513616);
INSERT INTO mensalidades (id, competencia, vencimento, valor, valor_original, valor_final, status, pagamento_id, unidade_id, morador_id, condominio_id) VALUES (513651, '2026-03-01', '2026-03-04', 910, 910, 910, 'atrasado', NULL, 513627, 513627, 513616);
INSERT INTO mensalidades (id, competencia, vencimento, valor, valor_original, valor_final, status, pagamento_id, unidade_id, morador_id, condominio_id) VALUES (513652, '2026-05-01', '2026-05-03', 624, 624, 624, 'atrasado', NULL, 513628, 513628, 513616);
INSERT INTO mensalidades (id, competencia, vencimento, valor, valor_original, valor_final, status, pagamento_id, unidade_id, morador_id, condominio_id) VALUES (513653, '2026-04-01', '2026-04-03', 948, 948, 948, 'pago', 513626, 513628, 513628, 513616);
INSERT INTO mensalidades (id, competencia, vencimento, valor, valor_original, valor_final, status, pagamento_id, unidade_id, morador_id, condominio_id) VALUES (513654, '2026-03-01', '2026-03-04', 375, 375, 375, 'pendente', NULL, 513628, 513628, 513616);
INSERT INTO mensalidades (id, competencia, vencimento, valor, valor_original, valor_final, status, pagamento_id, unidade_id, morador_id, condominio_id) VALUES (513655, '2026-05-01', '2026-05-03', 1461, 1461, 1461, 'pago', 513627, 513629, 513629, 513616);
INSERT INTO mensalidades (id, competencia, vencimento, valor, valor_original, valor_final, status, pagamento_id, unidade_id, morador_id, condominio_id) VALUES (513656, '2026-04-01', '2026-04-03', 462, 462, 462, 'pendente', NULL, 513629, 513629, 513616);
INSERT INTO mensalidades (id, competencia, vencimento, valor, valor_original, valor_final, status, pagamento_id, unidade_id, morador_id, condominio_id) VALUES (513657, '2026-03-01', '2026-03-04', 1205, 1205, 1205, 'atrasado', NULL, 513629, 513629, 513616);
INSERT INTO mensalidades (id, competencia, vencimento, valor, valor_original, valor_final, status, pagamento_id, unidade_id, morador_id, condominio_id) VALUES (513658, '2026-05-01', '2026-05-03', 1122, 1122, 1122, 'pendente', NULL, 513630, 513630, 513616);
INSERT INTO mensalidades (id, competencia, vencimento, valor, valor_original, valor_final, status, pagamento_id, unidade_id, morador_id, condominio_id) VALUES (513659, '2026-04-01', '2026-04-03', 448, 448, 448, 'pago', 513628, 513630, 513630, 513616);
INSERT INTO mensalidades (id, competencia, vencimento, valor, valor_original, valor_final, status, pagamento_id, unidade_id, morador_id, condominio_id) VALUES (513660, '2026-03-01', '2026-03-04', 503, 503, 503, 'pago', 513629, 513630, 513630, 513616);
INSERT INTO mensalidades (id, competencia, vencimento, valor, valor_original, valor_final, status, pagamento_id, unidade_id, morador_id, condominio_id) VALUES (513661, '2026-05-01', '2026-05-03', 832, 832, 832, 'pago', 513630, 513631, 513631, 513616);
INSERT INTO mensalidades (id, competencia, vencimento, valor, valor_original, valor_final, status, pagamento_id, unidade_id, morador_id, condominio_id) VALUES (513662, '2026-04-01', '2026-04-03', 1347, 1347, 1347, 'pago', 513631, 513631, 513631, 513616);
INSERT INTO mensalidades (id, competencia, vencimento, valor, valor_original, valor_final, status, pagamento_id, unidade_id, morador_id, condominio_id) VALUES (513663, '2026-03-01', '2026-03-04', 705, 705, 705, 'pago', 513632, 513631, 513631, 513616);
INSERT INTO mensalidades (id, competencia, vencimento, valor, valor_original, valor_final, status, pagamento_id, unidade_id, morador_id, condominio_id) VALUES (513664, '2026-05-01', '2026-05-03', 1350, 1350, 1350, 'atrasado', NULL, 513632, 513632, 513616);
INSERT INTO mensalidades (id, competencia, vencimento, valor, valor_original, valor_final, status, pagamento_id, unidade_id, morador_id, condominio_id) VALUES (513665, '2026-04-01', '2026-04-03', 892, 892, 892, 'atrasado', NULL, 513632, 513632, 513616);
INSERT INTO mensalidades (id, competencia, vencimento, valor, valor_original, valor_final, status, pagamento_id, unidade_id, morador_id, condominio_id) VALUES (513666, '2026-03-01', '2026-03-04', 1171, 1171, 1171, 'atrasado', NULL, 513632, 513632, 513616);
INSERT INTO mensalidades (id, competencia, vencimento, valor, valor_original, valor_final, status, pagamento_id, unidade_id, morador_id, condominio_id) VALUES (513667, '2026-05-01', '2026-05-03', 1283, 1283, 1283, 'pendente', NULL, 513633, 513633, 513616);
INSERT INTO mensalidades (id, competencia, vencimento, valor, valor_original, valor_final, status, pagamento_id, unidade_id, morador_id, condominio_id) VALUES (513668, '2026-04-01', '2026-04-03', 1133, 1133, 1133, 'pago', 513633, 513633, 513633, 513616);
INSERT INTO mensalidades (id, competencia, vencimento, valor, valor_original, valor_final, status, pagamento_id, unidade_id, morador_id, condominio_id) VALUES (513669, '2026-03-01', '2026-03-04', 487, 487, 487, 'pendente', NULL, 513633, 513633, 513616);
INSERT INTO mensalidades (id, competencia, vencimento, valor, valor_original, valor_final, status, pagamento_id, unidade_id, morador_id, condominio_id) VALUES (513670, '2026-05-01', '2026-05-03', 430, 430, 430, 'pago', 513634, 513634, 513634, 513616);
INSERT INTO mensalidades (id, competencia, vencimento, valor, valor_original, valor_final, status, pagamento_id, unidade_id, morador_id, condominio_id) VALUES (513671, '2026-04-01', '2026-04-03', 782, 782, 782, 'pendente', NULL, 513634, 513634, 513616);
INSERT INTO mensalidades (id, competencia, vencimento, valor, valor_original, valor_final, status, pagamento_id, unidade_id, morador_id, condominio_id) VALUES (513672, '2026-03-01', '2026-03-04', 474, 474, 474, 'pendente', NULL, 513634, 513634, 513616);
INSERT INTO mensalidades (id, competencia, vencimento, valor, valor_original, valor_final, status, pagamento_id, unidade_id, morador_id, condominio_id) VALUES (513673, '2026-05-01', '2026-05-03', 1104, 1104, 1104, 'pago', 513635, 513635, 513635, 513616);
INSERT INTO mensalidades (id, competencia, vencimento, valor, valor_original, valor_final, status, pagamento_id, unidade_id, morador_id, condominio_id) VALUES (513674, '2026-04-01', '2026-04-03', 544, 544, 544, 'pendente', NULL, 513635, 513635, 513616);
INSERT INTO mensalidades (id, competencia, vencimento, valor, valor_original, valor_final, status, pagamento_id, unidade_id, morador_id, condominio_id) VALUES (513675, '2026-03-01', '2026-03-04', 604, 604, 604, 'pago', 513636, 513635, 513635, 513616);
INSERT INTO mensalidades (id, competencia, vencimento, valor, valor_original, valor_final, status, pagamento_id, unidade_id, morador_id, condominio_id) VALUES (513676, '2026-05-01', '2026-05-03', 1160, 1160, 1160, 'pago', 513637, 513636, 513636, 513616);
INSERT INTO mensalidades (id, competencia, vencimento, valor, valor_original, valor_final, status, pagamento_id, unidade_id, morador_id, condominio_id) VALUES (513677, '2026-04-01', '2026-04-03', 711, 711, 711, 'pendente', NULL, 513636, 513636, 513616);
INSERT INTO mensalidades (id, competencia, vencimento, valor, valor_original, valor_final, status, pagamento_id, unidade_id, morador_id, condominio_id) VALUES (513678, '2026-03-01', '2026-03-04', 774, 774, 774, 'atrasado', NULL, 513636, 513636, 513616);
INSERT INTO mensalidades (id, competencia, vencimento, valor, valor_original, valor_final, status, pagamento_id, unidade_id, morador_id, condominio_id) VALUES (513679, '2026-05-01', '2026-05-03', 404, 404, 404, 'atrasado', NULL, 513637, 513637, 513616);
INSERT INTO mensalidades (id, competencia, vencimento, valor, valor_original, valor_final, status, pagamento_id, unidade_id, morador_id, condominio_id) VALUES (513680, '2026-04-01', '2026-04-03', 555, 555, 555, 'pago', 513638, 513637, 513637, 513616);
INSERT INTO mensalidades (id, competencia, vencimento, valor, valor_original, valor_final, status, pagamento_id, unidade_id, morador_id, condominio_id) VALUES (513681, '2026-03-01', '2026-03-04', 715, 715, 715, 'pago', 513639, 513637, 513637, 513616);
INSERT INTO mensalidades (id, competencia, vencimento, valor, valor_original, valor_final, status, pagamento_id, unidade_id, morador_id, condominio_id) VALUES (513682, '2026-05-01', '2026-05-03', 1302, 1302, 1302, 'pago', 513640, 513638, 513638, 513616);
INSERT INTO mensalidades (id, competencia, vencimento, valor, valor_original, valor_final, status, pagamento_id, unidade_id, morador_id, condominio_id) VALUES (513683, '2026-04-01', '2026-04-03', 1226, 1226, 1226, 'pago', 513641, 513638, 513638, 513616);
INSERT INTO mensalidades (id, competencia, vencimento, valor, valor_original, valor_final, status, pagamento_id, unidade_id, morador_id, condominio_id) VALUES (513684, '2026-03-01', '2026-03-04', 1178, 1178, 1178, 'atrasado', NULL, 513638, 513638, 513616);
INSERT INTO mensalidades (id, competencia, vencimento, valor, valor_original, valor_final, status, pagamento_id, unidade_id, morador_id, condominio_id) VALUES (513685, '2026-05-01', '2026-05-03', 1306, 1306, 1306, 'pago', 513642, 513639, 513639, 513616);
INSERT INTO mensalidades (id, competencia, vencimento, valor, valor_original, valor_final, status, pagamento_id, unidade_id, morador_id, condominio_id) VALUES (513686, '2026-04-01', '2026-04-03', 310, 310, 310, 'atrasado', NULL, 513639, 513639, 513616);
INSERT INTO mensalidades (id, competencia, vencimento, valor, valor_original, valor_final, status, pagamento_id, unidade_id, morador_id, condominio_id) VALUES (513687, '2026-03-01', '2026-03-04', 1029, 1029, 1029, 'pago', 513643, 513639, 513639, 513616);
INSERT INTO mensalidades (id, competencia, vencimento, valor, valor_original, valor_final, status, pagamento_id, unidade_id, morador_id, condominio_id) VALUES (513688, '2026-05-01', '2026-05-03', 1175, 1175, 1175, 'pago', 513644, 513640, 513640, 513616);
INSERT INTO mensalidades (id, competencia, vencimento, valor, valor_original, valor_final, status, pagamento_id, unidade_id, morador_id, condominio_id) VALUES (513689, '2026-04-01', '2026-04-03', 1168, 1168, 1168, 'atrasado', NULL, 513640, 513640, 513616);
INSERT INTO mensalidades (id, competencia, vencimento, valor, valor_original, valor_final, status, pagamento_id, unidade_id, morador_id, condominio_id) VALUES (513690, '2026-03-01', '2026-03-04', 1048, 1048, 1048, 'pendente', NULL, 513640, 513640, 513616);
INSERT INTO mensalidades (id, competencia, vencimento, valor, valor_original, valor_final, status, pagamento_id, unidade_id, morador_id, condominio_id) VALUES (513691, '2026-05-01', '2026-05-03', 791, 791, 791, 'pago', 513645, 513641, 513641, 513616);
INSERT INTO mensalidades (id, competencia, vencimento, valor, valor_original, valor_final, status, pagamento_id, unidade_id, morador_id, condominio_id) VALUES (513692, '2026-04-01', '2026-04-03', 688, 688, 688, 'pago', 513646, 513641, 513641, 513616);
INSERT INTO mensalidades (id, competencia, vencimento, valor, valor_original, valor_final, status, pagamento_id, unidade_id, morador_id, condominio_id) VALUES (513693, '2026-03-01', '2026-03-04', 1191, 1191, 1191, 'pago', 513647, 513641, 513641, 513616);
INSERT INTO mensalidades (id, competencia, vencimento, valor, valor_original, valor_final, status, pagamento_id, unidade_id, morador_id, condominio_id) VALUES (513694, '2026-05-01', '2026-05-03', 591, 591, 591, 'pago', 513648, 513642, 513642, 513616);
INSERT INTO mensalidades (id, competencia, vencimento, valor, valor_original, valor_final, status, pagamento_id, unidade_id, morador_id, condominio_id) VALUES (513695, '2026-04-01', '2026-04-03', 902, 902, 902, 'pago', 513649, 513642, 513642, 513616);
INSERT INTO mensalidades (id, competencia, vencimento, valor, valor_original, valor_final, status, pagamento_id, unidade_id, morador_id, condominio_id) VALUES (513696, '2026-03-01', '2026-03-04', 1307, 1307, 1307, 'pendente', NULL, 513642, 513642, 513616);
INSERT INTO mensalidades (id, competencia, vencimento, valor, valor_original, valor_final, status, pagamento_id, unidade_id, morador_id, condominio_id) VALUES (513697, '2026-05-01', '2026-05-03', 494, 494, 494, 'pago', 513650, 513643, 513643, 513616);
INSERT INTO mensalidades (id, competencia, vencimento, valor, valor_original, valor_final, status, pagamento_id, unidade_id, morador_id, condominio_id) VALUES (513698, '2026-04-01', '2026-04-03', 799, 799, 799, 'pendente', NULL, 513643, 513643, 513616);
INSERT INTO mensalidades (id, competencia, vencimento, valor, valor_original, valor_final, status, pagamento_id, unidade_id, morador_id, condominio_id) VALUES (513699, '2026-03-01', '2026-03-04', 1106, 1106, 1106, 'pago', 513651, 513643, 513643, 513616);
INSERT INTO mensalidades (id, competencia, vencimento, valor, valor_original, valor_final, status, pagamento_id, unidade_id, morador_id, condominio_id) VALUES (513700, '2026-05-01', '2026-05-03', 760, 760, 760, 'atrasado', NULL, 513644, 513644, 513616);
INSERT INTO mensalidades (id, competencia, vencimento, valor, valor_original, valor_final, status, pagamento_id, unidade_id, morador_id, condominio_id) VALUES (513701, '2026-04-01', '2026-04-03', 307, 307, 307, 'atrasado', NULL, 513644, 513644, 513616);
INSERT INTO mensalidades (id, competencia, vencimento, valor, valor_original, valor_final, status, pagamento_id, unidade_id, morador_id, condominio_id) VALUES (513702, '2026-03-01', '2026-03-04', 1105, 1105, 1105, 'pago', 513652, 513644, 513644, 513616);
INSERT INTO mensalidades (id, competencia, vencimento, valor, valor_original, valor_final, status, pagamento_id, unidade_id, morador_id, condominio_id) VALUES (513703, '2026-05-01', '2026-05-03', 434, 434, 434, 'atrasado', NULL, 513645, 513645, 513616);
INSERT INTO mensalidades (id, competencia, vencimento, valor, valor_original, valor_final, status, pagamento_id, unidade_id, morador_id, condominio_id) VALUES (513704, '2026-04-01', '2026-04-03', 937, 937, 937, 'pago', 513653, 513645, 513645, 513616);
INSERT INTO mensalidades (id, competencia, vencimento, valor, valor_original, valor_final, status, pagamento_id, unidade_id, morador_id, condominio_id) VALUES (513705, '2026-03-01', '2026-03-04', 718, 718, 718, 'atrasado', NULL, 513645, 513645, 513616);
INSERT INTO mensalidades (id, competencia, vencimento, valor, valor_original, valor_final, status, pagamento_id, unidade_id, morador_id, condominio_id) VALUES (513706, '2026-05-01', '2026-05-03', 699, 699, 699, 'pago', 513654, 513646, 513646, 513617);
INSERT INTO mensalidades (id, competencia, vencimento, valor, valor_original, valor_final, status, pagamento_id, unidade_id, morador_id, condominio_id) VALUES (513707, '2026-04-01', '2026-04-03', 478, 478, 478, 'pago', 513655, 513646, 513646, 513617);
INSERT INTO mensalidades (id, competencia, vencimento, valor, valor_original, valor_final, status, pagamento_id, unidade_id, morador_id, condominio_id) VALUES (513708, '2026-03-01', '2026-03-04', 387, 387, 387, 'pendente', NULL, 513646, 513646, 513617);
INSERT INTO mensalidades (id, competencia, vencimento, valor, valor_original, valor_final, status, pagamento_id, unidade_id, morador_id, condominio_id) VALUES (513709, '2026-05-01', '2026-05-03', 1262, 1262, 1262, 'pendente', NULL, 513647, 513647, 513617);
INSERT INTO mensalidades (id, competencia, vencimento, valor, valor_original, valor_final, status, pagamento_id, unidade_id, morador_id, condominio_id) VALUES (513710, '2026-04-01', '2026-04-03', 1433, 1433, 1433, 'pendente', NULL, 513647, 513647, 513617);
INSERT INTO mensalidades (id, competencia, vencimento, valor, valor_original, valor_final, status, pagamento_id, unidade_id, morador_id, condominio_id) VALUES (513711, '2026-03-01', '2026-03-04', 1068, 1068, 1068, 'atrasado', NULL, 513647, 513647, 513617);
INSERT INTO mensalidades (id, competencia, vencimento, valor, valor_original, valor_final, status, pagamento_id, unidade_id, morador_id, condominio_id) VALUES (513712, '2026-05-01', '2026-05-03', 404, 404, 404, 'pendente', NULL, 513648, 513648, 513617);
INSERT INTO mensalidades (id, competencia, vencimento, valor, valor_original, valor_final, status, pagamento_id, unidade_id, morador_id, condominio_id) VALUES (513713, '2026-04-01', '2026-04-03', 1260, 1260, 1260, 'pendente', NULL, 513648, 513648, 513617);
INSERT INTO mensalidades (id, competencia, vencimento, valor, valor_original, valor_final, status, pagamento_id, unidade_id, morador_id, condominio_id) VALUES (513714, '2026-03-01', '2026-03-04', 410, 410, 410, 'pendente', NULL, 513648, 513648, 513617);
INSERT INTO mensalidades (id, competencia, vencimento, valor, valor_original, valor_final, status, pagamento_id, unidade_id, morador_id, condominio_id) VALUES (513715, '2026-05-01', '2026-05-03', 465, 465, 465, 'pago', 513656, 513649, 513649, 513617);
INSERT INTO mensalidades (id, competencia, vencimento, valor, valor_original, valor_final, status, pagamento_id, unidade_id, morador_id, condominio_id) VALUES (513716, '2026-04-01', '2026-04-03', 746, 746, 746, 'atrasado', NULL, 513649, 513649, 513617);
INSERT INTO mensalidades (id, competencia, vencimento, valor, valor_original, valor_final, status, pagamento_id, unidade_id, morador_id, condominio_id) VALUES (513717, '2026-03-01', '2026-03-04', 1168, 1168, 1168, 'atrasado', NULL, 513649, 513649, 513617);
INSERT INTO mensalidades (id, competencia, vencimento, valor, valor_original, valor_final, status, pagamento_id, unidade_id, morador_id, condominio_id) VALUES (513718, '2026-05-01', '2026-05-03', 946, 946, 946, 'atrasado', NULL, 513650, 513650, 513617);
INSERT INTO mensalidades (id, competencia, vencimento, valor, valor_original, valor_final, status, pagamento_id, unidade_id, morador_id, condominio_id) VALUES (513719, '2026-04-01', '2026-04-03', 1390, 1390, 1390, 'pendente', NULL, 513650, 513650, 513617);
INSERT INTO mensalidades (id, competencia, vencimento, valor, valor_original, valor_final, status, pagamento_id, unidade_id, morador_id, condominio_id) VALUES (513720, '2026-03-01', '2026-03-04', 669, 669, 669, 'pendente', NULL, 513650, 513650, 513617);
INSERT INTO mensalidades (id, competencia, vencimento, valor, valor_original, valor_final, status, pagamento_id, unidade_id, morador_id, condominio_id) VALUES (513721, '2026-05-01', '2026-05-03', 843, 843, 843, 'pago', 513657, 513651, 513651, 513617);
INSERT INTO mensalidades (id, competencia, vencimento, valor, valor_original, valor_final, status, pagamento_id, unidade_id, morador_id, condominio_id) VALUES (513722, '2026-04-01', '2026-04-03', 1125, 1125, 1125, 'atrasado', NULL, 513651, 513651, 513617);
INSERT INTO mensalidades (id, competencia, vencimento, valor, valor_original, valor_final, status, pagamento_id, unidade_id, morador_id, condominio_id) VALUES (513723, '2026-03-01', '2026-03-04', 465, 465, 465, 'pendente', NULL, 513651, 513651, 513617);
INSERT INTO mensalidades (id, competencia, vencimento, valor, valor_original, valor_final, status, pagamento_id, unidade_id, morador_id, condominio_id) VALUES (513724, '2026-05-01', '2026-05-03', 1182, 1182, 1182, 'atrasado', NULL, 513652, 513652, 513617);
INSERT INTO mensalidades (id, competencia, vencimento, valor, valor_original, valor_final, status, pagamento_id, unidade_id, morador_id, condominio_id) VALUES (513725, '2026-04-01', '2026-04-03', 907, 907, 907, 'atrasado', NULL, 513652, 513652, 513617);
INSERT INTO mensalidades (id, competencia, vencimento, valor, valor_original, valor_final, status, pagamento_id, unidade_id, morador_id, condominio_id) VALUES (513726, '2026-03-01', '2026-03-04', 1350, 1350, 1350, 'atrasado', NULL, 513652, 513652, 513617);
INSERT INTO mensalidades (id, competencia, vencimento, valor, valor_original, valor_final, status, pagamento_id, unidade_id, morador_id, condominio_id) VALUES (513727, '2026-05-01', '2026-05-03', 906, 906, 906, 'pendente', NULL, 513653, 513653, 513617);
INSERT INTO mensalidades (id, competencia, vencimento, valor, valor_original, valor_final, status, pagamento_id, unidade_id, morador_id, condominio_id) VALUES (513728, '2026-04-01', '2026-04-03', 558, 558, 558, 'atrasado', NULL, 513653, 513653, 513617);
INSERT INTO mensalidades (id, competencia, vencimento, valor, valor_original, valor_final, status, pagamento_id, unidade_id, morador_id, condominio_id) VALUES (513729, '2026-03-01', '2026-03-04', 613, 613, 613, 'pendente', NULL, 513653, 513653, 513617);
INSERT INTO mensalidades (id, competencia, vencimento, valor, valor_original, valor_final, status, pagamento_id, unidade_id, morador_id, condominio_id) VALUES (513730, '2026-05-01', '2026-05-03', 1487, 1487, 1487, 'atrasado', NULL, 513654, 513654, 513617);
INSERT INTO mensalidades (id, competencia, vencimento, valor, valor_original, valor_final, status, pagamento_id, unidade_id, morador_id, condominio_id) VALUES (513731, '2026-04-01', '2026-04-03', 804, 804, 804, 'atrasado', NULL, 513654, 513654, 513617);
INSERT INTO mensalidades (id, competencia, vencimento, valor, valor_original, valor_final, status, pagamento_id, unidade_id, morador_id, condominio_id) VALUES (513732, '2026-03-01', '2026-03-04', 1377, 1377, 1377, 'atrasado', NULL, 513654, 513654, 513617);
INSERT INTO mensalidades (id, competencia, vencimento, valor, valor_original, valor_final, status, pagamento_id, unidade_id, morador_id, condominio_id) VALUES (513733, '2026-05-01', '2026-05-03', 1105, 1105, 1105, 'pago', 513658, 513655, 513655, 513617);
INSERT INTO mensalidades (id, competencia, vencimento, valor, valor_original, valor_final, status, pagamento_id, unidade_id, morador_id, condominio_id) VALUES (513734, '2026-04-01', '2026-04-03', 1321, 1321, 1321, 'atrasado', NULL, 513655, 513655, 513617);
INSERT INTO mensalidades (id, competencia, vencimento, valor, valor_original, valor_final, status, pagamento_id, unidade_id, morador_id, condominio_id) VALUES (513735, '2026-03-01', '2026-03-04', 484, 484, 484, 'pendente', NULL, 513655, 513655, 513617);
INSERT INTO mensalidades (id, competencia, vencimento, valor, valor_original, valor_final, status, pagamento_id, unidade_id, morador_id, condominio_id) VALUES (513736, '2026-05-01', '2026-05-03', 619, 619, 619, 'atrasado', NULL, 513656, 513656, 513617);
INSERT INTO mensalidades (id, competencia, vencimento, valor, valor_original, valor_final, status, pagamento_id, unidade_id, morador_id, condominio_id) VALUES (513737, '2026-04-01', '2026-04-03', 754, 754, 754, 'pendente', NULL, 513656, 513656, 513617);
INSERT INTO mensalidades (id, competencia, vencimento, valor, valor_original, valor_final, status, pagamento_id, unidade_id, morador_id, condominio_id) VALUES (513738, '2026-03-01', '2026-03-04', 431, 431, 431, 'pago', 513659, 513656, 513656, 513617);
INSERT INTO mensalidades (id, competencia, vencimento, valor, valor_original, valor_final, status, pagamento_id, unidade_id, morador_id, condominio_id) VALUES (513739, '2026-05-01', '2026-05-03', 418, 418, 418, 'atrasado', NULL, 513657, 513657, 513617);
INSERT INTO mensalidades (id, competencia, vencimento, valor, valor_original, valor_final, status, pagamento_id, unidade_id, morador_id, condominio_id) VALUES (513740, '2026-04-01', '2026-04-03', 912, 912, 912, 'pago', 513660, 513657, 513657, 513617);
INSERT INTO mensalidades (id, competencia, vencimento, valor, valor_original, valor_final, status, pagamento_id, unidade_id, morador_id, condominio_id) VALUES (513741, '2026-03-01', '2026-03-04', 1239, 1239, 1239, 'pendente', NULL, 513657, 513657, 513617);
INSERT INTO mensalidades (id, competencia, vencimento, valor, valor_original, valor_final, status, pagamento_id, unidade_id, morador_id, condominio_id) VALUES (513742, '2026-05-01', '2026-05-03', 1328, 1328, 1328, 'pendente', NULL, 513658, 513658, 513617);
INSERT INTO mensalidades (id, competencia, vencimento, valor, valor_original, valor_final, status, pagamento_id, unidade_id, morador_id, condominio_id) VALUES (513743, '2026-04-01', '2026-04-03', 732, 732, 732, 'atrasado', NULL, 513658, 513658, 513617);
INSERT INTO mensalidades (id, competencia, vencimento, valor, valor_original, valor_final, status, pagamento_id, unidade_id, morador_id, condominio_id) VALUES (513744, '2026-03-01', '2026-03-04', 444, 444, 444, 'atrasado', NULL, 513658, 513658, 513617);
INSERT INTO mensalidades (id, competencia, vencimento, valor, valor_original, valor_final, status, pagamento_id, unidade_id, morador_id, condominio_id) VALUES (513745, '2026-05-01', '2026-05-03', 1219, 1219, 1219, 'atrasado', NULL, 513659, 513659, 513617);
INSERT INTO mensalidades (id, competencia, vencimento, valor, valor_original, valor_final, status, pagamento_id, unidade_id, morador_id, condominio_id) VALUES (513746, '2026-04-01', '2026-04-03', 1163, 1163, 1163, 'atrasado', NULL, 513659, 513659, 513617);
INSERT INTO mensalidades (id, competencia, vencimento, valor, valor_original, valor_final, status, pagamento_id, unidade_id, morador_id, condominio_id) VALUES (513747, '2026-03-01', '2026-03-04', 1432, 1432, 1432, 'pago', 513661, 513659, 513659, 513617);
INSERT INTO mensalidades (id, competencia, vencimento, valor, valor_original, valor_final, status, pagamento_id, unidade_id, morador_id, condominio_id) VALUES (513748, '2026-05-01', '2026-05-03', 886, 886, 886, 'pendente', NULL, 513660, 513660, 513617);
INSERT INTO mensalidades (id, competencia, vencimento, valor, valor_original, valor_final, status, pagamento_id, unidade_id, morador_id, condominio_id) VALUES (513749, '2026-04-01', '2026-04-03', 1395, 1395, 1395, 'pago', 513662, 513660, 513660, 513617);
INSERT INTO mensalidades (id, competencia, vencimento, valor, valor_original, valor_final, status, pagamento_id, unidade_id, morador_id, condominio_id) VALUES (513750, '2026-03-01', '2026-03-04', 1088, 1088, 1088, 'pago', 513663, 513660, 513660, 513617);
INSERT INTO mensalidades (id, competencia, vencimento, valor, valor_original, valor_final, status, pagamento_id, unidade_id, morador_id, condominio_id) VALUES (513751, '2026-05-01', '2026-05-03', 1427, 1427, 1427, 'pago', 513664, 513661, 513661, 513617);
INSERT INTO mensalidades (id, competencia, vencimento, valor, valor_original, valor_final, status, pagamento_id, unidade_id, morador_id, condominio_id) VALUES (513752, '2026-04-01', '2026-04-03', 1059, 1059, 1059, 'pago', 513665, 513661, 513661, 513617);
INSERT INTO mensalidades (id, competencia, vencimento, valor, valor_original, valor_final, status, pagamento_id, unidade_id, morador_id, condominio_id) VALUES (513753, '2026-03-01', '2026-03-04', 1123, 1123, 1123, 'atrasado', NULL, 513661, 513661, 513617);
INSERT INTO mensalidades (id, competencia, vencimento, valor, valor_original, valor_final, status, pagamento_id, unidade_id, morador_id, condominio_id) VALUES (513754, '2026-05-01', '2026-05-03', 1435, 1435, 1435, 'pago', 513666, 513662, 513662, 513617);
INSERT INTO mensalidades (id, competencia, vencimento, valor, valor_original, valor_final, status, pagamento_id, unidade_id, morador_id, condominio_id) VALUES (513755, '2026-04-01', '2026-04-03', 439, 439, 439, 'pendente', NULL, 513662, 513662, 513617);
INSERT INTO mensalidades (id, competencia, vencimento, valor, valor_original, valor_final, status, pagamento_id, unidade_id, morador_id, condominio_id) VALUES (513756, '2026-03-01', '2026-03-04', 580, 580, 580, 'atrasado', NULL, 513662, 513662, 513617);
INSERT INTO mensalidades (id, competencia, vencimento, valor, valor_original, valor_final, status, pagamento_id, unidade_id, morador_id, condominio_id) VALUES (513757, '2026-05-01', '2026-05-03', 1198, 1198, 1198, 'pago', 513667, 513663, 513663, 513617);
INSERT INTO mensalidades (id, competencia, vencimento, valor, valor_original, valor_final, status, pagamento_id, unidade_id, morador_id, condominio_id) VALUES (513758, '2026-04-01', '2026-04-03', 804, 804, 804, 'pendente', NULL, 513663, 513663, 513617);
INSERT INTO mensalidades (id, competencia, vencimento, valor, valor_original, valor_final, status, pagamento_id, unidade_id, morador_id, condominio_id) VALUES (513759, '2026-03-01', '2026-03-04', 1309, 1309, 1309, 'pago', 513668, 513663, 513663, 513617);
INSERT INTO mensalidades (id, competencia, vencimento, valor, valor_original, valor_final, status, pagamento_id, unidade_id, morador_id, condominio_id) VALUES (513760, '2026-05-01', '2026-05-03', 489, 489, 489, 'pago', 513669, 513664, 513664, 513617);
INSERT INTO mensalidades (id, competencia, vencimento, valor, valor_original, valor_final, status, pagamento_id, unidade_id, morador_id, condominio_id) VALUES (513761, '2026-04-01', '2026-04-03', 772, 772, 772, 'atrasado', NULL, 513664, 513664, 513617);
INSERT INTO mensalidades (id, competencia, vencimento, valor, valor_original, valor_final, status, pagamento_id, unidade_id, morador_id, condominio_id) VALUES (513762, '2026-03-01', '2026-03-04', 810, 810, 810, 'pendente', NULL, 513664, 513664, 513617);
INSERT INTO mensalidades (id, competencia, vencimento, valor, valor_original, valor_final, status, pagamento_id, unidade_id, morador_id, condominio_id) VALUES (513763, '2026-05-01', '2026-05-03', 959, 959, 959, 'pendente', NULL, 513665, 513665, 513617);
INSERT INTO mensalidades (id, competencia, vencimento, valor, valor_original, valor_final, status, pagamento_id, unidade_id, morador_id, condominio_id) VALUES (513764, '2026-04-01', '2026-04-03', 1105, 1105, 1105, 'atrasado', NULL, 513665, 513665, 513617);
INSERT INTO mensalidades (id, competencia, vencimento, valor, valor_original, valor_final, status, pagamento_id, unidade_id, morador_id, condominio_id) VALUES (513765, '2026-03-01', '2026-03-04', 1300, 1300, 1300, 'atrasado', NULL, 513665, 513665, 513617);
INSERT INTO mensalidades (id, competencia, vencimento, valor, valor_original, valor_final, status, pagamento_id, unidade_id, morador_id, condominio_id) VALUES (513766, '2026-05-01', '2026-05-03', 1279, 1279, 1279, 'pago', 513670, 513666, 513666, 513617);
INSERT INTO mensalidades (id, competencia, vencimento, valor, valor_original, valor_final, status, pagamento_id, unidade_id, morador_id, condominio_id) VALUES (513767, '2026-04-01', '2026-04-03', 430, 430, 430, 'pago', 513671, 513666, 513666, 513617);
INSERT INTO mensalidades (id, competencia, vencimento, valor, valor_original, valor_final, status, pagamento_id, unidade_id, morador_id, condominio_id) VALUES (513768, '2026-03-01', '2026-03-04', 1381, 1381, 1381, 'pendente', NULL, 513666, 513666, 513617);
INSERT INTO mensalidades (id, competencia, vencimento, valor, valor_original, valor_final, status, pagamento_id, unidade_id, morador_id, condominio_id) VALUES (513769, '2026-05-01', '2026-05-03', 850, 850, 850, 'pago', 513672, 513667, 513667, 513617);
INSERT INTO mensalidades (id, competencia, vencimento, valor, valor_original, valor_final, status, pagamento_id, unidade_id, morador_id, condominio_id) VALUES (513770, '2026-04-01', '2026-04-03', 1096, 1096, 1096, 'atrasado', NULL, 513667, 513667, 513617);
INSERT INTO mensalidades (id, competencia, vencimento, valor, valor_original, valor_final, status, pagamento_id, unidade_id, morador_id, condominio_id) VALUES (513771, '2026-03-01', '2026-03-04', 1457, 1457, 1457, 'atrasado', NULL, 513667, 513667, 513617);
INSERT INTO mensalidades (id, competencia, vencimento, valor, valor_original, valor_final, status, pagamento_id, unidade_id, morador_id, condominio_id) VALUES (513772, '2026-05-01', '2026-05-03', 363, 363, 363, 'atrasado', NULL, 513668, 513668, 513617);
INSERT INTO mensalidades (id, competencia, vencimento, valor, valor_original, valor_final, status, pagamento_id, unidade_id, morador_id, condominio_id) VALUES (513773, '2026-04-01', '2026-04-03', 1106, 1106, 1106, 'pendente', NULL, 513668, 513668, 513617);
INSERT INTO mensalidades (id, competencia, vencimento, valor, valor_original, valor_final, status, pagamento_id, unidade_id, morador_id, condominio_id) VALUES (513774, '2026-03-01', '2026-03-04', 1280, 1280, 1280, 'atrasado', NULL, 513668, 513668, 513617);
INSERT INTO mensalidades (id, competencia, vencimento, valor, valor_original, valor_final, status, pagamento_id, unidade_id, morador_id, condominio_id) VALUES (513775, '2026-05-01', '2026-05-03', 1378, 1378, 1378, 'pendente', NULL, 513669, 513669, 513617);
INSERT INTO mensalidades (id, competencia, vencimento, valor, valor_original, valor_final, status, pagamento_id, unidade_id, morador_id, condominio_id) VALUES (513776, '2026-04-01', '2026-04-03', 1374, 1374, 1374, 'pendente', NULL, 513669, 513669, 513617);
INSERT INTO mensalidades (id, competencia, vencimento, valor, valor_original, valor_final, status, pagamento_id, unidade_id, morador_id, condominio_id) VALUES (513777, '2026-03-01', '2026-03-04', 536, 536, 536, 'pago', 513673, 513669, 513669, 513617);
INSERT INTO mensalidades (id, competencia, vencimento, valor, valor_original, valor_final, status, pagamento_id, unidade_id, morador_id, condominio_id) VALUES (513778, '2026-05-01', '2026-05-03', 849, 849, 849, 'atrasado', NULL, 513670, 513670, 513617);
INSERT INTO mensalidades (id, competencia, vencimento, valor, valor_original, valor_final, status, pagamento_id, unidade_id, morador_id, condominio_id) VALUES (513779, '2026-04-01', '2026-04-03', 1110, 1110, 1110, 'atrasado', NULL, 513670, 513670, 513617);
INSERT INTO mensalidades (id, competencia, vencimento, valor, valor_original, valor_final, status, pagamento_id, unidade_id, morador_id, condominio_id) VALUES (513780, '2026-03-01', '2026-03-04', 338, 338, 338, 'pendente', NULL, 513670, 513670, 513617);
INSERT INTO mensalidades (id, competencia, vencimento, valor, valor_original, valor_final, status, pagamento_id, unidade_id, morador_id, condominio_id) VALUES (513781, '2026-05-01', '2026-05-03', 1399, 1399, 1399, 'atrasado', NULL, 513671, 513671, 513617);
INSERT INTO mensalidades (id, competencia, vencimento, valor, valor_original, valor_final, status, pagamento_id, unidade_id, morador_id, condominio_id) VALUES (513782, '2026-04-01', '2026-04-03', 450, 450, 450, 'atrasado', NULL, 513671, 513671, 513617);
INSERT INTO mensalidades (id, competencia, vencimento, valor, valor_original, valor_final, status, pagamento_id, unidade_id, morador_id, condominio_id) VALUES (513783, '2026-03-01', '2026-03-04', 1343, 1343, 1343, 'pendente', NULL, 513671, 513671, 513617);
INSERT INTO mensalidades (id, competencia, vencimento, valor, valor_original, valor_final, status, pagamento_id, unidade_id, morador_id, condominio_id) VALUES (513784, '2026-05-01', '2026-05-03', 1354, 1354, 1354, 'atrasado', NULL, 513672, 513672, 513617);
INSERT INTO mensalidades (id, competencia, vencimento, valor, valor_original, valor_final, status, pagamento_id, unidade_id, morador_id, condominio_id) VALUES (513785, '2026-04-01', '2026-04-03', 982, 982, 982, 'pago', 513674, 513672, 513672, 513617);
INSERT INTO mensalidades (id, competencia, vencimento, valor, valor_original, valor_final, status, pagamento_id, unidade_id, morador_id, condominio_id) VALUES (513786, '2026-03-01', '2026-03-04', 406, 406, 406, 'pendente', NULL, 513672, 513672, 513617);
INSERT INTO mensalidades (id, competencia, vencimento, valor, valor_original, valor_final, status, pagamento_id, unidade_id, morador_id, condominio_id) VALUES (513787, '2026-05-01', '2026-05-03', 1137, 1137, 1137, 'pendente', NULL, 513673, 513673, 513617);
INSERT INTO mensalidades (id, competencia, vencimento, valor, valor_original, valor_final, status, pagamento_id, unidade_id, morador_id, condominio_id) VALUES (513788, '2026-04-01', '2026-04-03', 951, 951, 951, 'pago', 513675, 513673, 513673, 513617);
INSERT INTO mensalidades (id, competencia, vencimento, valor, valor_original, valor_final, status, pagamento_id, unidade_id, morador_id, condominio_id) VALUES (513789, '2026-03-01', '2026-03-04', 1359, 1359, 1359, 'pago', 513676, 513673, 513673, 513617);
INSERT INTO mensalidades (id, competencia, vencimento, valor, valor_original, valor_final, status, pagamento_id, unidade_id, morador_id, condominio_id) VALUES (513790, '2026-05-01', '2026-05-03', 577, 577, 577, 'pendente', NULL, 513674, 513674, 513617);
INSERT INTO mensalidades (id, competencia, vencimento, valor, valor_original, valor_final, status, pagamento_id, unidade_id, morador_id, condominio_id) VALUES (513791, '2026-04-01', '2026-04-03', 510, 510, 510, 'pendente', NULL, 513674, 513674, 513617);
INSERT INTO mensalidades (id, competencia, vencimento, valor, valor_original, valor_final, status, pagamento_id, unidade_id, morador_id, condominio_id) VALUES (513792, '2026-03-01', '2026-03-04', 514, 514, 514, 'atrasado', NULL, 513674, 513674, 513617);
INSERT INTO mensalidades (id, competencia, vencimento, valor, valor_original, valor_final, status, pagamento_id, unidade_id, morador_id, condominio_id) VALUES (513793, '2026-05-01', '2026-05-03', 794, 794, 794, 'pago', 513677, 513675, 513675, 513617);
INSERT INTO mensalidades (id, competencia, vencimento, valor, valor_original, valor_final, status, pagamento_id, unidade_id, morador_id, condominio_id) VALUES (513794, '2026-04-01', '2026-04-03', 1166, 1166, 1166, 'pago', 513678, 513675, 513675, 513617);
INSERT INTO mensalidades (id, competencia, vencimento, valor, valor_original, valor_final, status, pagamento_id, unidade_id, morador_id, condominio_id) VALUES (513795, '2026-03-01', '2026-03-04', 1168, 1168, 1168, 'pendente', NULL, 513675, 513675, 513617);
INSERT INTO mensalidades (id, competencia, vencimento, valor, valor_original, valor_final, status, pagamento_id, unidade_id, morador_id, condominio_id) VALUES (513796, '2026-05-01', '2026-05-03', 1370, 1370, 1370, 'pendente', NULL, 513676, 513676, 513618);
INSERT INTO mensalidades (id, competencia, vencimento, valor, valor_original, valor_final, status, pagamento_id, unidade_id, morador_id, condominio_id) VALUES (513797, '2026-04-01', '2026-04-03', 1437, 1437, 1437, 'atrasado', NULL, 513676, 513676, 513618);
INSERT INTO mensalidades (id, competencia, vencimento, valor, valor_original, valor_final, status, pagamento_id, unidade_id, morador_id, condominio_id) VALUES (513798, '2026-03-01', '2026-03-04', 346, 346, 346, 'atrasado', NULL, 513676, 513676, 513618);
INSERT INTO mensalidades (id, competencia, vencimento, valor, valor_original, valor_final, status, pagamento_id, unidade_id, morador_id, condominio_id) VALUES (513799, '2026-05-01', '2026-05-03', 1406, 1406, 1406, 'atrasado', NULL, 513677, 513677, 513618);
INSERT INTO mensalidades (id, competencia, vencimento, valor, valor_original, valor_final, status, pagamento_id, unidade_id, morador_id, condominio_id) VALUES (513800, '2026-04-01', '2026-04-03', 1397, 1397, 1397, 'pago', 513679, 513677, 513677, 513618);
INSERT INTO mensalidades (id, competencia, vencimento, valor, valor_original, valor_final, status, pagamento_id, unidade_id, morador_id, condominio_id) VALUES (513801, '2026-03-01', '2026-03-04', 1255, 1255, 1255, 'pendente', NULL, 513677, 513677, 513618);
INSERT INTO mensalidades (id, competencia, vencimento, valor, valor_original, valor_final, status, pagamento_id, unidade_id, morador_id, condominio_id) VALUES (513802, '2026-05-01', '2026-05-03', 726, 726, 726, 'pendente', NULL, 513678, 513678, 513618);
INSERT INTO mensalidades (id, competencia, vencimento, valor, valor_original, valor_final, status, pagamento_id, unidade_id, morador_id, condominio_id) VALUES (513803, '2026-04-01', '2026-04-03', 451, 451, 451, 'pendente', NULL, 513678, 513678, 513618);
INSERT INTO mensalidades (id, competencia, vencimento, valor, valor_original, valor_final, status, pagamento_id, unidade_id, morador_id, condominio_id) VALUES (513804, '2026-03-01', '2026-03-04', 858, 858, 858, 'pago', 513680, 513678, 513678, 513618);
INSERT INTO mensalidades (id, competencia, vencimento, valor, valor_original, valor_final, status, pagamento_id, unidade_id, morador_id, condominio_id) VALUES (513805, '2026-05-01', '2026-05-03', 393, 393, 393, 'atrasado', NULL, 513679, 513679, 513618);
INSERT INTO mensalidades (id, competencia, vencimento, valor, valor_original, valor_final, status, pagamento_id, unidade_id, morador_id, condominio_id) VALUES (513806, '2026-04-01', '2026-04-03', 1496, 1496, 1496, 'atrasado', NULL, 513679, 513679, 513618);
INSERT INTO mensalidades (id, competencia, vencimento, valor, valor_original, valor_final, status, pagamento_id, unidade_id, morador_id, condominio_id) VALUES (513807, '2026-03-01', '2026-03-04', 792, 792, 792, 'atrasado', NULL, 513679, 513679, 513618);
INSERT INTO mensalidades (id, competencia, vencimento, valor, valor_original, valor_final, status, pagamento_id, unidade_id, morador_id, condominio_id) VALUES (513808, '2026-05-01', '2026-05-03', 1223, 1223, 1223, 'atrasado', NULL, 513680, 513680, 513618);
INSERT INTO mensalidades (id, competencia, vencimento, valor, valor_original, valor_final, status, pagamento_id, unidade_id, morador_id, condominio_id) VALUES (513809, '2026-04-01', '2026-04-03', 524, 524, 524, 'atrasado', NULL, 513680, 513680, 513618);
INSERT INTO mensalidades (id, competencia, vencimento, valor, valor_original, valor_final, status, pagamento_id, unidade_id, morador_id, condominio_id) VALUES (513810, '2026-03-01', '2026-03-04', 401, 401, 401, 'pago', 513681, 513680, 513680, 513618);
INSERT INTO mensalidades (id, competencia, vencimento, valor, valor_original, valor_final, status, pagamento_id, unidade_id, morador_id, condominio_id) VALUES (513811, '2026-05-01', '2026-05-03', 399, 399, 399, 'pendente', NULL, 513681, 513681, 513618);
INSERT INTO mensalidades (id, competencia, vencimento, valor, valor_original, valor_final, status, pagamento_id, unidade_id, morador_id, condominio_id) VALUES (513812, '2026-04-01', '2026-04-03', 312, 312, 312, 'pago', 513682, 513681, 513681, 513618);
INSERT INTO mensalidades (id, competencia, vencimento, valor, valor_original, valor_final, status, pagamento_id, unidade_id, morador_id, condominio_id) VALUES (513813, '2026-03-01', '2026-03-04', 402, 402, 402, 'pendente', NULL, 513681, 513681, 513618);
INSERT INTO mensalidades (id, competencia, vencimento, valor, valor_original, valor_final, status, pagamento_id, unidade_id, morador_id, condominio_id) VALUES (513814, '2026-05-01', '2026-05-03', 1497, 1497, 1497, 'pago', 513683, 513682, 513682, 513618);
INSERT INTO mensalidades (id, competencia, vencimento, valor, valor_original, valor_final, status, pagamento_id, unidade_id, morador_id, condominio_id) VALUES (513815, '2026-04-01', '2026-04-03', 1057, 1057, 1057, 'pago', 513684, 513682, 513682, 513618);
INSERT INTO mensalidades (id, competencia, vencimento, valor, valor_original, valor_final, status, pagamento_id, unidade_id, morador_id, condominio_id) VALUES (513816, '2026-03-01', '2026-03-04', 964, 964, 964, 'atrasado', NULL, 513682, 513682, 513618);
INSERT INTO mensalidades (id, competencia, vencimento, valor, valor_original, valor_final, status, pagamento_id, unidade_id, morador_id, condominio_id) VALUES (513817, '2026-05-01', '2026-05-03', 874, 874, 874, 'pago', 513685, 513683, 513683, 513618);
INSERT INTO mensalidades (id, competencia, vencimento, valor, valor_original, valor_final, status, pagamento_id, unidade_id, morador_id, condominio_id) VALUES (513818, '2026-04-01', '2026-04-03', 913, 913, 913, 'atrasado', NULL, 513683, 513683, 513618);
INSERT INTO mensalidades (id, competencia, vencimento, valor, valor_original, valor_final, status, pagamento_id, unidade_id, morador_id, condominio_id) VALUES (513819, '2026-03-01', '2026-03-04', 1176, 1176, 1176, 'pendente', NULL, 513683, 513683, 513618);
INSERT INTO mensalidades (id, competencia, vencimento, valor, valor_original, valor_final, status, pagamento_id, unidade_id, morador_id, condominio_id) VALUES (513820, '2026-05-01', '2026-05-03', 968, 968, 968, 'atrasado', NULL, 513684, 513684, 513618);
INSERT INTO mensalidades (id, competencia, vencimento, valor, valor_original, valor_final, status, pagamento_id, unidade_id, morador_id, condominio_id) VALUES (513821, '2026-04-01', '2026-04-03', 827, 827, 827, 'pago', 513686, 513684, 513684, 513618);
INSERT INTO mensalidades (id, competencia, vencimento, valor, valor_original, valor_final, status, pagamento_id, unidade_id, morador_id, condominio_id) VALUES (513822, '2026-03-01', '2026-03-04', 1254, 1254, 1254, 'pago', 513687, 513684, 513684, 513618);
INSERT INTO mensalidades (id, competencia, vencimento, valor, valor_original, valor_final, status, pagamento_id, unidade_id, morador_id, condominio_id) VALUES (513823, '2026-05-01', '2026-05-03', 1335, 1335, 1335, 'pendente', NULL, 513685, 513685, 513618);
INSERT INTO mensalidades (id, competencia, vencimento, valor, valor_original, valor_final, status, pagamento_id, unidade_id, morador_id, condominio_id) VALUES (513824, '2026-04-01', '2026-04-03', 756, 756, 756, 'pago', 513688, 513685, 513685, 513618);
INSERT INTO mensalidades (id, competencia, vencimento, valor, valor_original, valor_final, status, pagamento_id, unidade_id, morador_id, condominio_id) VALUES (513825, '2026-03-01', '2026-03-04', 1090, 1090, 1090, 'pendente', NULL, 513685, 513685, 513618);
INSERT INTO mensalidades (id, competencia, vencimento, valor, valor_original, valor_final, status, pagamento_id, unidade_id, morador_id, condominio_id) VALUES (513826, '2026-05-01', '2026-05-03', 1045, 1045, 1045, 'pago', 513689, 513686, 513686, 513618);
INSERT INTO mensalidades (id, competencia, vencimento, valor, valor_original, valor_final, status, pagamento_id, unidade_id, morador_id, condominio_id) VALUES (513827, '2026-04-01', '2026-04-03', 362, 362, 362, 'atrasado', NULL, 513686, 513686, 513618);
INSERT INTO mensalidades (id, competencia, vencimento, valor, valor_original, valor_final, status, pagamento_id, unidade_id, morador_id, condominio_id) VALUES (513828, '2026-03-01', '2026-03-04', 1062, 1062, 1062, 'atrasado', NULL, 513686, 513686, 513618);
INSERT INTO mensalidades (id, competencia, vencimento, valor, valor_original, valor_final, status, pagamento_id, unidade_id, morador_id, condominio_id) VALUES (513829, '2026-05-01', '2026-05-03', 1041, 1041, 1041, 'pago', 513690, 513687, 513687, 513618);
INSERT INTO mensalidades (id, competencia, vencimento, valor, valor_original, valor_final, status, pagamento_id, unidade_id, morador_id, condominio_id) VALUES (513830, '2026-04-01', '2026-04-03', 845, 845, 845, 'atrasado', NULL, 513687, 513687, 513618);
INSERT INTO mensalidades (id, competencia, vencimento, valor, valor_original, valor_final, status, pagamento_id, unidade_id, morador_id, condominio_id) VALUES (513831, '2026-03-01', '2026-03-04', 1484, 1484, 1484, 'pago', 513691, 513687, 513687, 513618);
INSERT INTO mensalidades (id, competencia, vencimento, valor, valor_original, valor_final, status, pagamento_id, unidade_id, morador_id, condominio_id) VALUES (513832, '2026-05-01', '2026-05-03', 932, 932, 932, 'pendente', NULL, 513688, 513688, 513618);
INSERT INTO mensalidades (id, competencia, vencimento, valor, valor_original, valor_final, status, pagamento_id, unidade_id, morador_id, condominio_id) VALUES (513833, '2026-04-01', '2026-04-03', 1042, 1042, 1042, 'pago', 513692, 513688, 513688, 513618);
INSERT INTO mensalidades (id, competencia, vencimento, valor, valor_original, valor_final, status, pagamento_id, unidade_id, morador_id, condominio_id) VALUES (513834, '2026-03-01', '2026-03-04', 1097, 1097, 1097, 'pago', 513693, 513688, 513688, 513618);
INSERT INTO mensalidades (id, competencia, vencimento, valor, valor_original, valor_final, status, pagamento_id, unidade_id, morador_id, condominio_id) VALUES (513835, '2026-05-01', '2026-05-03', 308, 308, 308, 'atrasado', NULL, 513689, 513689, 513618);
INSERT INTO mensalidades (id, competencia, vencimento, valor, valor_original, valor_final, status, pagamento_id, unidade_id, morador_id, condominio_id) VALUES (513836, '2026-04-01', '2026-04-03', 1451, 1451, 1451, 'pendente', NULL, 513689, 513689, 513618);
INSERT INTO mensalidades (id, competencia, vencimento, valor, valor_original, valor_final, status, pagamento_id, unidade_id, morador_id, condominio_id) VALUES (513837, '2026-03-01', '2026-03-04', 871, 871, 871, 'atrasado', NULL, 513689, 513689, 513618);
INSERT INTO mensalidades (id, competencia, vencimento, valor, valor_original, valor_final, status, pagamento_id, unidade_id, morador_id, condominio_id) VALUES (513838, '2026-05-01', '2026-05-03', 764, 764, 764, 'atrasado', NULL, 513690, 513690, 513618);
INSERT INTO mensalidades (id, competencia, vencimento, valor, valor_original, valor_final, status, pagamento_id, unidade_id, morador_id, condominio_id) VALUES (513839, '2026-04-01', '2026-04-03', 340, 340, 340, 'pago', 513694, 513690, 513690, 513618);
INSERT INTO mensalidades (id, competencia, vencimento, valor, valor_original, valor_final, status, pagamento_id, unidade_id, morador_id, condominio_id) VALUES (513840, '2026-03-01', '2026-03-04', 1108, 1108, 1108, 'pendente', NULL, 513690, 513690, 513618);
INSERT INTO mensalidades (id, competencia, vencimento, valor, valor_original, valor_final, status, pagamento_id, unidade_id, morador_id, condominio_id) VALUES (513841, '2026-05-01', '2026-05-03', 842, 842, 842, 'pago', 513695, 513691, 513691, 513618);
INSERT INTO mensalidades (id, competencia, vencimento, valor, valor_original, valor_final, status, pagamento_id, unidade_id, morador_id, condominio_id) VALUES (513842, '2026-04-01', '2026-04-03', 516, 516, 516, 'atrasado', NULL, 513691, 513691, 513618);
INSERT INTO mensalidades (id, competencia, vencimento, valor, valor_original, valor_final, status, pagamento_id, unidade_id, morador_id, condominio_id) VALUES (513843, '2026-03-01', '2026-03-04', 957, 957, 957, 'pendente', NULL, 513691, 513691, 513618);
INSERT INTO mensalidades (id, competencia, vencimento, valor, valor_original, valor_final, status, pagamento_id, unidade_id, morador_id, condominio_id) VALUES (513844, '2026-05-01', '2026-05-03', 346, 346, 346, 'atrasado', NULL, 513692, 513692, 513618);
INSERT INTO mensalidades (id, competencia, vencimento, valor, valor_original, valor_final, status, pagamento_id, unidade_id, morador_id, condominio_id) VALUES (513845, '2026-04-01', '2026-04-03', 758, 758, 758, 'atrasado', NULL, 513692, 513692, 513618);
INSERT INTO mensalidades (id, competencia, vencimento, valor, valor_original, valor_final, status, pagamento_id, unidade_id, morador_id, condominio_id) VALUES (513846, '2026-03-01', '2026-03-04', 424, 424, 424, 'pendente', NULL, 513692, 513692, 513618);
INSERT INTO mensalidades (id, competencia, vencimento, valor, valor_original, valor_final, status, pagamento_id, unidade_id, morador_id, condominio_id) VALUES (513847, '2026-05-01', '2026-05-03', 692, 692, 692, 'pendente', NULL, 513693, 513693, 513618);
INSERT INTO mensalidades (id, competencia, vencimento, valor, valor_original, valor_final, status, pagamento_id, unidade_id, morador_id, condominio_id) VALUES (513848, '2026-04-01', '2026-04-03', 390, 390, 390, 'pendente', NULL, 513693, 513693, 513618);
INSERT INTO mensalidades (id, competencia, vencimento, valor, valor_original, valor_final, status, pagamento_id, unidade_id, morador_id, condominio_id) VALUES (513849, '2026-03-01', '2026-03-04', 1032, 1032, 1032, 'pago', 513696, 513693, 513693, 513618);
INSERT INTO mensalidades (id, competencia, vencimento, valor, valor_original, valor_final, status, pagamento_id, unidade_id, morador_id, condominio_id) VALUES (513850, '2026-05-01', '2026-05-03', 770, 770, 770, 'pago', 513697, 513694, 513694, 513618);
INSERT INTO mensalidades (id, competencia, vencimento, valor, valor_original, valor_final, status, pagamento_id, unidade_id, morador_id, condominio_id) VALUES (513851, '2026-04-01', '2026-04-03', 1432, 1432, 1432, 'pago', 513698, 513694, 513694, 513618);
INSERT INTO mensalidades (id, competencia, vencimento, valor, valor_original, valor_final, status, pagamento_id, unidade_id, morador_id, condominio_id) VALUES (513852, '2026-03-01', '2026-03-04', 1497, 1497, 1497, 'atrasado', NULL, 513694, 513694, 513618);
INSERT INTO mensalidades (id, competencia, vencimento, valor, valor_original, valor_final, status, pagamento_id, unidade_id, morador_id, condominio_id) VALUES (513853, '2026-05-01', '2026-05-03', 954, 954, 954, 'atrasado', NULL, 513695, 513695, 513618);
INSERT INTO mensalidades (id, competencia, vencimento, valor, valor_original, valor_final, status, pagamento_id, unidade_id, morador_id, condominio_id) VALUES (513854, '2026-04-01', '2026-04-03', 997, 997, 997, 'pago', 513699, 513695, 513695, 513618);
INSERT INTO mensalidades (id, competencia, vencimento, valor, valor_original, valor_final, status, pagamento_id, unidade_id, morador_id, condominio_id) VALUES (513855, '2026-03-01', '2026-03-04', 1491, 1491, 1491, 'atrasado', NULL, 513695, 513695, 513618);
INSERT INTO mensalidades (id, competencia, vencimento, valor, valor_original, valor_final, status, pagamento_id, unidade_id, morador_id, condominio_id) VALUES (513856, '2026-05-01', '2026-05-03', 902, 902, 902, 'pago', 513700, 513696, 513696, 513618);
INSERT INTO mensalidades (id, competencia, vencimento, valor, valor_original, valor_final, status, pagamento_id, unidade_id, morador_id, condominio_id) VALUES (513857, '2026-04-01', '2026-04-03', 723, 723, 723, 'pago', 513701, 513696, 513696, 513618);
INSERT INTO mensalidades (id, competencia, vencimento, valor, valor_original, valor_final, status, pagamento_id, unidade_id, morador_id, condominio_id) VALUES (513858, '2026-03-01', '2026-03-04', 751, 751, 751, 'atrasado', NULL, 513696, 513696, 513618);
INSERT INTO mensalidades (id, competencia, vencimento, valor, valor_original, valor_final, status, pagamento_id, unidade_id, morador_id, condominio_id) VALUES (513859, '2026-05-01', '2026-05-03', 843, 843, 843, 'pendente', NULL, 513697, 513697, 513618);
INSERT INTO mensalidades (id, competencia, vencimento, valor, valor_original, valor_final, status, pagamento_id, unidade_id, morador_id, condominio_id) VALUES (513860, '2026-04-01', '2026-04-03', 1289, 1289, 1289, 'atrasado', NULL, 513697, 513697, 513618);
INSERT INTO mensalidades (id, competencia, vencimento, valor, valor_original, valor_final, status, pagamento_id, unidade_id, morador_id, condominio_id) VALUES (513861, '2026-03-01', '2026-03-04', 431, 431, 431, 'pago', 513702, 513697, 513697, 513618);
INSERT INTO mensalidades (id, competencia, vencimento, valor, valor_original, valor_final, status, pagamento_id, unidade_id, morador_id, condominio_id) VALUES (513862, '2026-05-01', '2026-05-03', 1336, 1336, 1336, 'pago', 513703, 513698, 513698, 513618);
INSERT INTO mensalidades (id, competencia, vencimento, valor, valor_original, valor_final, status, pagamento_id, unidade_id, morador_id, condominio_id) VALUES (513863, '2026-04-01', '2026-04-03', 1017, 1017, 1017, 'pendente', NULL, 513698, 513698, 513618);
INSERT INTO mensalidades (id, competencia, vencimento, valor, valor_original, valor_final, status, pagamento_id, unidade_id, morador_id, condominio_id) VALUES (513864, '2026-03-01', '2026-03-04', 669, 669, 669, 'pago', 513704, 513698, 513698, 513618);
INSERT INTO mensalidades (id, competencia, vencimento, valor, valor_original, valor_final, status, pagamento_id, unidade_id, morador_id, condominio_id) VALUES (513865, '2026-05-01', '2026-05-03', 1437, 1437, 1437, 'pendente', NULL, 513699, 513699, 513618);
INSERT INTO mensalidades (id, competencia, vencimento, valor, valor_original, valor_final, status, pagamento_id, unidade_id, morador_id, condominio_id) VALUES (513866, '2026-04-01', '2026-04-03', 803, 803, 803, 'atrasado', NULL, 513699, 513699, 513618);
INSERT INTO mensalidades (id, competencia, vencimento, valor, valor_original, valor_final, status, pagamento_id, unidade_id, morador_id, condominio_id) VALUES (513867, '2026-03-01', '2026-03-04', 1277, 1277, 1277, 'pendente', NULL, 513699, 513699, 513618);
INSERT INTO mensalidades (id, competencia, vencimento, valor, valor_original, valor_final, status, pagamento_id, unidade_id, morador_id, condominio_id) VALUES (513868, '2026-05-01', '2026-05-03', 630, 630, 630, 'atrasado', NULL, 513700, 513700, 513618);
INSERT INTO mensalidades (id, competencia, vencimento, valor, valor_original, valor_final, status, pagamento_id, unidade_id, morador_id, condominio_id) VALUES (513869, '2026-04-01', '2026-04-03', 1336, 1336, 1336, 'pendente', NULL, 513700, 513700, 513618);
INSERT INTO mensalidades (id, competencia, vencimento, valor, valor_original, valor_final, status, pagamento_id, unidade_id, morador_id, condominio_id) VALUES (513870, '2026-03-01', '2026-03-04', 1405, 1405, 1405, 'pago', 513705, 513700, 513700, 513618);
INSERT INTO mensalidades (id, competencia, vencimento, valor, valor_original, valor_final, status, pagamento_id, unidade_id, morador_id, condominio_id) VALUES (513871, '2026-05-01', '2026-05-03', 1428, 1428, 1428, 'pago', 513706, 513701, 513701, 513618);
INSERT INTO mensalidades (id, competencia, vencimento, valor, valor_original, valor_final, status, pagamento_id, unidade_id, morador_id, condominio_id) VALUES (513872, '2026-04-01', '2026-04-03', 418, 418, 418, 'pago', 513707, 513701, 513701, 513618);
INSERT INTO mensalidades (id, competencia, vencimento, valor, valor_original, valor_final, status, pagamento_id, unidade_id, morador_id, condominio_id) VALUES (513873, '2026-03-01', '2026-03-04', 1202, 1202, 1202, 'pago', 513708, 513701, 513701, 513618);
INSERT INTO mensalidades (id, competencia, vencimento, valor, valor_original, valor_final, status, pagamento_id, unidade_id, morador_id, condominio_id) VALUES (513874, '2026-05-01', '2026-05-03', 1262, 1262, 1262, 'pago', 513709, 513702, 513702, 513618);
INSERT INTO mensalidades (id, competencia, vencimento, valor, valor_original, valor_final, status, pagamento_id, unidade_id, morador_id, condominio_id) VALUES (513875, '2026-04-01', '2026-04-03', 1156, 1156, 1156, 'pendente', NULL, 513702, 513702, 513618);
INSERT INTO mensalidades (id, competencia, vencimento, valor, valor_original, valor_final, status, pagamento_id, unidade_id, morador_id, condominio_id) VALUES (513876, '2026-03-01', '2026-03-04', 1206, 1206, 1206, 'atrasado', NULL, 513702, 513702, 513618);
INSERT INTO mensalidades (id, competencia, vencimento, valor, valor_original, valor_final, status, pagamento_id, unidade_id, morador_id, condominio_id) VALUES (513877, '2026-05-01', '2026-05-03', 846, 846, 846, 'pago', 513710, 513703, 513703, 513618);
INSERT INTO mensalidades (id, competencia, vencimento, valor, valor_original, valor_final, status, pagamento_id, unidade_id, morador_id, condominio_id) VALUES (513878, '2026-04-01', '2026-04-03', 884, 884, 884, 'atrasado', NULL, 513703, 513703, 513618);
INSERT INTO mensalidades (id, competencia, vencimento, valor, valor_original, valor_final, status, pagamento_id, unidade_id, morador_id, condominio_id) VALUES (513879, '2026-03-01', '2026-03-04', 1348, 1348, 1348, 'pendente', NULL, 513703, 513703, 513618);
INSERT INTO mensalidades (id, competencia, vencimento, valor, valor_original, valor_final, status, pagamento_id, unidade_id, morador_id, condominio_id) VALUES (513880, '2026-05-01', '2026-05-03', 1340, 1340, 1340, 'pago', 513711, 513704, 513704, 513618);
INSERT INTO mensalidades (id, competencia, vencimento, valor, valor_original, valor_final, status, pagamento_id, unidade_id, morador_id, condominio_id) VALUES (513881, '2026-04-01', '2026-04-03', 885, 885, 885, 'atrasado', NULL, 513704, 513704, 513618);
INSERT INTO mensalidades (id, competencia, vencimento, valor, valor_original, valor_final, status, pagamento_id, unidade_id, morador_id, condominio_id) VALUES (513882, '2026-03-01', '2026-03-04', 1095, 1095, 1095, 'pendente', NULL, 513704, 513704, 513618);
INSERT INTO mensalidades (id, competencia, vencimento, valor, valor_original, valor_final, status, pagamento_id, unidade_id, morador_id, condominio_id) VALUES (513883, '2026-05-01', '2026-05-03', 588, 588, 588, 'atrasado', NULL, 513705, 513705, 513618);
INSERT INTO mensalidades (id, competencia, vencimento, valor, valor_original, valor_final, status, pagamento_id, unidade_id, morador_id, condominio_id) VALUES (513884, '2026-04-01', '2026-04-03', 740, 740, 740, 'pendente', NULL, 513705, 513705, 513618);
INSERT INTO mensalidades (id, competencia, vencimento, valor, valor_original, valor_final, status, pagamento_id, unidade_id, morador_id, condominio_id) VALUES (513885, '2026-03-01', '2026-03-04', 658, 658, 658, 'pendente', NULL, 513705, 513705, 513618);

SET FOREIGN_KEY_CHECKS=1;
COMMIT;
