SET FOREIGN_KEY_CHECKS=0;
START TRANSACTION;

INSERT IGNORE INTO AspNetRoles (Id, Name, NormalizedName, ConcurrencyStamp) VALUES ('4b859d0d-34a8-4274-a7a3-71530601b66f', 'Admin', 'ADMIN', 'bf647441-47c3-47e7-9891-842ed9c15a1a');
INSERT IGNORE INTO AspNetRoles (Id, Name, NormalizedName, ConcurrencyStamp) VALUES ('73cee556-4834-4882-a6fc-f4430b9f2f9d', 'Morador', 'MORADOR', '3af28327-5b38-47fa-8cdc-f8c4638baf92');
INSERT IGNORE INTO AspNetRoles (Id, Name, NormalizedName, ConcurrencyStamp) VALUES ('c56191d6-dc46-431b-95df-2970e664cba4', 'Porteiro', 'PORTEIRO', '9197fa02-d20f-44d2-b5b4-957c42330f20');

INSERT IGNORE INTO AspNetUsers (Id, UserName, NormalizedUserName, Email, NormalizedEmail, EmailConfirmed, PasswordHash, SecurityStamp, ConcurrencyStamp, PhoneNumberConfirmed, TwoFactorEnabled, LockoutEnabled, AccessFailedCount, NomeCompleto, SenhaTemporaria) VALUES ('30531860-0614-42fe-8d7b-e68cc9a450f3', 'sindico0_720@condosmart.com', 'SINDICO0_720@CONDOSMART.COM', 'sindico0_720@condosmart.com', 'SINDICO0_720@CONDOSMART.COM', 1, 'AQAAAAIAAYagAAAAEEDrpQezEqI+EXHmYQG4vdJLA9oO9lZfBT/9Bd+mH1oPYhgpC5sAKTOMsOABo5w6xA==', 'AF89F184-838F-46F2-9C2F-474B873040EC', 'fc0ccc0a-c553-4771-8f33-65662448ae88', 0, 0, 1, 0, 'Diego Cirino', 0);
INSERT IGNORE INTO AspNetUsers (Id, UserName, NormalizedUserName, Email, NormalizedEmail, EmailConfirmed, PasswordHash, SecurityStamp, ConcurrencyStamp, PhoneNumberConfirmed, TwoFactorEnabled, LockoutEnabled, AccessFailedCount, NomeCompleto, SenhaTemporaria) VALUES ('0712ca6c-aa56-4dca-a86b-00b2f148be0b', 'sindico1_625@condosmart.com', 'SINDICO1_625@CONDOSMART.COM', 'sindico1_625@condosmart.com', 'SINDICO1_625@CONDOSMART.COM', 1, 'AQAAAAIAAYagAAAAEEDrpQezEqI+EXHmYQG4vdJLA9oO9lZfBT/9Bd+mH1oPYhgpC5sAKTOMsOABo5w6xA==', 'AF89F184-838F-46F2-9C2F-474B873040EC', 'fc0ccc0a-c553-4771-8f33-65662448ae88', 0, 0, 1, 0, 'Isabel Casa Grande', 0);
INSERT IGNORE INTO AspNetUsers (Id, UserName, NormalizedUserName, Email, NormalizedEmail, EmailConfirmed, PasswordHash, SecurityStamp, ConcurrencyStamp, PhoneNumberConfirmed, TwoFactorEnabled, LockoutEnabled, AccessFailedCount, NomeCompleto, SenhaTemporaria) VALUES ('36cd162d-76b8-4900-995a-0e1cbf3bfc05', 'sindico2_603@condosmart.com', 'SINDICO2_603@CONDOSMART.COM', 'sindico2_603@condosmart.com', 'SINDICO2_603@CONDOSMART.COM', 1, 'AQAAAAIAAYagAAAAEEDrpQezEqI+EXHmYQG4vdJLA9oO9lZfBT/9Bd+mH1oPYhgpC5sAKTOMsOABo5w6xA==', 'AF89F184-838F-46F2-9C2F-474B873040EC', 'fc0ccc0a-c553-4771-8f33-65662448ae88', 0, 0, 1, 0, 'Lorenzo Lima', 0);
INSERT IGNORE INTO AspNetUsers (Id, UserName, NormalizedUserName, Email, NormalizedEmail, EmailConfirmed, PasswordHash, SecurityStamp, ConcurrencyStamp, PhoneNumberConfirmed, TwoFactorEnabled, LockoutEnabled, AccessFailedCount, NomeCompleto, SenhaTemporaria) VALUES ('9ca35c5d-6eee-49bd-8924-f2db421447e1', 'morador0_124@condosmart.com', 'MORADOR0_124@CONDOSMART.COM', 'morador0_124@condosmart.com', 'MORADOR0_124@CONDOSMART.COM', 1, 'AQAAAAIAAYagAAAAEEDrpQezEqI+EXHmYQG4vdJLA9oO9lZfBT/9Bd+mH1oPYhgpC5sAKTOMsOABo5w6xA==', 'AF89F184-838F-46F2-9C2F-474B873040EC', 'fc0ccc0a-c553-4771-8f33-65662448ae88', 0, 0, 1, 0, 'Hellena Nunes', 0);
INSERT IGNORE INTO AspNetUsers (Id, UserName, NormalizedUserName, Email, NormalizedEmail, EmailConfirmed, PasswordHash, SecurityStamp, ConcurrencyStamp, PhoneNumberConfirmed, TwoFactorEnabled, LockoutEnabled, AccessFailedCount, NomeCompleto, SenhaTemporaria) VALUES ('10f5176d-5d53-4279-8cec-b724166c06c1', 'morador1_366@condosmart.com', 'MORADOR1_366@CONDOSMART.COM', 'morador1_366@condosmart.com', 'MORADOR1_366@CONDOSMART.COM', 1, 'AQAAAAIAAYagAAAAEEDrpQezEqI+EXHmYQG4vdJLA9oO9lZfBT/9Bd+mH1oPYhgpC5sAKTOMsOABo5w6xA==', 'AF89F184-838F-46F2-9C2F-474B873040EC', 'fc0ccc0a-c553-4771-8f33-65662448ae88', 0, 0, 1, 0, 'Emanuel Fogaça', 0);
INSERT IGNORE INTO AspNetUsers (Id, UserName, NormalizedUserName, Email, NormalizedEmail, EmailConfirmed, PasswordHash, SecurityStamp, ConcurrencyStamp, PhoneNumberConfirmed, TwoFactorEnabled, LockoutEnabled, AccessFailedCount, NomeCompleto, SenhaTemporaria) VALUES ('08c2e921-1914-45d2-b017-42e04ef64497', 'morador2_262@condosmart.com', 'MORADOR2_262@CONDOSMART.COM', 'morador2_262@condosmart.com', 'MORADOR2_262@CONDOSMART.COM', 1, 'AQAAAAIAAYagAAAAEEDrpQezEqI+EXHmYQG4vdJLA9oO9lZfBT/9Bd+mH1oPYhgpC5sAKTOMsOABo5w6xA==', 'AF89F184-838F-46F2-9C2F-474B873040EC', 'fc0ccc0a-c553-4771-8f33-65662448ae88', 0, 0, 1, 0, 'Enrico Cunha', 0);
INSERT IGNORE INTO AspNetUsers (Id, UserName, NormalizedUserName, Email, NormalizedEmail, EmailConfirmed, PasswordHash, SecurityStamp, ConcurrencyStamp, PhoneNumberConfirmed, TwoFactorEnabled, LockoutEnabled, AccessFailedCount, NomeCompleto, SenhaTemporaria) VALUES ('8d552336-3190-44f3-8e81-cdaea55d4da8', 'morador3_199@condosmart.com', 'MORADOR3_199@CONDOSMART.COM', 'morador3_199@condosmart.com', 'MORADOR3_199@CONDOSMART.COM', 1, 'AQAAAAIAAYagAAAAEEDrpQezEqI+EXHmYQG4vdJLA9oO9lZfBT/9Bd+mH1oPYhgpC5sAKTOMsOABo5w6xA==', 'AF89F184-838F-46F2-9C2F-474B873040EC', 'fc0ccc0a-c553-4771-8f33-65662448ae88', 0, 0, 1, 0, 'Luiza Costa', 0);
INSERT IGNORE INTO AspNetUsers (Id, UserName, NormalizedUserName, Email, NormalizedEmail, EmailConfirmed, PasswordHash, SecurityStamp, ConcurrencyStamp, PhoneNumberConfirmed, TwoFactorEnabled, LockoutEnabled, AccessFailedCount, NomeCompleto, SenhaTemporaria) VALUES ('ee738fc1-e897-44bc-af0f-61e2c3121a87', 'morador4_562@condosmart.com', 'MORADOR4_562@CONDOSMART.COM', 'morador4_562@condosmart.com', 'MORADOR4_562@CONDOSMART.COM', 1, 'AQAAAAIAAYagAAAAEEDrpQezEqI+EXHmYQG4vdJLA9oO9lZfBT/9Bd+mH1oPYhgpC5sAKTOMsOABo5w6xA==', 'AF89F184-838F-46F2-9C2F-474B873040EC', 'fc0ccc0a-c553-4771-8f33-65662448ae88', 0, 0, 1, 0, 'Yuri Pereira', 0);
INSERT IGNORE INTO AspNetUsers (Id, UserName, NormalizedUserName, Email, NormalizedEmail, EmailConfirmed, PasswordHash, SecurityStamp, ConcurrencyStamp, PhoneNumberConfirmed, TwoFactorEnabled, LockoutEnabled, AccessFailedCount, NomeCompleto, SenhaTemporaria) VALUES ('ff53b205-bb56-4003-a9b4-6346d863aa1c', 'morador5_106@condosmart.com', 'MORADOR5_106@CONDOSMART.COM', 'morador5_106@condosmart.com', 'MORADOR5_106@CONDOSMART.COM', 1, 'AQAAAAIAAYagAAAAEEDrpQezEqI+EXHmYQG4vdJLA9oO9lZfBT/9Bd+mH1oPYhgpC5sAKTOMsOABo5w6xA==', 'AF89F184-838F-46F2-9C2F-474B873040EC', 'fc0ccc0a-c553-4771-8f33-65662448ae88', 0, 0, 1, 0, 'Anna Liz Souza', 0);
INSERT IGNORE INTO AspNetUsers (Id, UserName, NormalizedUserName, Email, NormalizedEmail, EmailConfirmed, PasswordHash, SecurityStamp, ConcurrencyStamp, PhoneNumberConfirmed, TwoFactorEnabled, LockoutEnabled, AccessFailedCount, NomeCompleto, SenhaTemporaria) VALUES ('29d4aeea-be0f-47d1-a729-d7e71b051ffa', 'morador6_660@condosmart.com', 'MORADOR6_660@CONDOSMART.COM', 'morador6_660@condosmart.com', 'MORADOR6_660@CONDOSMART.COM', 1, 'AQAAAAIAAYagAAAAEEDrpQezEqI+EXHmYQG4vdJLA9oO9lZfBT/9Bd+mH1oPYhgpC5sAKTOMsOABo5w6xA==', 'AF89F184-838F-46F2-9C2F-474B873040EC', 'fc0ccc0a-c553-4771-8f33-65662448ae88', 0, 0, 1, 0, 'Apollo Pacheco', 0);
INSERT IGNORE INTO AspNetUsers (Id, UserName, NormalizedUserName, Email, NormalizedEmail, EmailConfirmed, PasswordHash, SecurityStamp, ConcurrencyStamp, PhoneNumberConfirmed, TwoFactorEnabled, LockoutEnabled, AccessFailedCount, NomeCompleto, SenhaTemporaria) VALUES ('edd11e4d-dd76-47da-9031-3b2af42a84c7', 'morador7_982@condosmart.com', 'MORADOR7_982@CONDOSMART.COM', 'morador7_982@condosmart.com', 'MORADOR7_982@CONDOSMART.COM', 1, 'AQAAAAIAAYagAAAAEEDrpQezEqI+EXHmYQG4vdJLA9oO9lZfBT/9Bd+mH1oPYhgpC5sAKTOMsOABo5w6xA==', 'AF89F184-838F-46F2-9C2F-474B873040EC', 'fc0ccc0a-c553-4771-8f33-65662448ae88', 0, 0, 1, 0, 'Ian Almeida', 0);
INSERT IGNORE INTO AspNetUsers (Id, UserName, NormalizedUserName, Email, NormalizedEmail, EmailConfirmed, PasswordHash, SecurityStamp, ConcurrencyStamp, PhoneNumberConfirmed, TwoFactorEnabled, LockoutEnabled, AccessFailedCount, NomeCompleto, SenhaTemporaria) VALUES ('f3c46955-2414-43c9-9a2d-8266cb933ee7', 'morador8_869@condosmart.com', 'MORADOR8_869@CONDOSMART.COM', 'morador8_869@condosmart.com', 'MORADOR8_869@CONDOSMART.COM', 1, 'AQAAAAIAAYagAAAAEEDrpQezEqI+EXHmYQG4vdJLA9oO9lZfBT/9Bd+mH1oPYhgpC5sAKTOMsOABo5w6xA==', 'AF89F184-838F-46F2-9C2F-474B873040EC', 'fc0ccc0a-c553-4771-8f33-65662448ae88', 0, 0, 1, 0, 'Luan Machado', 0);
INSERT IGNORE INTO AspNetUsers (Id, UserName, NormalizedUserName, Email, NormalizedEmail, EmailConfirmed, PasswordHash, SecurityStamp, ConcurrencyStamp, PhoneNumberConfirmed, TwoFactorEnabled, LockoutEnabled, AccessFailedCount, NomeCompleto, SenhaTemporaria) VALUES ('983d26e3-0351-491f-92af-4f328c725661', 'morador9_802@condosmart.com', 'MORADOR9_802@CONDOSMART.COM', 'morador9_802@condosmart.com', 'MORADOR9_802@CONDOSMART.COM', 1, 'AQAAAAIAAYagAAAAEEDrpQezEqI+EXHmYQG4vdJLA9oO9lZfBT/9Bd+mH1oPYhgpC5sAKTOMsOABo5w6xA==', 'AF89F184-838F-46F2-9C2F-474B873040EC', 'fc0ccc0a-c553-4771-8f33-65662448ae88', 0, 0, 1, 0, 'Miguel Teixeira', 0);
INSERT IGNORE INTO AspNetUsers (Id, UserName, NormalizedUserName, Email, NormalizedEmail, EmailConfirmed, PasswordHash, SecurityStamp, ConcurrencyStamp, PhoneNumberConfirmed, TwoFactorEnabled, LockoutEnabled, AccessFailedCount, NomeCompleto, SenhaTemporaria) VALUES ('bc558db4-23fc-455a-bf91-a6e23924a8e4', 'morador10_279@condosmart.com', 'MORADOR10_279@CONDOSMART.COM', 'morador10_279@condosmart.com', 'MORADOR10_279@CONDOSMART.COM', 1, 'AQAAAAIAAYagAAAAEEDrpQezEqI+EXHmYQG4vdJLA9oO9lZfBT/9Bd+mH1oPYhgpC5sAKTOMsOABo5w6xA==', 'AF89F184-838F-46F2-9C2F-474B873040EC', 'fc0ccc0a-c553-4771-8f33-65662448ae88', 0, 0, 1, 0, 'Arthur Gabriel Pastor', 0);
INSERT IGNORE INTO AspNetUsers (Id, UserName, NormalizedUserName, Email, NormalizedEmail, EmailConfirmed, PasswordHash, SecurityStamp, ConcurrencyStamp, PhoneNumberConfirmed, TwoFactorEnabled, LockoutEnabled, AccessFailedCount, NomeCompleto, SenhaTemporaria) VALUES ('849c6e81-81b5-475b-bddd-0860d4e31b12', 'morador11_674@condosmart.com', 'MORADOR11_674@CONDOSMART.COM', 'morador11_674@condosmart.com', 'MORADOR11_674@CONDOSMART.COM', 1, 'AQAAAAIAAYagAAAAEEDrpQezEqI+EXHmYQG4vdJLA9oO9lZfBT/9Bd+mH1oPYhgpC5sAKTOMsOABo5w6xA==', 'AF89F184-838F-46F2-9C2F-474B873040EC', 'fc0ccc0a-c553-4771-8f33-65662448ae88', 0, 0, 1, 0, 'Ana Pereira', 0);
INSERT IGNORE INTO AspNetUsers (Id, UserName, NormalizedUserName, Email, NormalizedEmail, EmailConfirmed, PasswordHash, SecurityStamp, ConcurrencyStamp, PhoneNumberConfirmed, TwoFactorEnabled, LockoutEnabled, AccessFailedCount, NomeCompleto, SenhaTemporaria) VALUES ('a0c07b63-6612-4440-8136-895009d04ee6', 'morador12_199@condosmart.com', 'MORADOR12_199@CONDOSMART.COM', 'morador12_199@condosmart.com', 'MORADOR12_199@CONDOSMART.COM', 1, 'AQAAAAIAAYagAAAAEEDrpQezEqI+EXHmYQG4vdJLA9oO9lZfBT/9Bd+mH1oPYhgpC5sAKTOMsOABo5w6xA==', 'AF89F184-838F-46F2-9C2F-474B873040EC', 'fc0ccc0a-c553-4771-8f33-65662448ae88', 0, 0, 1, 0, 'Emanuel Correia', 0);
INSERT IGNORE INTO AspNetUsers (Id, UserName, NormalizedUserName, Email, NormalizedEmail, EmailConfirmed, PasswordHash, SecurityStamp, ConcurrencyStamp, PhoneNumberConfirmed, TwoFactorEnabled, LockoutEnabled, AccessFailedCount, NomeCompleto, SenhaTemporaria) VALUES ('ebec84ab-5f05-481c-90e2-686bf47e7305', 'morador13_223@condosmart.com', 'MORADOR13_223@CONDOSMART.COM', 'morador13_223@condosmart.com', 'MORADOR13_223@CONDOSMART.COM', 1, 'AQAAAAIAAYagAAAAEEDrpQezEqI+EXHmYQG4vdJLA9oO9lZfBT/9Bd+mH1oPYhgpC5sAKTOMsOABo5w6xA==', 'AF89F184-838F-46F2-9C2F-474B873040EC', 'fc0ccc0a-c553-4771-8f33-65662448ae88', 0, 0, 1, 0, 'Maria Fernanda da Cunha', 0);
INSERT IGNORE INTO AspNetUsers (Id, UserName, NormalizedUserName, Email, NormalizedEmail, EmailConfirmed, PasswordHash, SecurityStamp, ConcurrencyStamp, PhoneNumberConfirmed, TwoFactorEnabled, LockoutEnabled, AccessFailedCount, NomeCompleto, SenhaTemporaria) VALUES ('e3e47796-d3bb-45df-aeed-4fb9373ec80e', 'morador14_959@condosmart.com', 'MORADOR14_959@CONDOSMART.COM', 'morador14_959@condosmart.com', 'MORADOR14_959@CONDOSMART.COM', 1, 'AQAAAAIAAYagAAAAEEDrpQezEqI+EXHmYQG4vdJLA9oO9lZfBT/9Bd+mH1oPYhgpC5sAKTOMsOABo5w6xA==', 'AF89F184-838F-46F2-9C2F-474B873040EC', 'fc0ccc0a-c553-4771-8f33-65662448ae88', 0, 0, 1, 0, 'Sr. Luiz Henrique Novaes', 0);
INSERT IGNORE INTO AspNetUsers (Id, UserName, NormalizedUserName, Email, NormalizedEmail, EmailConfirmed, PasswordHash, SecurityStamp, ConcurrencyStamp, PhoneNumberConfirmed, TwoFactorEnabled, LockoutEnabled, AccessFailedCount, NomeCompleto, SenhaTemporaria) VALUES ('d4623aa2-f18b-49a5-842e-6af88fcddc35', 'morador15_680@condosmart.com', 'MORADOR15_680@CONDOSMART.COM', 'morador15_680@condosmart.com', 'MORADOR15_680@CONDOSMART.COM', 1, 'AQAAAAIAAYagAAAAEEDrpQezEqI+EXHmYQG4vdJLA9oO9lZfBT/9Bd+mH1oPYhgpC5sAKTOMsOABo5w6xA==', 'AF89F184-838F-46F2-9C2F-474B873040EC', 'fc0ccc0a-c553-4771-8f33-65662448ae88', 0, 0, 1, 0, 'Alícia Andrade', 0);
INSERT IGNORE INTO AspNetUsers (Id, UserName, NormalizedUserName, Email, NormalizedEmail, EmailConfirmed, PasswordHash, SecurityStamp, ConcurrencyStamp, PhoneNumberConfirmed, TwoFactorEnabled, LockoutEnabled, AccessFailedCount, NomeCompleto, SenhaTemporaria) VALUES ('2c3098ef-603f-403c-aa7c-323620bb23e0', 'morador16_567@condosmart.com', 'MORADOR16_567@CONDOSMART.COM', 'morador16_567@condosmart.com', 'MORADOR16_567@CONDOSMART.COM', 1, 'AQAAAAIAAYagAAAAEEDrpQezEqI+EXHmYQG4vdJLA9oO9lZfBT/9Bd+mH1oPYhgpC5sAKTOMsOABo5w6xA==', 'AF89F184-838F-46F2-9C2F-474B873040EC', 'fc0ccc0a-c553-4771-8f33-65662448ae88', 0, 0, 1, 0, 'Leandro da Paz', 0);
INSERT IGNORE INTO AspNetUsers (Id, UserName, NormalizedUserName, Email, NormalizedEmail, EmailConfirmed, PasswordHash, SecurityStamp, ConcurrencyStamp, PhoneNumberConfirmed, TwoFactorEnabled, LockoutEnabled, AccessFailedCount, NomeCompleto, SenhaTemporaria) VALUES ('76c312e0-0759-477f-a1e8-bdb699caa766', 'morador17_642@condosmart.com', 'MORADOR17_642@CONDOSMART.COM', 'morador17_642@condosmart.com', 'MORADOR17_642@CONDOSMART.COM', 1, 'AQAAAAIAAYagAAAAEEDrpQezEqI+EXHmYQG4vdJLA9oO9lZfBT/9Bd+mH1oPYhgpC5sAKTOMsOABo5w6xA==', 'AF89F184-838F-46F2-9C2F-474B873040EC', 'fc0ccc0a-c553-4771-8f33-65662448ae88', 0, 0, 1, 0, 'Ravi Lucca Fernandes', 0);
INSERT IGNORE INTO AspNetUsers (Id, UserName, NormalizedUserName, Email, NormalizedEmail, EmailConfirmed, PasswordHash, SecurityStamp, ConcurrencyStamp, PhoneNumberConfirmed, TwoFactorEnabled, LockoutEnabled, AccessFailedCount, NomeCompleto, SenhaTemporaria) VALUES ('e9c36f74-7e4b-45c7-a276-1c8bfe70fe56', 'morador18_446@condosmart.com', 'MORADOR18_446@CONDOSMART.COM', 'morador18_446@condosmart.com', 'MORADOR18_446@CONDOSMART.COM', 1, 'AQAAAAIAAYagAAAAEEDrpQezEqI+EXHmYQG4vdJLA9oO9lZfBT/9Bd+mH1oPYhgpC5sAKTOMsOABo5w6xA==', 'AF89F184-838F-46F2-9C2F-474B873040EC', 'fc0ccc0a-c553-4771-8f33-65662448ae88', 0, 0, 1, 0, 'Ana Julia Carvalho', 0);
INSERT IGNORE INTO AspNetUsers (Id, UserName, NormalizedUserName, Email, NormalizedEmail, EmailConfirmed, PasswordHash, SecurityStamp, ConcurrencyStamp, PhoneNumberConfirmed, TwoFactorEnabled, LockoutEnabled, AccessFailedCount, NomeCompleto, SenhaTemporaria) VALUES ('42643686-cf96-420c-ae75-da277f5e1fe8', 'morador19_454@condosmart.com', 'MORADOR19_454@CONDOSMART.COM', 'morador19_454@condosmart.com', 'MORADOR19_454@CONDOSMART.COM', 1, 'AQAAAAIAAYagAAAAEEDrpQezEqI+EXHmYQG4vdJLA9oO9lZfBT/9Bd+mH1oPYhgpC5sAKTOMsOABo5w6xA==', 'AF89F184-838F-46F2-9C2F-474B873040EC', 'fc0ccc0a-c553-4771-8f33-65662448ae88', 0, 0, 1, 0, 'Ana Beatriz Nogueira', 0);
INSERT IGNORE INTO AspNetUsers (Id, UserName, NormalizedUserName, Email, NormalizedEmail, EmailConfirmed, PasswordHash, SecurityStamp, ConcurrencyStamp, PhoneNumberConfirmed, TwoFactorEnabled, LockoutEnabled, AccessFailedCount, NomeCompleto, SenhaTemporaria) VALUES ('8ae3cd3f-6e80-433f-8e7a-ab5cce695a99', 'morador20_953@condosmart.com', 'MORADOR20_953@CONDOSMART.COM', 'morador20_953@condosmart.com', 'MORADOR20_953@CONDOSMART.COM', 1, 'AQAAAAIAAYagAAAAEEDrpQezEqI+EXHmYQG4vdJLA9oO9lZfBT/9Bd+mH1oPYhgpC5sAKTOMsOABo5w6xA==', 'AF89F184-838F-46F2-9C2F-474B873040EC', 'fc0ccc0a-c553-4771-8f33-65662448ae88', 0, 0, 1, 0, 'José Miguel Casa Grande', 0);
INSERT IGNORE INTO AspNetUsers (Id, UserName, NormalizedUserName, Email, NormalizedEmail, EmailConfirmed, PasswordHash, SecurityStamp, ConcurrencyStamp, PhoneNumberConfirmed, TwoFactorEnabled, LockoutEnabled, AccessFailedCount, NomeCompleto, SenhaTemporaria) VALUES ('830d2f1e-ca93-4ca1-9519-dc032440ff4a', 'morador21_419@condosmart.com', 'MORADOR21_419@CONDOSMART.COM', 'morador21_419@condosmart.com', 'MORADOR21_419@CONDOSMART.COM', 1, 'AQAAAAIAAYagAAAAEEDrpQezEqI+EXHmYQG4vdJLA9oO9lZfBT/9Bd+mH1oPYhgpC5sAKTOMsOABo5w6xA==', 'AF89F184-838F-46F2-9C2F-474B873040EC', 'fc0ccc0a-c553-4771-8f33-65662448ae88', 0, 0, 1, 0, 'Davi Luiz Barbosa', 0);
INSERT IGNORE INTO AspNetUsers (Id, UserName, NormalizedUserName, Email, NormalizedEmail, EmailConfirmed, PasswordHash, SecurityStamp, ConcurrencyStamp, PhoneNumberConfirmed, TwoFactorEnabled, LockoutEnabled, AccessFailedCount, NomeCompleto, SenhaTemporaria) VALUES ('662b2653-8e8f-41fc-9b34-510cc4780a00', 'morador22_520@condosmart.com', 'MORADOR22_520@CONDOSMART.COM', 'morador22_520@condosmart.com', 'MORADOR22_520@CONDOSMART.COM', 1, 'AQAAAAIAAYagAAAAEEDrpQezEqI+EXHmYQG4vdJLA9oO9lZfBT/9Bd+mH1oPYhgpC5sAKTOMsOABo5w6xA==', 'AF89F184-838F-46F2-9C2F-474B873040EC', 'fc0ccc0a-c553-4771-8f33-65662448ae88', 0, 0, 1, 0, 'Sra. Maria Sophia Silveira', 0);
INSERT IGNORE INTO AspNetUsers (Id, UserName, NormalizedUserName, Email, NormalizedEmail, EmailConfirmed, PasswordHash, SecurityStamp, ConcurrencyStamp, PhoneNumberConfirmed, TwoFactorEnabled, LockoutEnabled, AccessFailedCount, NomeCompleto, SenhaTemporaria) VALUES ('b7409c44-00c4-4c9e-a434-dc127de6abde', 'morador23_197@condosmart.com', 'MORADOR23_197@CONDOSMART.COM', 'morador23_197@condosmart.com', 'MORADOR23_197@CONDOSMART.COM', 1, 'AQAAAAIAAYagAAAAEEDrpQezEqI+EXHmYQG4vdJLA9oO9lZfBT/9Bd+mH1oPYhgpC5sAKTOMsOABo5w6xA==', 'AF89F184-838F-46F2-9C2F-474B873040EC', 'fc0ccc0a-c553-4771-8f33-65662448ae88', 0, 0, 1, 0, 'Arthur Aparecida', 0);
INSERT IGNORE INTO AspNetUsers (Id, UserName, NormalizedUserName, Email, NormalizedEmail, EmailConfirmed, PasswordHash, SecurityStamp, ConcurrencyStamp, PhoneNumberConfirmed, TwoFactorEnabled, LockoutEnabled, AccessFailedCount, NomeCompleto, SenhaTemporaria) VALUES ('fbdaf981-62d8-4066-982c-407b0970ad4c', 'morador24_601@condosmart.com', 'MORADOR24_601@CONDOSMART.COM', 'morador24_601@condosmart.com', 'MORADOR24_601@CONDOSMART.COM', 1, 'AQAAAAIAAYagAAAAEEDrpQezEqI+EXHmYQG4vdJLA9oO9lZfBT/9Bd+mH1oPYhgpC5sAKTOMsOABo5w6xA==', 'AF89F184-838F-46F2-9C2F-474B873040EC', 'fc0ccc0a-c553-4771-8f33-65662448ae88', 0, 0, 1, 0, 'Bárbara Caldeira', 0);
INSERT IGNORE INTO AspNetUsers (Id, UserName, NormalizedUserName, Email, NormalizedEmail, EmailConfirmed, PasswordHash, SecurityStamp, ConcurrencyStamp, PhoneNumberConfirmed, TwoFactorEnabled, LockoutEnabled, AccessFailedCount, NomeCompleto, SenhaTemporaria) VALUES ('3ad64803-c0bf-428f-a05c-1fd257876fc9', 'morador25_647@condosmart.com', 'MORADOR25_647@CONDOSMART.COM', 'morador25_647@condosmart.com', 'MORADOR25_647@CONDOSMART.COM', 1, 'AQAAAAIAAYagAAAAEEDrpQezEqI+EXHmYQG4vdJLA9oO9lZfBT/9Bd+mH1oPYhgpC5sAKTOMsOABo5w6xA==', 'AF89F184-838F-46F2-9C2F-474B873040EC', 'fc0ccc0a-c553-4771-8f33-65662448ae88', 0, 0, 1, 0, 'Levi Silveira', 0);
INSERT IGNORE INTO AspNetUsers (Id, UserName, NormalizedUserName, Email, NormalizedEmail, EmailConfirmed, PasswordHash, SecurityStamp, ConcurrencyStamp, PhoneNumberConfirmed, TwoFactorEnabled, LockoutEnabled, AccessFailedCount, NomeCompleto, SenhaTemporaria) VALUES ('b36017c5-5533-40e6-8d14-1c69d2e6009b', 'morador26_315@condosmart.com', 'MORADOR26_315@CONDOSMART.COM', 'morador26_315@condosmart.com', 'MORADOR26_315@CONDOSMART.COM', 1, 'AQAAAAIAAYagAAAAEEDrpQezEqI+EXHmYQG4vdJLA9oO9lZfBT/9Bd+mH1oPYhgpC5sAKTOMsOABo5w6xA==', 'AF89F184-838F-46F2-9C2F-474B873040EC', 'fc0ccc0a-c553-4771-8f33-65662448ae88', 0, 0, 1, 0, 'Clara Santos', 0);
INSERT IGNORE INTO AspNetUsers (Id, UserName, NormalizedUserName, Email, NormalizedEmail, EmailConfirmed, PasswordHash, SecurityStamp, ConcurrencyStamp, PhoneNumberConfirmed, TwoFactorEnabled, LockoutEnabled, AccessFailedCount, NomeCompleto, SenhaTemporaria) VALUES ('3c359609-6a06-4909-95fc-d226c51b84fc', 'morador27_258@condosmart.com', 'MORADOR27_258@CONDOSMART.COM', 'morador27_258@condosmart.com', 'MORADOR27_258@CONDOSMART.COM', 1, 'AQAAAAIAAYagAAAAEEDrpQezEqI+EXHmYQG4vdJLA9oO9lZfBT/9Bd+mH1oPYhgpC5sAKTOMsOABo5w6xA==', 'AF89F184-838F-46F2-9C2F-474B873040EC', 'fc0ccc0a-c553-4771-8f33-65662448ae88', 0, 0, 1, 0, 'João Guilherme Porto', 0);
INSERT IGNORE INTO AspNetUsers (Id, UserName, NormalizedUserName, Email, NormalizedEmail, EmailConfirmed, PasswordHash, SecurityStamp, ConcurrencyStamp, PhoneNumberConfirmed, TwoFactorEnabled, LockoutEnabled, AccessFailedCount, NomeCompleto, SenhaTemporaria) VALUES ('ecd58513-87e5-4b8f-8afa-e3e04d445027', 'morador28_307@condosmart.com', 'MORADOR28_307@CONDOSMART.COM', 'morador28_307@condosmart.com', 'MORADOR28_307@CONDOSMART.COM', 1, 'AQAAAAIAAYagAAAAEEDrpQezEqI+EXHmYQG4vdJLA9oO9lZfBT/9Bd+mH1oPYhgpC5sAKTOMsOABo5w6xA==', 'AF89F184-838F-46F2-9C2F-474B873040EC', 'fc0ccc0a-c553-4771-8f33-65662448ae88', 0, 0, 1, 0, 'Diego Pires', 0);
INSERT IGNORE INTO AspNetUsers (Id, UserName, NormalizedUserName, Email, NormalizedEmail, EmailConfirmed, PasswordHash, SecurityStamp, ConcurrencyStamp, PhoneNumberConfirmed, TwoFactorEnabled, LockoutEnabled, AccessFailedCount, NomeCompleto, SenhaTemporaria) VALUES ('ad787f3b-e17f-4f77-90f1-2b45b5a04565', 'morador29_486@condosmart.com', 'MORADOR29_486@CONDOSMART.COM', 'morador29_486@condosmart.com', 'MORADOR29_486@CONDOSMART.COM', 1, 'AQAAAAIAAYagAAAAEEDrpQezEqI+EXHmYQG4vdJLA9oO9lZfBT/9Bd+mH1oPYhgpC5sAKTOMsOABo5w6xA==', 'AF89F184-838F-46F2-9C2F-474B873040EC', 'fc0ccc0a-c553-4771-8f33-65662448ae88', 0, 0, 1, 0, 'Sra. Laís Almeida', 0);
INSERT IGNORE INTO AspNetUsers (Id, UserName, NormalizedUserName, Email, NormalizedEmail, EmailConfirmed, PasswordHash, SecurityStamp, ConcurrencyStamp, PhoneNumberConfirmed, TwoFactorEnabled, LockoutEnabled, AccessFailedCount, NomeCompleto, SenhaTemporaria) VALUES ('5253a798-f1f3-463a-86b9-5aefcf44858d', 'morador30_645@condosmart.com', 'MORADOR30_645@CONDOSMART.COM', 'morador30_645@condosmart.com', 'MORADOR30_645@CONDOSMART.COM', 1, 'AQAAAAIAAYagAAAAEEDrpQezEqI+EXHmYQG4vdJLA9oO9lZfBT/9Bd+mH1oPYhgpC5sAKTOMsOABo5w6xA==', 'AF89F184-838F-46F2-9C2F-474B873040EC', 'fc0ccc0a-c553-4771-8f33-65662448ae88', 0, 0, 1, 0, 'Heloísa Pinto', 0);
INSERT IGNORE INTO AspNetUsers (Id, UserName, NormalizedUserName, Email, NormalizedEmail, EmailConfirmed, PasswordHash, SecurityStamp, ConcurrencyStamp, PhoneNumberConfirmed, TwoFactorEnabled, LockoutEnabled, AccessFailedCount, NomeCompleto, SenhaTemporaria) VALUES ('ed7417b3-2d56-4901-bbde-ea6f77d8fbb5', 'morador31_391@condosmart.com', 'MORADOR31_391@CONDOSMART.COM', 'morador31_391@condosmart.com', 'MORADOR31_391@CONDOSMART.COM', 1, 'AQAAAAIAAYagAAAAEEDrpQezEqI+EXHmYQG4vdJLA9oO9lZfBT/9Bd+mH1oPYhgpC5sAKTOMsOABo5w6xA==', 'AF89F184-838F-46F2-9C2F-474B873040EC', 'fc0ccc0a-c553-4771-8f33-65662448ae88', 0, 0, 1, 0, 'Melina Montenegro', 0);
INSERT IGNORE INTO AspNetUsers (Id, UserName, NormalizedUserName, Email, NormalizedEmail, EmailConfirmed, PasswordHash, SecurityStamp, ConcurrencyStamp, PhoneNumberConfirmed, TwoFactorEnabled, LockoutEnabled, AccessFailedCount, NomeCompleto, SenhaTemporaria) VALUES ('3177fe01-1d2e-4b75-ae0c-72996a0becb5', 'morador32_891@condosmart.com', 'MORADOR32_891@CONDOSMART.COM', 'morador32_891@condosmart.com', 'MORADOR32_891@CONDOSMART.COM', 1, 'AQAAAAIAAYagAAAAEEDrpQezEqI+EXHmYQG4vdJLA9oO9lZfBT/9Bd+mH1oPYhgpC5sAKTOMsOABo5w6xA==', 'AF89F184-838F-46F2-9C2F-474B873040EC', 'fc0ccc0a-c553-4771-8f33-65662448ae88', 0, 0, 1, 0, 'Cecilia Fonseca', 0);
INSERT IGNORE INTO AspNetUsers (Id, UserName, NormalizedUserName, Email, NormalizedEmail, EmailConfirmed, PasswordHash, SecurityStamp, ConcurrencyStamp, PhoneNumberConfirmed, TwoFactorEnabled, LockoutEnabled, AccessFailedCount, NomeCompleto, SenhaTemporaria) VALUES ('c34706f4-8572-4357-b59c-0c350875b2a0', 'morador33_316@condosmart.com', 'MORADOR33_316@CONDOSMART.COM', 'morador33_316@condosmart.com', 'MORADOR33_316@CONDOSMART.COM', 1, 'AQAAAAIAAYagAAAAEEDrpQezEqI+EXHmYQG4vdJLA9oO9lZfBT/9Bd+mH1oPYhgpC5sAKTOMsOABo5w6xA==', 'AF89F184-838F-46F2-9C2F-474B873040EC', 'fc0ccc0a-c553-4771-8f33-65662448ae88', 0, 0, 1, 0, 'Eloah da Cruz', 0);
INSERT IGNORE INTO AspNetUsers (Id, UserName, NormalizedUserName, Email, NormalizedEmail, EmailConfirmed, PasswordHash, SecurityStamp, ConcurrencyStamp, PhoneNumberConfirmed, TwoFactorEnabled, LockoutEnabled, AccessFailedCount, NomeCompleto, SenhaTemporaria) VALUES ('8c2696e2-682c-4ba3-9980-ac89bd9b297c', 'morador34_449@condosmart.com', 'MORADOR34_449@CONDOSMART.COM', 'morador34_449@condosmart.com', 'MORADOR34_449@CONDOSMART.COM', 1, 'AQAAAAIAAYagAAAAEEDrpQezEqI+EXHmYQG4vdJLA9oO9lZfBT/9Bd+mH1oPYhgpC5sAKTOMsOABo5w6xA==', 'AF89F184-838F-46F2-9C2F-474B873040EC', 'fc0ccc0a-c553-4771-8f33-65662448ae88', 0, 0, 1, 0, 'Sra. Bárbara Campos', 0);
INSERT IGNORE INTO AspNetUsers (Id, UserName, NormalizedUserName, Email, NormalizedEmail, EmailConfirmed, PasswordHash, SecurityStamp, ConcurrencyStamp, PhoneNumberConfirmed, TwoFactorEnabled, LockoutEnabled, AccessFailedCount, NomeCompleto, SenhaTemporaria) VALUES ('a2a83bd3-9d4c-494d-b779-edfa480af11d', 'morador35_433@condosmart.com', 'MORADOR35_433@CONDOSMART.COM', 'morador35_433@condosmart.com', 'MORADOR35_433@CONDOSMART.COM', 1, 'AQAAAAIAAYagAAAAEEDrpQezEqI+EXHmYQG4vdJLA9oO9lZfBT/9Bd+mH1oPYhgpC5sAKTOMsOABo5w6xA==', 'AF89F184-838F-46F2-9C2F-474B873040EC', 'fc0ccc0a-c553-4771-8f33-65662448ae88', 0, 0, 1, 0, 'Ana Clara Moraes', 0);
INSERT IGNORE INTO AspNetUsers (Id, UserName, NormalizedUserName, Email, NormalizedEmail, EmailConfirmed, PasswordHash, SecurityStamp, ConcurrencyStamp, PhoneNumberConfirmed, TwoFactorEnabled, LockoutEnabled, AccessFailedCount, NomeCompleto, SenhaTemporaria) VALUES ('0a85856e-bffa-441e-905e-730ca2f3bcf4', 'morador36_577@condosmart.com', 'MORADOR36_577@CONDOSMART.COM', 'morador36_577@condosmart.com', 'MORADOR36_577@CONDOSMART.COM', 1, 'AQAAAAIAAYagAAAAEEDrpQezEqI+EXHmYQG4vdJLA9oO9lZfBT/9Bd+mH1oPYhgpC5sAKTOMsOABo5w6xA==', 'AF89F184-838F-46F2-9C2F-474B873040EC', 'fc0ccc0a-c553-4771-8f33-65662448ae88', 0, 0, 1, 0, 'Luiza Rezende', 0);
INSERT IGNORE INTO AspNetUsers (Id, UserName, NormalizedUserName, Email, NormalizedEmail, EmailConfirmed, PasswordHash, SecurityStamp, ConcurrencyStamp, PhoneNumberConfirmed, TwoFactorEnabled, LockoutEnabled, AccessFailedCount, NomeCompleto, SenhaTemporaria) VALUES ('3b0557d1-bc93-4bad-bf90-caf9649bd6df', 'morador37_197@condosmart.com', 'MORADOR37_197@CONDOSMART.COM', 'morador37_197@condosmart.com', 'MORADOR37_197@CONDOSMART.COM', 1, 'AQAAAAIAAYagAAAAEEDrpQezEqI+EXHmYQG4vdJLA9oO9lZfBT/9Bd+mH1oPYhgpC5sAKTOMsOABo5w6xA==', 'AF89F184-838F-46F2-9C2F-474B873040EC', 'fc0ccc0a-c553-4771-8f33-65662448ae88', 0, 0, 1, 0, 'Antonella Azevedo', 0);
INSERT IGNORE INTO AspNetUsers (Id, UserName, NormalizedUserName, Email, NormalizedEmail, EmailConfirmed, PasswordHash, SecurityStamp, ConcurrencyStamp, PhoneNumberConfirmed, TwoFactorEnabled, LockoutEnabled, AccessFailedCount, NomeCompleto, SenhaTemporaria) VALUES ('ef2728fe-8f77-4401-8829-f1516244a0f8', 'morador38_573@condosmart.com', 'MORADOR38_573@CONDOSMART.COM', 'morador38_573@condosmart.com', 'MORADOR38_573@CONDOSMART.COM', 1, 'AQAAAAIAAYagAAAAEEDrpQezEqI+EXHmYQG4vdJLA9oO9lZfBT/9Bd+mH1oPYhgpC5sAKTOMsOABo5w6xA==', 'AF89F184-838F-46F2-9C2F-474B873040EC', 'fc0ccc0a-c553-4771-8f33-65662448ae88', 0, 0, 1, 0, 'Alice Lima', 0);
INSERT IGNORE INTO AspNetUsers (Id, UserName, NormalizedUserName, Email, NormalizedEmail, EmailConfirmed, PasswordHash, SecurityStamp, ConcurrencyStamp, PhoneNumberConfirmed, TwoFactorEnabled, LockoutEnabled, AccessFailedCount, NomeCompleto, SenhaTemporaria) VALUES ('0333ea47-6c84-4926-8e41-35d1250d4849', 'morador39_420@condosmart.com', 'MORADOR39_420@CONDOSMART.COM', 'morador39_420@condosmart.com', 'MORADOR39_420@CONDOSMART.COM', 1, 'AQAAAAIAAYagAAAAEEDrpQezEqI+EXHmYQG4vdJLA9oO9lZfBT/9Bd+mH1oPYhgpC5sAKTOMsOABo5w6xA==', 'AF89F184-838F-46F2-9C2F-474B873040EC', 'fc0ccc0a-c553-4771-8f33-65662448ae88', 0, 0, 1, 0, 'Rebeca Barros', 0);
INSERT IGNORE INTO AspNetUsers (Id, UserName, NormalizedUserName, Email, NormalizedEmail, EmailConfirmed, PasswordHash, SecurityStamp, ConcurrencyStamp, PhoneNumberConfirmed, TwoFactorEnabled, LockoutEnabled, AccessFailedCount, NomeCompleto, SenhaTemporaria) VALUES ('25763d97-e6c7-48a4-9dfd-60f65c4f392f', 'morador40_825@condosmart.com', 'MORADOR40_825@CONDOSMART.COM', 'morador40_825@condosmart.com', 'MORADOR40_825@CONDOSMART.COM', 1, 'AQAAAAIAAYagAAAAEEDrpQezEqI+EXHmYQG4vdJLA9oO9lZfBT/9Bd+mH1oPYhgpC5sAKTOMsOABo5w6xA==', 'AF89F184-838F-46F2-9C2F-474B873040EC', 'fc0ccc0a-c553-4771-8f33-65662448ae88', 0, 0, 1, 0, 'Dr. Ravi Ramos', 0);
INSERT IGNORE INTO AspNetUsers (Id, UserName, NormalizedUserName, Email, NormalizedEmail, EmailConfirmed, PasswordHash, SecurityStamp, ConcurrencyStamp, PhoneNumberConfirmed, TwoFactorEnabled, LockoutEnabled, AccessFailedCount, NomeCompleto, SenhaTemporaria) VALUES ('51493a74-842a-4682-82b9-b91cab2161dd', 'morador41_503@condosmart.com', 'MORADOR41_503@CONDOSMART.COM', 'morador41_503@condosmart.com', 'MORADOR41_503@CONDOSMART.COM', 1, 'AQAAAAIAAYagAAAAEEDrpQezEqI+EXHmYQG4vdJLA9oO9lZfBT/9Bd+mH1oPYhgpC5sAKTOMsOABo5w6xA==', 'AF89F184-838F-46F2-9C2F-474B873040EC', 'fc0ccc0a-c553-4771-8f33-65662448ae88', 0, 0, 1, 0, 'Maria Isis Andrade', 0);
INSERT IGNORE INTO AspNetUsers (Id, UserName, NormalizedUserName, Email, NormalizedEmail, EmailConfirmed, PasswordHash, SecurityStamp, ConcurrencyStamp, PhoneNumberConfirmed, TwoFactorEnabled, LockoutEnabled, AccessFailedCount, NomeCompleto, SenhaTemporaria) VALUES ('d5be07d0-cc94-4d7a-a8ee-8624c69a1eb8', 'morador42_371@condosmart.com', 'MORADOR42_371@CONDOSMART.COM', 'morador42_371@condosmart.com', 'MORADOR42_371@CONDOSMART.COM', 1, 'AQAAAAIAAYagAAAAEEDrpQezEqI+EXHmYQG4vdJLA9oO9lZfBT/9Bd+mH1oPYhgpC5sAKTOMsOABo5w6xA==', 'AF89F184-838F-46F2-9C2F-474B873040EC', 'fc0ccc0a-c553-4771-8f33-65662448ae88', 0, 0, 1, 0, 'Anna Liz Caldeira', 0);
INSERT IGNORE INTO AspNetUsers (Id, UserName, NormalizedUserName, Email, NormalizedEmail, EmailConfirmed, PasswordHash, SecurityStamp, ConcurrencyStamp, PhoneNumberConfirmed, TwoFactorEnabled, LockoutEnabled, AccessFailedCount, NomeCompleto, SenhaTemporaria) VALUES ('d44cd953-3d2b-45f2-bad0-d0b5a3f18fd7', 'morador43_893@condosmart.com', 'MORADOR43_893@CONDOSMART.COM', 'morador43_893@condosmart.com', 'MORADOR43_893@CONDOSMART.COM', 1, 'AQAAAAIAAYagAAAAEEDrpQezEqI+EXHmYQG4vdJLA9oO9lZfBT/9Bd+mH1oPYhgpC5sAKTOMsOABo5w6xA==', 'AF89F184-838F-46F2-9C2F-474B873040EC', 'fc0ccc0a-c553-4771-8f33-65662448ae88', 0, 0, 1, 0, 'Rodrigo Sales', 0);
INSERT IGNORE INTO AspNetUsers (Id, UserName, NormalizedUserName, Email, NormalizedEmail, EmailConfirmed, PasswordHash, SecurityStamp, ConcurrencyStamp, PhoneNumberConfirmed, TwoFactorEnabled, LockoutEnabled, AccessFailedCount, NomeCompleto, SenhaTemporaria) VALUES ('3707c88b-0084-495c-bd52-84767fe47b92', 'morador44_955@condosmart.com', 'MORADOR44_955@CONDOSMART.COM', 'morador44_955@condosmart.com', 'MORADOR44_955@CONDOSMART.COM', 1, 'AQAAAAIAAYagAAAAEEDrpQezEqI+EXHmYQG4vdJLA9oO9lZfBT/9Bd+mH1oPYhgpC5sAKTOMsOABo5w6xA==', 'AF89F184-838F-46F2-9C2F-474B873040EC', 'fc0ccc0a-c553-4771-8f33-65662448ae88', 0, 0, 1, 0, 'Sr. Enzo Barbosa', 0);
INSERT IGNORE INTO AspNetUsers (Id, UserName, NormalizedUserName, Email, NormalizedEmail, EmailConfirmed, PasswordHash, SecurityStamp, ConcurrencyStamp, PhoneNumberConfirmed, TwoFactorEnabled, LockoutEnabled, AccessFailedCount, NomeCompleto, SenhaTemporaria) VALUES ('cca62a9b-8af2-4edf-96c3-23e638b83cfd', 'morador45_703@condosmart.com', 'MORADOR45_703@CONDOSMART.COM', 'morador45_703@condosmart.com', 'MORADOR45_703@CONDOSMART.COM', 1, 'AQAAAAIAAYagAAAAEEDrpQezEqI+EXHmYQG4vdJLA9oO9lZfBT/9Bd+mH1oPYhgpC5sAKTOMsOABo5w6xA==', 'AF89F184-838F-46F2-9C2F-474B873040EC', 'fc0ccc0a-c553-4771-8f33-65662448ae88', 0, 0, 1, 0, 'Sra. Emanuelly Peixoto', 0);
INSERT IGNORE INTO AspNetUsers (Id, UserName, NormalizedUserName, Email, NormalizedEmail, EmailConfirmed, PasswordHash, SecurityStamp, ConcurrencyStamp, PhoneNumberConfirmed, TwoFactorEnabled, LockoutEnabled, AccessFailedCount, NomeCompleto, SenhaTemporaria) VALUES ('2df0e41e-5b67-4ea8-b578-c2d49ab5da43', 'morador46_551@condosmart.com', 'MORADOR46_551@CONDOSMART.COM', 'morador46_551@condosmart.com', 'MORADOR46_551@CONDOSMART.COM', 1, 'AQAAAAIAAYagAAAAEEDrpQezEqI+EXHmYQG4vdJLA9oO9lZfBT/9Bd+mH1oPYhgpC5sAKTOMsOABo5w6xA==', 'AF89F184-838F-46F2-9C2F-474B873040EC', 'fc0ccc0a-c553-4771-8f33-65662448ae88', 0, 0, 1, 0, 'Maya Montenegro', 0);
INSERT IGNORE INTO AspNetUsers (Id, UserName, NormalizedUserName, Email, NormalizedEmail, EmailConfirmed, PasswordHash, SecurityStamp, ConcurrencyStamp, PhoneNumberConfirmed, TwoFactorEnabled, LockoutEnabled, AccessFailedCount, NomeCompleto, SenhaTemporaria) VALUES ('4cc4bbbd-60b9-4761-9ecc-5dc8e8e02c0c', 'morador47_215@condosmart.com', 'MORADOR47_215@CONDOSMART.COM', 'morador47_215@condosmart.com', 'MORADOR47_215@CONDOSMART.COM', 1, 'AQAAAAIAAYagAAAAEEDrpQezEqI+EXHmYQG4vdJLA9oO9lZfBT/9Bd+mH1oPYhgpC5sAKTOMsOABo5w6xA==', 'AF89F184-838F-46F2-9C2F-474B873040EC', 'fc0ccc0a-c553-4771-8f33-65662448ae88', 0, 0, 1, 0, 'Srta. Isabela Castro', 0);
INSERT IGNORE INTO AspNetUsers (Id, UserName, NormalizedUserName, Email, NormalizedEmail, EmailConfirmed, PasswordHash, SecurityStamp, ConcurrencyStamp, PhoneNumberConfirmed, TwoFactorEnabled, LockoutEnabled, AccessFailedCount, NomeCompleto, SenhaTemporaria) VALUES ('61f51147-020c-4b49-b6c8-c5527df5bdfc', 'morador48_947@condosmart.com', 'MORADOR48_947@CONDOSMART.COM', 'morador48_947@condosmart.com', 'MORADOR48_947@CONDOSMART.COM', 1, 'AQAAAAIAAYagAAAAEEDrpQezEqI+EXHmYQG4vdJLA9oO9lZfBT/9Bd+mH1oPYhgpC5sAKTOMsOABo5w6xA==', 'AF89F184-838F-46F2-9C2F-474B873040EC', 'fc0ccc0a-c553-4771-8f33-65662448ae88', 0, 0, 1, 0, 'Breno Azevedo', 0);
INSERT IGNORE INTO AspNetUsers (Id, UserName, NormalizedUserName, Email, NormalizedEmail, EmailConfirmed, PasswordHash, SecurityStamp, ConcurrencyStamp, PhoneNumberConfirmed, TwoFactorEnabled, LockoutEnabled, AccessFailedCount, NomeCompleto, SenhaTemporaria) VALUES ('e0bddd5b-0bad-4dde-b1ef-857f7cf2dab2', 'morador49_144@condosmart.com', 'MORADOR49_144@CONDOSMART.COM', 'morador49_144@condosmart.com', 'MORADOR49_144@CONDOSMART.COM', 1, 'AQAAAAIAAYagAAAAEEDrpQezEqI+EXHmYQG4vdJLA9oO9lZfBT/9Bd+mH1oPYhgpC5sAKTOMsOABo5w6xA==', 'AF89F184-838F-46F2-9C2F-474B873040EC', 'fc0ccc0a-c553-4771-8f33-65662448ae88', 0, 0, 1, 0, 'Apollo Rocha', 0);
INSERT IGNORE INTO AspNetUsers (Id, UserName, NormalizedUserName, Email, NormalizedEmail, EmailConfirmed, PasswordHash, SecurityStamp, ConcurrencyStamp, PhoneNumberConfirmed, TwoFactorEnabled, LockoutEnabled, AccessFailedCount, NomeCompleto, SenhaTemporaria) VALUES ('76cd2f4a-2623-4c24-8ec2-226987b671a1', 'morador50_378@condosmart.com', 'MORADOR50_378@CONDOSMART.COM', 'morador50_378@condosmart.com', 'MORADOR50_378@CONDOSMART.COM', 1, 'AQAAAAIAAYagAAAAEEDrpQezEqI+EXHmYQG4vdJLA9oO9lZfBT/9Bd+mH1oPYhgpC5sAKTOMsOABo5w6xA==', 'AF89F184-838F-46F2-9C2F-474B873040EC', 'fc0ccc0a-c553-4771-8f33-65662448ae88', 0, 0, 1, 0, 'Rael da Conceição', 0);
INSERT IGNORE INTO AspNetUsers (Id, UserName, NormalizedUserName, Email, NormalizedEmail, EmailConfirmed, PasswordHash, SecurityStamp, ConcurrencyStamp, PhoneNumberConfirmed, TwoFactorEnabled, LockoutEnabled, AccessFailedCount, NomeCompleto, SenhaTemporaria) VALUES ('e02b7a6f-24f5-4216-ae8f-33a0ff0f685f', 'morador51_430@condosmart.com', 'MORADOR51_430@CONDOSMART.COM', 'morador51_430@condosmart.com', 'MORADOR51_430@CONDOSMART.COM', 1, 'AQAAAAIAAYagAAAAEEDrpQezEqI+EXHmYQG4vdJLA9oO9lZfBT/9Bd+mH1oPYhgpC5sAKTOMsOABo5w6xA==', 'AF89F184-838F-46F2-9C2F-474B873040EC', 'fc0ccc0a-c553-4771-8f33-65662448ae88', 0, 0, 1, 0, 'Srta. Ana Lívia Aparecida', 0);
INSERT IGNORE INTO AspNetUsers (Id, UserName, NormalizedUserName, Email, NormalizedEmail, EmailConfirmed, PasswordHash, SecurityStamp, ConcurrencyStamp, PhoneNumberConfirmed, TwoFactorEnabled, LockoutEnabled, AccessFailedCount, NomeCompleto, SenhaTemporaria) VALUES ('c118173f-bd28-4fe0-a364-a0e0eafe2311', 'morador52_257@condosmart.com', 'MORADOR52_257@CONDOSMART.COM', 'morador52_257@condosmart.com', 'MORADOR52_257@CONDOSMART.COM', 1, 'AQAAAAIAAYagAAAAEEDrpQezEqI+EXHmYQG4vdJLA9oO9lZfBT/9Bd+mH1oPYhgpC5sAKTOMsOABo5w6xA==', 'AF89F184-838F-46F2-9C2F-474B873040EC', 'fc0ccc0a-c553-4771-8f33-65662448ae88', 0, 0, 1, 0, 'Brayan Vargas', 0);
INSERT IGNORE INTO AspNetUsers (Id, UserName, NormalizedUserName, Email, NormalizedEmail, EmailConfirmed, PasswordHash, SecurityStamp, ConcurrencyStamp, PhoneNumberConfirmed, TwoFactorEnabled, LockoutEnabled, AccessFailedCount, NomeCompleto, SenhaTemporaria) VALUES ('fee7e367-5919-41e9-8798-98f06ed0c607', 'morador53_740@condosmart.com', 'MORADOR53_740@CONDOSMART.COM', 'morador53_740@condosmart.com', 'MORADOR53_740@CONDOSMART.COM', 1, 'AQAAAAIAAYagAAAAEEDrpQezEqI+EXHmYQG4vdJLA9oO9lZfBT/9Bd+mH1oPYhgpC5sAKTOMsOABo5w6xA==', 'AF89F184-838F-46F2-9C2F-474B873040EC', 'fc0ccc0a-c553-4771-8f33-65662448ae88', 0, 0, 1, 0, 'Lucas Lima', 0);
INSERT IGNORE INTO AspNetUsers (Id, UserName, NormalizedUserName, Email, NormalizedEmail, EmailConfirmed, PasswordHash, SecurityStamp, ConcurrencyStamp, PhoneNumberConfirmed, TwoFactorEnabled, LockoutEnabled, AccessFailedCount, NomeCompleto, SenhaTemporaria) VALUES ('709178f8-ab6e-434e-ab3d-d98efb0f7ac8', 'morador54_242@condosmart.com', 'MORADOR54_242@CONDOSMART.COM', 'morador54_242@condosmart.com', 'MORADOR54_242@CONDOSMART.COM', 1, 'AQAAAAIAAYagAAAAEEDrpQezEqI+EXHmYQG4vdJLA9oO9lZfBT/9Bd+mH1oPYhgpC5sAKTOMsOABo5w6xA==', 'AF89F184-838F-46F2-9C2F-474B873040EC', 'fc0ccc0a-c553-4771-8f33-65662448ae88', 0, 0, 1, 0, 'Caio Montenegro', 0);
INSERT IGNORE INTO AspNetUsers (Id, UserName, NormalizedUserName, Email, NormalizedEmail, EmailConfirmed, PasswordHash, SecurityStamp, ConcurrencyStamp, PhoneNumberConfirmed, TwoFactorEnabled, LockoutEnabled, AccessFailedCount, NomeCompleto, SenhaTemporaria) VALUES ('287c8f93-0ea7-4fc2-92ac-abf555e497a0', 'morador55_942@condosmart.com', 'MORADOR55_942@CONDOSMART.COM', 'morador55_942@condosmart.com', 'MORADOR55_942@CONDOSMART.COM', 1, 'AQAAAAIAAYagAAAAEEDrpQezEqI+EXHmYQG4vdJLA9oO9lZfBT/9Bd+mH1oPYhgpC5sAKTOMsOABo5w6xA==', 'AF89F184-838F-46F2-9C2F-474B873040EC', 'fc0ccc0a-c553-4771-8f33-65662448ae88', 0, 0, 1, 0, 'Pietra das Neves', 0);
INSERT IGNORE INTO AspNetUsers (Id, UserName, NormalizedUserName, Email, NormalizedEmail, EmailConfirmed, PasswordHash, SecurityStamp, ConcurrencyStamp, PhoneNumberConfirmed, TwoFactorEnabled, LockoutEnabled, AccessFailedCount, NomeCompleto, SenhaTemporaria) VALUES ('f328f189-39d9-4466-99df-542bb21d4c22', 'morador56_113@condosmart.com', 'MORADOR56_113@CONDOSMART.COM', 'morador56_113@condosmart.com', 'MORADOR56_113@CONDOSMART.COM', 1, 'AQAAAAIAAYagAAAAEEDrpQezEqI+EXHmYQG4vdJLA9oO9lZfBT/9Bd+mH1oPYhgpC5sAKTOMsOABo5w6xA==', 'AF89F184-838F-46F2-9C2F-474B873040EC', 'fc0ccc0a-c553-4771-8f33-65662448ae88', 0, 0, 1, 0, 'Mariah Pacheco', 0);
INSERT IGNORE INTO AspNetUsers (Id, UserName, NormalizedUserName, Email, NormalizedEmail, EmailConfirmed, PasswordHash, SecurityStamp, ConcurrencyStamp, PhoneNumberConfirmed, TwoFactorEnabled, LockoutEnabled, AccessFailedCount, NomeCompleto, SenhaTemporaria) VALUES ('28ee33f3-66f6-49c1-aed3-f0b3033c25fa', 'morador57_951@condosmart.com', 'MORADOR57_951@CONDOSMART.COM', 'morador57_951@condosmart.com', 'MORADOR57_951@CONDOSMART.COM', 1, 'AQAAAAIAAYagAAAAEEDrpQezEqI+EXHmYQG4vdJLA9oO9lZfBT/9Bd+mH1oPYhgpC5sAKTOMsOABo5w6xA==', 'AF89F184-838F-46F2-9C2F-474B873040EC', 'fc0ccc0a-c553-4771-8f33-65662448ae88', 0, 0, 1, 0, 'Sabrina Azevedo', 0);
INSERT IGNORE INTO AspNetUsers (Id, UserName, NormalizedUserName, Email, NormalizedEmail, EmailConfirmed, PasswordHash, SecurityStamp, ConcurrencyStamp, PhoneNumberConfirmed, TwoFactorEnabled, LockoutEnabled, AccessFailedCount, NomeCompleto, SenhaTemporaria) VALUES ('61b23322-d5e9-41e2-be6f-35e29fc78b0d', 'morador58_568@condosmart.com', 'MORADOR58_568@CONDOSMART.COM', 'morador58_568@condosmart.com', 'MORADOR58_568@CONDOSMART.COM', 1, 'AQAAAAIAAYagAAAAEEDrpQezEqI+EXHmYQG4vdJLA9oO9lZfBT/9Bd+mH1oPYhgpC5sAKTOMsOABo5w6xA==', 'AF89F184-838F-46F2-9C2F-474B873040EC', 'fc0ccc0a-c553-4771-8f33-65662448ae88', 0, 0, 1, 0, 'Levi Guerra', 0);
INSERT IGNORE INTO AspNetUsers (Id, UserName, NormalizedUserName, Email, NormalizedEmail, EmailConfirmed, PasswordHash, SecurityStamp, ConcurrencyStamp, PhoneNumberConfirmed, TwoFactorEnabled, LockoutEnabled, AccessFailedCount, NomeCompleto, SenhaTemporaria) VALUES ('add72d16-61c3-4a34-811f-5149cc6e77d5', 'morador59_640@condosmart.com', 'MORADOR59_640@CONDOSMART.COM', 'morador59_640@condosmart.com', 'MORADOR59_640@CONDOSMART.COM', 1, 'AQAAAAIAAYagAAAAEEDrpQezEqI+EXHmYQG4vdJLA9oO9lZfBT/9Bd+mH1oPYhgpC5sAKTOMsOABo5w6xA==', 'AF89F184-838F-46F2-9C2F-474B873040EC', 'fc0ccc0a-c553-4771-8f33-65662448ae88', 0, 0, 1, 0, 'Sr. Samuel Andrade', 0);
INSERT IGNORE INTO AspNetUsers (Id, UserName, NormalizedUserName, Email, NormalizedEmail, EmailConfirmed, PasswordHash, SecurityStamp, ConcurrencyStamp, PhoneNumberConfirmed, TwoFactorEnabled, LockoutEnabled, AccessFailedCount, NomeCompleto, SenhaTemporaria) VALUES ('a11abe17-541c-4616-a93a-bd1e7f0b6d0f', 'morador60_517@condosmart.com', 'MORADOR60_517@CONDOSMART.COM', 'morador60_517@condosmart.com', 'MORADOR60_517@CONDOSMART.COM', 1, 'AQAAAAIAAYagAAAAEEDrpQezEqI+EXHmYQG4vdJLA9oO9lZfBT/9Bd+mH1oPYhgpC5sAKTOMsOABo5w6xA==', 'AF89F184-838F-46F2-9C2F-474B873040EC', 'fc0ccc0a-c553-4771-8f33-65662448ae88', 0, 0, 1, 0, 'Luigi Costela', 0);
INSERT IGNORE INTO AspNetUsers (Id, UserName, NormalizedUserName, Email, NormalizedEmail, EmailConfirmed, PasswordHash, SecurityStamp, ConcurrencyStamp, PhoneNumberConfirmed, TwoFactorEnabled, LockoutEnabled, AccessFailedCount, NomeCompleto, SenhaTemporaria) VALUES ('0e619f2c-617b-4fc2-8559-5ed80c8a2f3a', 'morador61_529@condosmart.com', 'MORADOR61_529@CONDOSMART.COM', 'morador61_529@condosmart.com', 'MORADOR61_529@CONDOSMART.COM', 1, 'AQAAAAIAAYagAAAAEEDrpQezEqI+EXHmYQG4vdJLA9oO9lZfBT/9Bd+mH1oPYhgpC5sAKTOMsOABo5w6xA==', 'AF89F184-838F-46F2-9C2F-474B873040EC', 'fc0ccc0a-c553-4771-8f33-65662448ae88', 0, 0, 1, 0, 'João Vitor Fonseca', 0);
INSERT IGNORE INTO AspNetUsers (Id, UserName, NormalizedUserName, Email, NormalizedEmail, EmailConfirmed, PasswordHash, SecurityStamp, ConcurrencyStamp, PhoneNumberConfirmed, TwoFactorEnabled, LockoutEnabled, AccessFailedCount, NomeCompleto, SenhaTemporaria) VALUES ('468225ef-401d-4684-ab52-92054ed5b0c5', 'morador62_938@condosmart.com', 'MORADOR62_938@CONDOSMART.COM', 'morador62_938@condosmart.com', 'MORADOR62_938@CONDOSMART.COM', 1, 'AQAAAAIAAYagAAAAEEDrpQezEqI+EXHmYQG4vdJLA9oO9lZfBT/9Bd+mH1oPYhgpC5sAKTOMsOABo5w6xA==', 'AF89F184-838F-46F2-9C2F-474B873040EC', 'fc0ccc0a-c553-4771-8f33-65662448ae88', 0, 0, 1, 0, 'Lucas Gabriel Correia', 0);
INSERT IGNORE INTO AspNetUsers (Id, UserName, NormalizedUserName, Email, NormalizedEmail, EmailConfirmed, PasswordHash, SecurityStamp, ConcurrencyStamp, PhoneNumberConfirmed, TwoFactorEnabled, LockoutEnabled, AccessFailedCount, NomeCompleto, SenhaTemporaria) VALUES ('d24ba8ae-9228-4869-8187-c9c2a2ec11ad', 'morador63_690@condosmart.com', 'MORADOR63_690@CONDOSMART.COM', 'morador63_690@condosmart.com', 'MORADOR63_690@CONDOSMART.COM', 1, 'AQAAAAIAAYagAAAAEEDrpQezEqI+EXHmYQG4vdJLA9oO9lZfBT/9Bd+mH1oPYhgpC5sAKTOMsOABo5w6xA==', 'AF89F184-838F-46F2-9C2F-474B873040EC', 'fc0ccc0a-c553-4771-8f33-65662448ae88', 0, 0, 1, 0, 'Theodoro Alves', 0);
INSERT IGNORE INTO AspNetUsers (Id, UserName, NormalizedUserName, Email, NormalizedEmail, EmailConfirmed, PasswordHash, SecurityStamp, ConcurrencyStamp, PhoneNumberConfirmed, TwoFactorEnabled, LockoutEnabled, AccessFailedCount, NomeCompleto, SenhaTemporaria) VALUES ('686249bc-21f4-4ace-8266-9afa3e971ab8', 'morador64_914@condosmart.com', 'MORADOR64_914@CONDOSMART.COM', 'morador64_914@condosmart.com', 'MORADOR64_914@CONDOSMART.COM', 1, 'AQAAAAIAAYagAAAAEEDrpQezEqI+EXHmYQG4vdJLA9oO9lZfBT/9Bd+mH1oPYhgpC5sAKTOMsOABo5w6xA==', 'AF89F184-838F-46F2-9C2F-474B873040EC', 'fc0ccc0a-c553-4771-8f33-65662448ae88', 0, 0, 1, 0, 'Maria Alice Mendes', 0);
INSERT IGNORE INTO AspNetUsers (Id, UserName, NormalizedUserName, Email, NormalizedEmail, EmailConfirmed, PasswordHash, SecurityStamp, ConcurrencyStamp, PhoneNumberConfirmed, TwoFactorEnabled, LockoutEnabled, AccessFailedCount, NomeCompleto, SenhaTemporaria) VALUES ('7080d5cf-5840-4e86-b187-20b8348eb6d0', 'morador65_412@condosmart.com', 'MORADOR65_412@CONDOSMART.COM', 'morador65_412@condosmart.com', 'MORADOR65_412@CONDOSMART.COM', 1, 'AQAAAAIAAYagAAAAEEDrpQezEqI+EXHmYQG4vdJLA9oO9lZfBT/9Bd+mH1oPYhgpC5sAKTOMsOABo5w6xA==', 'AF89F184-838F-46F2-9C2F-474B873040EC', 'fc0ccc0a-c553-4771-8f33-65662448ae88', 0, 0, 1, 0, 'Sra. Maria Júlia Marques', 0);
INSERT IGNORE INTO AspNetUsers (Id, UserName, NormalizedUserName, Email, NormalizedEmail, EmailConfirmed, PasswordHash, SecurityStamp, ConcurrencyStamp, PhoneNumberConfirmed, TwoFactorEnabled, LockoutEnabled, AccessFailedCount, NomeCompleto, SenhaTemporaria) VALUES ('25142766-a6ed-44f6-b3c5-a4ed711064be', 'morador66_495@condosmart.com', 'MORADOR66_495@CONDOSMART.COM', 'morador66_495@condosmart.com', 'MORADOR66_495@CONDOSMART.COM', 1, 'AQAAAAIAAYagAAAAEEDrpQezEqI+EXHmYQG4vdJLA9oO9lZfBT/9Bd+mH1oPYhgpC5sAKTOMsOABo5w6xA==', 'AF89F184-838F-46F2-9C2F-474B873040EC', 'fc0ccc0a-c553-4771-8f33-65662448ae88', 0, 0, 1, 0, 'Srta. Lunna Ribeiro', 0);
INSERT IGNORE INTO AspNetUsers (Id, UserName, NormalizedUserName, Email, NormalizedEmail, EmailConfirmed, PasswordHash, SecurityStamp, ConcurrencyStamp, PhoneNumberConfirmed, TwoFactorEnabled, LockoutEnabled, AccessFailedCount, NomeCompleto, SenhaTemporaria) VALUES ('12135fe9-0943-4bbb-b08d-ededadebd5a8', 'morador67_291@condosmart.com', 'MORADOR67_291@CONDOSMART.COM', 'morador67_291@condosmart.com', 'MORADOR67_291@CONDOSMART.COM', 1, 'AQAAAAIAAYagAAAAEEDrpQezEqI+EXHmYQG4vdJLA9oO9lZfBT/9Bd+mH1oPYhgpC5sAKTOMsOABo5w6xA==', 'AF89F184-838F-46F2-9C2F-474B873040EC', 'fc0ccc0a-c553-4771-8f33-65662448ae88', 0, 0, 1, 0, 'Dr. Luiz Otávio Nunes', 0);
INSERT IGNORE INTO AspNetUsers (Id, UserName, NormalizedUserName, Email, NormalizedEmail, EmailConfirmed, PasswordHash, SecurityStamp, ConcurrencyStamp, PhoneNumberConfirmed, TwoFactorEnabled, LockoutEnabled, AccessFailedCount, NomeCompleto, SenhaTemporaria) VALUES ('01f57780-ab97-43fa-9c9f-6967b77fc627', 'morador68_769@condosmart.com', 'MORADOR68_769@CONDOSMART.COM', 'morador68_769@condosmart.com', 'MORADOR68_769@CONDOSMART.COM', 1, 'AQAAAAIAAYagAAAAEEDrpQezEqI+EXHmYQG4vdJLA9oO9lZfBT/9Bd+mH1oPYhgpC5sAKTOMsOABo5w6xA==', 'AF89F184-838F-46F2-9C2F-474B873040EC', 'fc0ccc0a-c553-4771-8f33-65662448ae88', 0, 0, 1, 0, 'Gabriela Abreu', 0);
INSERT IGNORE INTO AspNetUsers (Id, UserName, NormalizedUserName, Email, NormalizedEmail, EmailConfirmed, PasswordHash, SecurityStamp, ConcurrencyStamp, PhoneNumberConfirmed, TwoFactorEnabled, LockoutEnabled, AccessFailedCount, NomeCompleto, SenhaTemporaria) VALUES ('320c07a7-3248-4a72-bd3c-2bbd85567031', 'morador69_234@condosmart.com', 'MORADOR69_234@CONDOSMART.COM', 'morador69_234@condosmart.com', 'MORADOR69_234@CONDOSMART.COM', 1, 'AQAAAAIAAYagAAAAEEDrpQezEqI+EXHmYQG4vdJLA9oO9lZfBT/9Bd+mH1oPYhgpC5sAKTOMsOABo5w6xA==', 'AF89F184-838F-46F2-9C2F-474B873040EC', 'fc0ccc0a-c553-4771-8f33-65662448ae88', 0, 0, 1, 0, 'Maria Isis da Cunha', 0);
INSERT IGNORE INTO AspNetUsers (Id, UserName, NormalizedUserName, Email, NormalizedEmail, EmailConfirmed, PasswordHash, SecurityStamp, ConcurrencyStamp, PhoneNumberConfirmed, TwoFactorEnabled, LockoutEnabled, AccessFailedCount, NomeCompleto, SenhaTemporaria) VALUES ('7962e425-6147-48a5-9223-4f1da52e0556', 'morador70_808@condosmart.com', 'MORADOR70_808@CONDOSMART.COM', 'morador70_808@condosmart.com', 'MORADOR70_808@CONDOSMART.COM', 1, 'AQAAAAIAAYagAAAAEEDrpQezEqI+EXHmYQG4vdJLA9oO9lZfBT/9Bd+mH1oPYhgpC5sAKTOMsOABo5w6xA==', 'AF89F184-838F-46F2-9C2F-474B873040EC', 'fc0ccc0a-c553-4771-8f33-65662448ae88', 0, 0, 1, 0, 'Melissa da Luz', 0);
INSERT IGNORE INTO AspNetUsers (Id, UserName, NormalizedUserName, Email, NormalizedEmail, EmailConfirmed, PasswordHash, SecurityStamp, ConcurrencyStamp, PhoneNumberConfirmed, TwoFactorEnabled, LockoutEnabled, AccessFailedCount, NomeCompleto, SenhaTemporaria) VALUES ('1b1927f6-93b9-41e1-92b3-c50850da69f7', 'morador71_154@condosmart.com', 'MORADOR71_154@CONDOSMART.COM', 'morador71_154@condosmart.com', 'MORADOR71_154@CONDOSMART.COM', 1, 'AQAAAAIAAYagAAAAEEDrpQezEqI+EXHmYQG4vdJLA9oO9lZfBT/9Bd+mH1oPYhgpC5sAKTOMsOABo5w6xA==', 'AF89F184-838F-46F2-9C2F-474B873040EC', 'fc0ccc0a-c553-4771-8f33-65662448ae88', 0, 0, 1, 0, 'João Gabriel Castro', 0);
INSERT IGNORE INTO AspNetUsers (Id, UserName, NormalizedUserName, Email, NormalizedEmail, EmailConfirmed, PasswordHash, SecurityStamp, ConcurrencyStamp, PhoneNumberConfirmed, TwoFactorEnabled, LockoutEnabled, AccessFailedCount, NomeCompleto, SenhaTemporaria) VALUES ('172f6ed9-2763-438d-9146-0559d913736b', 'morador72_713@condosmart.com', 'MORADOR72_713@CONDOSMART.COM', 'morador72_713@condosmart.com', 'MORADOR72_713@CONDOSMART.COM', 1, 'AQAAAAIAAYagAAAAEEDrpQezEqI+EXHmYQG4vdJLA9oO9lZfBT/9Bd+mH1oPYhgpC5sAKTOMsOABo5w6xA==', 'AF89F184-838F-46F2-9C2F-474B873040EC', 'fc0ccc0a-c553-4771-8f33-65662448ae88', 0, 0, 1, 0, 'Sr. Matheus Oliveira', 0);
INSERT IGNORE INTO AspNetUsers (Id, UserName, NormalizedUserName, Email, NormalizedEmail, EmailConfirmed, PasswordHash, SecurityStamp, ConcurrencyStamp, PhoneNumberConfirmed, TwoFactorEnabled, LockoutEnabled, AccessFailedCount, NomeCompleto, SenhaTemporaria) VALUES ('92ef945e-af70-45a7-ba78-60af27032946', 'morador73_618@condosmart.com', 'MORADOR73_618@CONDOSMART.COM', 'morador73_618@condosmart.com', 'MORADOR73_618@CONDOSMART.COM', 1, 'AQAAAAIAAYagAAAAEEDrpQezEqI+EXHmYQG4vdJLA9oO9lZfBT/9Bd+mH1oPYhgpC5sAKTOMsOABo5w6xA==', 'AF89F184-838F-46F2-9C2F-474B873040EC', 'fc0ccc0a-c553-4771-8f33-65662448ae88', 0, 0, 1, 0, 'Apollo Leão', 0);
INSERT IGNORE INTO AspNetUsers (Id, UserName, NormalizedUserName, Email, NormalizedEmail, EmailConfirmed, PasswordHash, SecurityStamp, ConcurrencyStamp, PhoneNumberConfirmed, TwoFactorEnabled, LockoutEnabled, AccessFailedCount, NomeCompleto, SenhaTemporaria) VALUES ('2b8ab41e-2e6c-4fef-b368-cc2284e7233a', 'morador74_412@condosmart.com', 'MORADOR74_412@CONDOSMART.COM', 'morador74_412@condosmart.com', 'MORADOR74_412@CONDOSMART.COM', 1, 'AQAAAAIAAYagAAAAEEDrpQezEqI+EXHmYQG4vdJLA9oO9lZfBT/9Bd+mH1oPYhgpC5sAKTOMsOABo5w6xA==', 'AF89F184-838F-46F2-9C2F-474B873040EC', 'fc0ccc0a-c553-4771-8f33-65662448ae88', 0, 0, 1, 0, 'Daniel Pacheco', 0);
INSERT IGNORE INTO AspNetUsers (Id, UserName, NormalizedUserName, Email, NormalizedEmail, EmailConfirmed, PasswordHash, SecurityStamp, ConcurrencyStamp, PhoneNumberConfirmed, TwoFactorEnabled, LockoutEnabled, AccessFailedCount, NomeCompleto, SenhaTemporaria) VALUES ('784e01c0-a2a7-40c1-add5-ac23040c74c6', 'morador75_306@condosmart.com', 'MORADOR75_306@CONDOSMART.COM', 'morador75_306@condosmart.com', 'MORADOR75_306@CONDOSMART.COM', 1, 'AQAAAAIAAYagAAAAEEDrpQezEqI+EXHmYQG4vdJLA9oO9lZfBT/9Bd+mH1oPYhgpC5sAKTOMsOABo5w6xA==', 'AF89F184-838F-46F2-9C2F-474B873040EC', 'fc0ccc0a-c553-4771-8f33-65662448ae88', 0, 0, 1, 0, 'Nina Casa Grande', 0);
INSERT IGNORE INTO AspNetUsers (Id, UserName, NormalizedUserName, Email, NormalizedEmail, EmailConfirmed, PasswordHash, SecurityStamp, ConcurrencyStamp, PhoneNumberConfirmed, TwoFactorEnabled, LockoutEnabled, AccessFailedCount, NomeCompleto, SenhaTemporaria) VALUES ('8cf9690d-e327-4cad-854a-0f392f8926d0', 'morador76_458@condosmart.com', 'MORADOR76_458@CONDOSMART.COM', 'morador76_458@condosmart.com', 'MORADOR76_458@CONDOSMART.COM', 1, 'AQAAAAIAAYagAAAAEEDrpQezEqI+EXHmYQG4vdJLA9oO9lZfBT/9Bd+mH1oPYhgpC5sAKTOMsOABo5w6xA==', 'AF89F184-838F-46F2-9C2F-474B873040EC', 'fc0ccc0a-c553-4771-8f33-65662448ae88', 0, 0, 1, 0, 'Ana Clara Dias', 0);
INSERT IGNORE INTO AspNetUsers (Id, UserName, NormalizedUserName, Email, NormalizedEmail, EmailConfirmed, PasswordHash, SecurityStamp, ConcurrencyStamp, PhoneNumberConfirmed, TwoFactorEnabled, LockoutEnabled, AccessFailedCount, NomeCompleto, SenhaTemporaria) VALUES ('da72f3db-1057-4119-b20c-f5291678e4b7', 'morador77_218@condosmart.com', 'MORADOR77_218@CONDOSMART.COM', 'morador77_218@condosmart.com', 'MORADOR77_218@CONDOSMART.COM', 1, 'AQAAAAIAAYagAAAAEEDrpQezEqI+EXHmYQG4vdJLA9oO9lZfBT/9Bd+mH1oPYhgpC5sAKTOMsOABo5w6xA==', 'AF89F184-838F-46F2-9C2F-474B873040EC', 'fc0ccc0a-c553-4771-8f33-65662448ae88', 0, 0, 1, 0, 'Sra. Melissa da Rocha', 0);
INSERT IGNORE INTO AspNetUsers (Id, UserName, NormalizedUserName, Email, NormalizedEmail, EmailConfirmed, PasswordHash, SecurityStamp, ConcurrencyStamp, PhoneNumberConfirmed, TwoFactorEnabled, LockoutEnabled, AccessFailedCount, NomeCompleto, SenhaTemporaria) VALUES ('7262b70e-2c46-48ef-8165-2d293b092fd7', 'morador78_422@condosmart.com', 'MORADOR78_422@CONDOSMART.COM', 'morador78_422@condosmart.com', 'MORADOR78_422@CONDOSMART.COM', 1, 'AQAAAAIAAYagAAAAEEDrpQezEqI+EXHmYQG4vdJLA9oO9lZfBT/9Bd+mH1oPYhgpC5sAKTOMsOABo5w6xA==', 'AF89F184-838F-46F2-9C2F-474B873040EC', 'fc0ccc0a-c553-4771-8f33-65662448ae88', 0, 0, 1, 0, 'Maria Clara da Costa', 0);
INSERT IGNORE INTO AspNetUsers (Id, UserName, NormalizedUserName, Email, NormalizedEmail, EmailConfirmed, PasswordHash, SecurityStamp, ConcurrencyStamp, PhoneNumberConfirmed, TwoFactorEnabled, LockoutEnabled, AccessFailedCount, NomeCompleto, SenhaTemporaria) VALUES ('c2830a72-12dd-473d-910e-4038d99c6f36', 'morador79_723@condosmart.com', 'MORADOR79_723@CONDOSMART.COM', 'morador79_723@condosmart.com', 'MORADOR79_723@CONDOSMART.COM', 1, 'AQAAAAIAAYagAAAAEEDrpQezEqI+EXHmYQG4vdJLA9oO9lZfBT/9Bd+mH1oPYhgpC5sAKTOMsOABo5w6xA==', 'AF89F184-838F-46F2-9C2F-474B873040EC', 'fc0ccc0a-c553-4771-8f33-65662448ae88', 0, 0, 1, 0, 'Enzo Gabriel Leão', 0);
INSERT IGNORE INTO AspNetUsers (Id, UserName, NormalizedUserName, Email, NormalizedEmail, EmailConfirmed, PasswordHash, SecurityStamp, ConcurrencyStamp, PhoneNumberConfirmed, TwoFactorEnabled, LockoutEnabled, AccessFailedCount, NomeCompleto, SenhaTemporaria) VALUES ('e8b9ef9b-311e-4d4c-9ca6-dffff5338793', 'morador80_654@condosmart.com', 'MORADOR80_654@CONDOSMART.COM', 'morador80_654@condosmart.com', 'MORADOR80_654@CONDOSMART.COM', 1, 'AQAAAAIAAYagAAAAEEDrpQezEqI+EXHmYQG4vdJLA9oO9lZfBT/9Bd+mH1oPYhgpC5sAKTOMsOABo5w6xA==', 'AF89F184-838F-46F2-9C2F-474B873040EC', 'fc0ccc0a-c553-4771-8f33-65662448ae88', 0, 0, 1, 0, 'Nicolas Correia', 0);
INSERT IGNORE INTO AspNetUsers (Id, UserName, NormalizedUserName, Email, NormalizedEmail, EmailConfirmed, PasswordHash, SecurityStamp, ConcurrencyStamp, PhoneNumberConfirmed, TwoFactorEnabled, LockoutEnabled, AccessFailedCount, NomeCompleto, SenhaTemporaria) VALUES ('08790026-3e5c-4e8e-b897-4d0f3d646c29', 'morador81_302@condosmart.com', 'MORADOR81_302@CONDOSMART.COM', 'morador81_302@condosmart.com', 'MORADOR81_302@CONDOSMART.COM', 1, 'AQAAAAIAAYagAAAAEEDrpQezEqI+EXHmYQG4vdJLA9oO9lZfBT/9Bd+mH1oPYhgpC5sAKTOMsOABo5w6xA==', 'AF89F184-838F-46F2-9C2F-474B873040EC', 'fc0ccc0a-c553-4771-8f33-65662448ae88', 0, 0, 1, 0, 'Luna Vargas', 0);
INSERT IGNORE INTO AspNetUsers (Id, UserName, NormalizedUserName, Email, NormalizedEmail, EmailConfirmed, PasswordHash, SecurityStamp, ConcurrencyStamp, PhoneNumberConfirmed, TwoFactorEnabled, LockoutEnabled, AccessFailedCount, NomeCompleto, SenhaTemporaria) VALUES ('2abc0772-a213-49c3-a466-ca430f34736a', 'morador82_982@condosmart.com', 'MORADOR82_982@CONDOSMART.COM', 'morador82_982@condosmart.com', 'MORADOR82_982@CONDOSMART.COM', 1, 'AQAAAAIAAYagAAAAEEDrpQezEqI+EXHmYQG4vdJLA9oO9lZfBT/9Bd+mH1oPYhgpC5sAKTOMsOABo5w6xA==', 'AF89F184-838F-46F2-9C2F-474B873040EC', 'fc0ccc0a-c553-4771-8f33-65662448ae88', 0, 0, 1, 0, 'Samuel das Neves', 0);
INSERT IGNORE INTO AspNetUsers (Id, UserName, NormalizedUserName, Email, NormalizedEmail, EmailConfirmed, PasswordHash, SecurityStamp, ConcurrencyStamp, PhoneNumberConfirmed, TwoFactorEnabled, LockoutEnabled, AccessFailedCount, NomeCompleto, SenhaTemporaria) VALUES ('c13a8d8a-7e7a-4672-970b-12c661f7321a', 'morador83_124@condosmart.com', 'MORADOR83_124@CONDOSMART.COM', 'morador83_124@condosmart.com', 'MORADOR83_124@CONDOSMART.COM', 1, 'AQAAAAIAAYagAAAAEEDrpQezEqI+EXHmYQG4vdJLA9oO9lZfBT/9Bd+mH1oPYhgpC5sAKTOMsOABo5w6xA==', 'AF89F184-838F-46F2-9C2F-474B873040EC', 'fc0ccc0a-c553-4771-8f33-65662448ae88', 0, 0, 1, 0, 'Valentim Vargas', 0);
INSERT IGNORE INTO AspNetUsers (Id, UserName, NormalizedUserName, Email, NormalizedEmail, EmailConfirmed, PasswordHash, SecurityStamp, ConcurrencyStamp, PhoneNumberConfirmed, TwoFactorEnabled, LockoutEnabled, AccessFailedCount, NomeCompleto, SenhaTemporaria) VALUES ('8bb41967-d6f3-4e8f-9bfc-51e40b51991a', 'morador84_460@condosmart.com', 'MORADOR84_460@CONDOSMART.COM', 'morador84_460@condosmart.com', 'MORADOR84_460@CONDOSMART.COM', 1, 'AQAAAAIAAYagAAAAEEDrpQezEqI+EXHmYQG4vdJLA9oO9lZfBT/9Bd+mH1oPYhgpC5sAKTOMsOABo5w6xA==', 'AF89F184-838F-46F2-9C2F-474B873040EC', 'fc0ccc0a-c553-4771-8f33-65662448ae88', 0, 0, 1, 0, 'Ravi Andrade', 0);
INSERT IGNORE INTO AspNetUsers (Id, UserName, NormalizedUserName, Email, NormalizedEmail, EmailConfirmed, PasswordHash, SecurityStamp, ConcurrencyStamp, PhoneNumberConfirmed, TwoFactorEnabled, LockoutEnabled, AccessFailedCount, NomeCompleto, SenhaTemporaria) VALUES ('d94fca7e-67b5-4734-929b-cf806009aeb3', 'morador85_335@condosmart.com', 'MORADOR85_335@CONDOSMART.COM', 'morador85_335@condosmart.com', 'MORADOR85_335@CONDOSMART.COM', 1, 'AQAAAAIAAYagAAAAEEDrpQezEqI+EXHmYQG4vdJLA9oO9lZfBT/9Bd+mH1oPYhgpC5sAKTOMsOABo5w6xA==', 'AF89F184-838F-46F2-9C2F-474B873040EC', 'fc0ccc0a-c553-4771-8f33-65662448ae88', 0, 0, 1, 0, 'Maria Luísa Garcia', 0);
INSERT IGNORE INTO AspNetUsers (Id, UserName, NormalizedUserName, Email, NormalizedEmail, EmailConfirmed, PasswordHash, SecurityStamp, ConcurrencyStamp, PhoneNumberConfirmed, TwoFactorEnabled, LockoutEnabled, AccessFailedCount, NomeCompleto, SenhaTemporaria) VALUES ('e731c7b9-b5bc-48dd-ac1f-59afe0003af6', 'morador86_690@condosmart.com', 'MORADOR86_690@CONDOSMART.COM', 'morador86_690@condosmart.com', 'MORADOR86_690@CONDOSMART.COM', 1, 'AQAAAAIAAYagAAAAEEDrpQezEqI+EXHmYQG4vdJLA9oO9lZfBT/9Bd+mH1oPYhgpC5sAKTOMsOABo5w6xA==', 'AF89F184-838F-46F2-9C2F-474B873040EC', 'fc0ccc0a-c553-4771-8f33-65662448ae88', 0, 0, 1, 0, 'Bernardo Pereira', 0);
INSERT IGNORE INTO AspNetUsers (Id, UserName, NormalizedUserName, Email, NormalizedEmail, EmailConfirmed, PasswordHash, SecurityStamp, ConcurrencyStamp, PhoneNumberConfirmed, TwoFactorEnabled, LockoutEnabled, AccessFailedCount, NomeCompleto, SenhaTemporaria) VALUES ('06f6d17c-aab2-45d1-814c-2468ea14d1f2', 'morador87_105@condosmart.com', 'MORADOR87_105@CONDOSMART.COM', 'morador87_105@condosmart.com', 'MORADOR87_105@CONDOSMART.COM', 1, 'AQAAAAIAAYagAAAAEEDrpQezEqI+EXHmYQG4vdJLA9oO9lZfBT/9Bd+mH1oPYhgpC5sAKTOMsOABo5w6xA==', 'AF89F184-838F-46F2-9C2F-474B873040EC', 'fc0ccc0a-c553-4771-8f33-65662448ae88', 0, 0, 1, 0, 'Hadassa Lopes', 0);
INSERT IGNORE INTO AspNetUsers (Id, UserName, NormalizedUserName, Email, NormalizedEmail, EmailConfirmed, PasswordHash, SecurityStamp, ConcurrencyStamp, PhoneNumberConfirmed, TwoFactorEnabled, LockoutEnabled, AccessFailedCount, NomeCompleto, SenhaTemporaria) VALUES ('bb37fe75-a35d-4d8b-b2e5-e2450a692d07', 'morador88_978@condosmart.com', 'MORADOR88_978@CONDOSMART.COM', 'morador88_978@condosmart.com', 'MORADOR88_978@CONDOSMART.COM', 1, 'AQAAAAIAAYagAAAAEEDrpQezEqI+EXHmYQG4vdJLA9oO9lZfBT/9Bd+mH1oPYhgpC5sAKTOMsOABo5w6xA==', 'AF89F184-838F-46F2-9C2F-474B873040EC', 'fc0ccc0a-c553-4771-8f33-65662448ae88', 0, 0, 1, 0, 'Stephany Sousa', 0);
INSERT IGNORE INTO AspNetUsers (Id, UserName, NormalizedUserName, Email, NormalizedEmail, EmailConfirmed, PasswordHash, SecurityStamp, ConcurrencyStamp, PhoneNumberConfirmed, TwoFactorEnabled, LockoutEnabled, AccessFailedCount, NomeCompleto, SenhaTemporaria) VALUES ('1a165a3f-b390-478f-bb63-6ff21bbdccfe', 'morador89_826@condosmart.com', 'MORADOR89_826@CONDOSMART.COM', 'morador89_826@condosmart.com', 'MORADOR89_826@CONDOSMART.COM', 1, 'AQAAAAIAAYagAAAAEEDrpQezEqI+EXHmYQG4vdJLA9oO9lZfBT/9Bd+mH1oPYhgpC5sAKTOMsOABo5w6xA==', 'AF89F184-838F-46F2-9C2F-474B873040EC', 'fc0ccc0a-c553-4771-8f33-65662448ae88', 0, 0, 1, 0, 'Sr. Thomas Pimenta', 0);
INSERT IGNORE INTO AspNetUsers (Id, UserName, NormalizedUserName, Email, NormalizedEmail, EmailConfirmed, PasswordHash, SecurityStamp, ConcurrencyStamp, PhoneNumberConfirmed, TwoFactorEnabled, LockoutEnabled, AccessFailedCount, NomeCompleto, SenhaTemporaria) VALUES ('f7db2b4e-6f4f-4a0d-8f59-40386c8e59e2', 'porteiro0_627@condosmart.com', 'PORTEIRO0_627@CONDOSMART.COM', 'porteiro0_627@condosmart.com', 'PORTEIRO0_627@CONDOSMART.COM', 1, 'AQAAAAIAAYagAAAAEEDrpQezEqI+EXHmYQG4vdJLA9oO9lZfBT/9Bd+mH1oPYhgpC5sAKTOMsOABo5w6xA==', 'AF89F184-838F-46F2-9C2F-474B873040EC', 'fc0ccc0a-c553-4771-8f33-65662448ae88', 0, 0, 1, 0, 'Sr. Matheus Casa Grande', 0);
INSERT IGNORE INTO AspNetUsers (Id, UserName, NormalizedUserName, Email, NormalizedEmail, EmailConfirmed, PasswordHash, SecurityStamp, ConcurrencyStamp, PhoneNumberConfirmed, TwoFactorEnabled, LockoutEnabled, AccessFailedCount, NomeCompleto, SenhaTemporaria) VALUES ('5a261cda-d446-4e09-a8bc-7e8af3a31c17', 'porteiro1_472@condosmart.com', 'PORTEIRO1_472@CONDOSMART.COM', 'porteiro1_472@condosmart.com', 'PORTEIRO1_472@CONDOSMART.COM', 1, 'AQAAAAIAAYagAAAAEEDrpQezEqI+EXHmYQG4vdJLA9oO9lZfBT/9Bd+mH1oPYhgpC5sAKTOMsOABo5w6xA==', 'AF89F184-838F-46F2-9C2F-474B873040EC', 'fc0ccc0a-c553-4771-8f33-65662448ae88', 0, 0, 1, 0, 'João Pedro Viana', 0);
INSERT IGNORE INTO AspNetUsers (Id, UserName, NormalizedUserName, Email, NormalizedEmail, EmailConfirmed, PasswordHash, SecurityStamp, ConcurrencyStamp, PhoneNumberConfirmed, TwoFactorEnabled, LockoutEnabled, AccessFailedCount, NomeCompleto, SenhaTemporaria) VALUES ('048fae34-2b56-4718-b276-8cec93947b59', 'porteiro2_692@condosmart.com', 'PORTEIRO2_692@CONDOSMART.COM', 'porteiro2_692@condosmart.com', 'PORTEIRO2_692@CONDOSMART.COM', 1, 'AQAAAAIAAYagAAAAEEDrpQezEqI+EXHmYQG4vdJLA9oO9lZfBT/9Bd+mH1oPYhgpC5sAKTOMsOABo5w6xA==', 'AF89F184-838F-46F2-9C2F-474B873040EC', 'fc0ccc0a-c553-4771-8f33-65662448ae88', 0, 0, 1, 0, 'Lunna Rezende', 0);
INSERT IGNORE INTO AspNetUsers (Id, UserName, NormalizedUserName, Email, NormalizedEmail, EmailConfirmed, PasswordHash, SecurityStamp, ConcurrencyStamp, PhoneNumberConfirmed, TwoFactorEnabled, LockoutEnabled, AccessFailedCount, NomeCompleto, SenhaTemporaria) VALUES ('280fca87-5d14-4543-aff3-c11366de72cb', 'porteiro3_539@condosmart.com', 'PORTEIRO3_539@CONDOSMART.COM', 'porteiro3_539@condosmart.com', 'PORTEIRO3_539@CONDOSMART.COM', 1, 'AQAAAAIAAYagAAAAEEDrpQezEqI+EXHmYQG4vdJLA9oO9lZfBT/9Bd+mH1oPYhgpC5sAKTOMsOABo5w6xA==', 'AF89F184-838F-46F2-9C2F-474B873040EC', 'fc0ccc0a-c553-4771-8f33-65662448ae88', 0, 0, 1, 0, 'Maysa Cavalcante', 0);
INSERT IGNORE INTO AspNetUsers (Id, UserName, NormalizedUserName, Email, NormalizedEmail, EmailConfirmed, PasswordHash, SecurityStamp, ConcurrencyStamp, PhoneNumberConfirmed, TwoFactorEnabled, LockoutEnabled, AccessFailedCount, NomeCompleto, SenhaTemporaria) VALUES ('4822e42d-2c37-44d8-9fa5-13a4d980791a', 'porteiro4_125@condosmart.com', 'PORTEIRO4_125@CONDOSMART.COM', 'porteiro4_125@condosmart.com', 'PORTEIRO4_125@CONDOSMART.COM', 1, 'AQAAAAIAAYagAAAAEEDrpQezEqI+EXHmYQG4vdJLA9oO9lZfBT/9Bd+mH1oPYhgpC5sAKTOMsOABo5w6xA==', 'AF89F184-838F-46F2-9C2F-474B873040EC', 'fc0ccc0a-c553-4771-8f33-65662448ae88', 0, 0, 1, 0, 'Antony da Cunha', 0);
INSERT IGNORE INTO AspNetUsers (Id, UserName, NormalizedUserName, Email, NormalizedEmail, EmailConfirmed, PasswordHash, SecurityStamp, ConcurrencyStamp, PhoneNumberConfirmed, TwoFactorEnabled, LockoutEnabled, AccessFailedCount, NomeCompleto, SenhaTemporaria) VALUES ('ff495de6-267c-4b7b-861a-8849ff523994', 'porteiro5_290@condosmart.com', 'PORTEIRO5_290@CONDOSMART.COM', 'porteiro5_290@condosmart.com', 'PORTEIRO5_290@CONDOSMART.COM', 1, 'AQAAAAIAAYagAAAAEEDrpQezEqI+EXHmYQG4vdJLA9oO9lZfBT/9Bd+mH1oPYhgpC5sAKTOMsOABo5w6xA==', 'AF89F184-838F-46F2-9C2F-474B873040EC', 'fc0ccc0a-c553-4771-8f33-65662448ae88', 0, 0, 1, 0, 'Leonardo Cardoso', 0);
INSERT IGNORE INTO AspNetUserRoles (UserId, RoleId) SELECT '30531860-0614-42fe-8d7b-e68cc9a450f3', Id FROM AspNetRoles WHERE NormalizedName = 'ADMIN';
INSERT IGNORE INTO AspNetUserRoles (UserId, RoleId) SELECT '0712ca6c-aa56-4dca-a86b-00b2f148be0b', Id FROM AspNetRoles WHERE NormalizedName = 'ADMIN';
INSERT IGNORE INTO AspNetUserRoles (UserId, RoleId) SELECT '36cd162d-76b8-4900-995a-0e1cbf3bfc05', Id FROM AspNetRoles WHERE NormalizedName = 'ADMIN';
INSERT IGNORE INTO AspNetUserRoles (UserId, RoleId) SELECT '9ca35c5d-6eee-49bd-8924-f2db421447e1', Id FROM AspNetRoles WHERE NormalizedName = 'MORADOR';
INSERT IGNORE INTO AspNetUserRoles (UserId, RoleId) SELECT '10f5176d-5d53-4279-8cec-b724166c06c1', Id FROM AspNetRoles WHERE NormalizedName = 'MORADOR';
INSERT IGNORE INTO AspNetUserRoles (UserId, RoleId) SELECT '08c2e921-1914-45d2-b017-42e04ef64497', Id FROM AspNetRoles WHERE NormalizedName = 'MORADOR';
INSERT IGNORE INTO AspNetUserRoles (UserId, RoleId) SELECT '8d552336-3190-44f3-8e81-cdaea55d4da8', Id FROM AspNetRoles WHERE NormalizedName = 'MORADOR';
INSERT IGNORE INTO AspNetUserRoles (UserId, RoleId) SELECT 'ee738fc1-e897-44bc-af0f-61e2c3121a87', Id FROM AspNetRoles WHERE NormalizedName = 'MORADOR';
INSERT IGNORE INTO AspNetUserRoles (UserId, RoleId) SELECT 'ff53b205-bb56-4003-a9b4-6346d863aa1c', Id FROM AspNetRoles WHERE NormalizedName = 'MORADOR';
INSERT IGNORE INTO AspNetUserRoles (UserId, RoleId) SELECT '29d4aeea-be0f-47d1-a729-d7e71b051ffa', Id FROM AspNetRoles WHERE NormalizedName = 'MORADOR';
INSERT IGNORE INTO AspNetUserRoles (UserId, RoleId) SELECT 'edd11e4d-dd76-47da-9031-3b2af42a84c7', Id FROM AspNetRoles WHERE NormalizedName = 'MORADOR';
INSERT IGNORE INTO AspNetUserRoles (UserId, RoleId) SELECT 'f3c46955-2414-43c9-9a2d-8266cb933ee7', Id FROM AspNetRoles WHERE NormalizedName = 'MORADOR';
INSERT IGNORE INTO AspNetUserRoles (UserId, RoleId) SELECT '983d26e3-0351-491f-92af-4f328c725661', Id FROM AspNetRoles WHERE NormalizedName = 'MORADOR';
INSERT IGNORE INTO AspNetUserRoles (UserId, RoleId) SELECT 'bc558db4-23fc-455a-bf91-a6e23924a8e4', Id FROM AspNetRoles WHERE NormalizedName = 'MORADOR';
INSERT IGNORE INTO AspNetUserRoles (UserId, RoleId) SELECT '849c6e81-81b5-475b-bddd-0860d4e31b12', Id FROM AspNetRoles WHERE NormalizedName = 'MORADOR';
INSERT IGNORE INTO AspNetUserRoles (UserId, RoleId) SELECT 'a0c07b63-6612-4440-8136-895009d04ee6', Id FROM AspNetRoles WHERE NormalizedName = 'MORADOR';
INSERT IGNORE INTO AspNetUserRoles (UserId, RoleId) SELECT 'ebec84ab-5f05-481c-90e2-686bf47e7305', Id FROM AspNetRoles WHERE NormalizedName = 'MORADOR';
INSERT IGNORE INTO AspNetUserRoles (UserId, RoleId) SELECT 'e3e47796-d3bb-45df-aeed-4fb9373ec80e', Id FROM AspNetRoles WHERE NormalizedName = 'MORADOR';
INSERT IGNORE INTO AspNetUserRoles (UserId, RoleId) SELECT 'd4623aa2-f18b-49a5-842e-6af88fcddc35', Id FROM AspNetRoles WHERE NormalizedName = 'MORADOR';
INSERT IGNORE INTO AspNetUserRoles (UserId, RoleId) SELECT '2c3098ef-603f-403c-aa7c-323620bb23e0', Id FROM AspNetRoles WHERE NormalizedName = 'MORADOR';
INSERT IGNORE INTO AspNetUserRoles (UserId, RoleId) SELECT '76c312e0-0759-477f-a1e8-bdb699caa766', Id FROM AspNetRoles WHERE NormalizedName = 'MORADOR';
INSERT IGNORE INTO AspNetUserRoles (UserId, RoleId) SELECT 'e9c36f74-7e4b-45c7-a276-1c8bfe70fe56', Id FROM AspNetRoles WHERE NormalizedName = 'MORADOR';
INSERT IGNORE INTO AspNetUserRoles (UserId, RoleId) SELECT '42643686-cf96-420c-ae75-da277f5e1fe8', Id FROM AspNetRoles WHERE NormalizedName = 'MORADOR';
INSERT IGNORE INTO AspNetUserRoles (UserId, RoleId) SELECT '8ae3cd3f-6e80-433f-8e7a-ab5cce695a99', Id FROM AspNetRoles WHERE NormalizedName = 'MORADOR';
INSERT IGNORE INTO AspNetUserRoles (UserId, RoleId) SELECT '830d2f1e-ca93-4ca1-9519-dc032440ff4a', Id FROM AspNetRoles WHERE NormalizedName = 'MORADOR';
INSERT IGNORE INTO AspNetUserRoles (UserId, RoleId) SELECT '662b2653-8e8f-41fc-9b34-510cc4780a00', Id FROM AspNetRoles WHERE NormalizedName = 'MORADOR';
INSERT IGNORE INTO AspNetUserRoles (UserId, RoleId) SELECT 'b7409c44-00c4-4c9e-a434-dc127de6abde', Id FROM AspNetRoles WHERE NormalizedName = 'MORADOR';
INSERT IGNORE INTO AspNetUserRoles (UserId, RoleId) SELECT 'fbdaf981-62d8-4066-982c-407b0970ad4c', Id FROM AspNetRoles WHERE NormalizedName = 'MORADOR';
INSERT IGNORE INTO AspNetUserRoles (UserId, RoleId) SELECT '3ad64803-c0bf-428f-a05c-1fd257876fc9', Id FROM AspNetRoles WHERE NormalizedName = 'MORADOR';
INSERT IGNORE INTO AspNetUserRoles (UserId, RoleId) SELECT 'b36017c5-5533-40e6-8d14-1c69d2e6009b', Id FROM AspNetRoles WHERE NormalizedName = 'MORADOR';
INSERT IGNORE INTO AspNetUserRoles (UserId, RoleId) SELECT '3c359609-6a06-4909-95fc-d226c51b84fc', Id FROM AspNetRoles WHERE NormalizedName = 'MORADOR';
INSERT IGNORE INTO AspNetUserRoles (UserId, RoleId) SELECT 'ecd58513-87e5-4b8f-8afa-e3e04d445027', Id FROM AspNetRoles WHERE NormalizedName = 'MORADOR';
INSERT IGNORE INTO AspNetUserRoles (UserId, RoleId) SELECT 'ad787f3b-e17f-4f77-90f1-2b45b5a04565', Id FROM AspNetRoles WHERE NormalizedName = 'MORADOR';
INSERT IGNORE INTO AspNetUserRoles (UserId, RoleId) SELECT '5253a798-f1f3-463a-86b9-5aefcf44858d', Id FROM AspNetRoles WHERE NormalizedName = 'MORADOR';
INSERT IGNORE INTO AspNetUserRoles (UserId, RoleId) SELECT 'ed7417b3-2d56-4901-bbde-ea6f77d8fbb5', Id FROM AspNetRoles WHERE NormalizedName = 'MORADOR';
INSERT IGNORE INTO AspNetUserRoles (UserId, RoleId) SELECT '3177fe01-1d2e-4b75-ae0c-72996a0becb5', Id FROM AspNetRoles WHERE NormalizedName = 'MORADOR';
INSERT IGNORE INTO AspNetUserRoles (UserId, RoleId) SELECT 'c34706f4-8572-4357-b59c-0c350875b2a0', Id FROM AspNetRoles WHERE NormalizedName = 'MORADOR';
INSERT IGNORE INTO AspNetUserRoles (UserId, RoleId) SELECT '8c2696e2-682c-4ba3-9980-ac89bd9b297c', Id FROM AspNetRoles WHERE NormalizedName = 'MORADOR';
INSERT IGNORE INTO AspNetUserRoles (UserId, RoleId) SELECT 'a2a83bd3-9d4c-494d-b779-edfa480af11d', Id FROM AspNetRoles WHERE NormalizedName = 'MORADOR';
INSERT IGNORE INTO AspNetUserRoles (UserId, RoleId) SELECT '0a85856e-bffa-441e-905e-730ca2f3bcf4', Id FROM AspNetRoles WHERE NormalizedName = 'MORADOR';
INSERT IGNORE INTO AspNetUserRoles (UserId, RoleId) SELECT '3b0557d1-bc93-4bad-bf90-caf9649bd6df', Id FROM AspNetRoles WHERE NormalizedName = 'MORADOR';
INSERT IGNORE INTO AspNetUserRoles (UserId, RoleId) SELECT 'ef2728fe-8f77-4401-8829-f1516244a0f8', Id FROM AspNetRoles WHERE NormalizedName = 'MORADOR';
INSERT IGNORE INTO AspNetUserRoles (UserId, RoleId) SELECT '0333ea47-6c84-4926-8e41-35d1250d4849', Id FROM AspNetRoles WHERE NormalizedName = 'MORADOR';
INSERT IGNORE INTO AspNetUserRoles (UserId, RoleId) SELECT '25763d97-e6c7-48a4-9dfd-60f65c4f392f', Id FROM AspNetRoles WHERE NormalizedName = 'MORADOR';
INSERT IGNORE INTO AspNetUserRoles (UserId, RoleId) SELECT '51493a74-842a-4682-82b9-b91cab2161dd', Id FROM AspNetRoles WHERE NormalizedName = 'MORADOR';
INSERT IGNORE INTO AspNetUserRoles (UserId, RoleId) SELECT 'd5be07d0-cc94-4d7a-a8ee-8624c69a1eb8', Id FROM AspNetRoles WHERE NormalizedName = 'MORADOR';
INSERT IGNORE INTO AspNetUserRoles (UserId, RoleId) SELECT 'd44cd953-3d2b-45f2-bad0-d0b5a3f18fd7', Id FROM AspNetRoles WHERE NormalizedName = 'MORADOR';
INSERT IGNORE INTO AspNetUserRoles (UserId, RoleId) SELECT '3707c88b-0084-495c-bd52-84767fe47b92', Id FROM AspNetRoles WHERE NormalizedName = 'MORADOR';
INSERT IGNORE INTO AspNetUserRoles (UserId, RoleId) SELECT 'cca62a9b-8af2-4edf-96c3-23e638b83cfd', Id FROM AspNetRoles WHERE NormalizedName = 'MORADOR';
INSERT IGNORE INTO AspNetUserRoles (UserId, RoleId) SELECT '2df0e41e-5b67-4ea8-b578-c2d49ab5da43', Id FROM AspNetRoles WHERE NormalizedName = 'MORADOR';
INSERT IGNORE INTO AspNetUserRoles (UserId, RoleId) SELECT '4cc4bbbd-60b9-4761-9ecc-5dc8e8e02c0c', Id FROM AspNetRoles WHERE NormalizedName = 'MORADOR';
INSERT IGNORE INTO AspNetUserRoles (UserId, RoleId) SELECT '61f51147-020c-4b49-b6c8-c5527df5bdfc', Id FROM AspNetRoles WHERE NormalizedName = 'MORADOR';
INSERT IGNORE INTO AspNetUserRoles (UserId, RoleId) SELECT 'e0bddd5b-0bad-4dde-b1ef-857f7cf2dab2', Id FROM AspNetRoles WHERE NormalizedName = 'MORADOR';
INSERT IGNORE INTO AspNetUserRoles (UserId, RoleId) SELECT '76cd2f4a-2623-4c24-8ec2-226987b671a1', Id FROM AspNetRoles WHERE NormalizedName = 'MORADOR';
INSERT IGNORE INTO AspNetUserRoles (UserId, RoleId) SELECT 'e02b7a6f-24f5-4216-ae8f-33a0ff0f685f', Id FROM AspNetRoles WHERE NormalizedName = 'MORADOR';
INSERT IGNORE INTO AspNetUserRoles (UserId, RoleId) SELECT 'c118173f-bd28-4fe0-a364-a0e0eafe2311', Id FROM AspNetRoles WHERE NormalizedName = 'MORADOR';
INSERT IGNORE INTO AspNetUserRoles (UserId, RoleId) SELECT 'fee7e367-5919-41e9-8798-98f06ed0c607', Id FROM AspNetRoles WHERE NormalizedName = 'MORADOR';
INSERT IGNORE INTO AspNetUserRoles (UserId, RoleId) SELECT '709178f8-ab6e-434e-ab3d-d98efb0f7ac8', Id FROM AspNetRoles WHERE NormalizedName = 'MORADOR';
INSERT IGNORE INTO AspNetUserRoles (UserId, RoleId) SELECT '287c8f93-0ea7-4fc2-92ac-abf555e497a0', Id FROM AspNetRoles WHERE NormalizedName = 'MORADOR';
INSERT IGNORE INTO AspNetUserRoles (UserId, RoleId) SELECT 'f328f189-39d9-4466-99df-542bb21d4c22', Id FROM AspNetRoles WHERE NormalizedName = 'MORADOR';
INSERT IGNORE INTO AspNetUserRoles (UserId, RoleId) SELECT '28ee33f3-66f6-49c1-aed3-f0b3033c25fa', Id FROM AspNetRoles WHERE NormalizedName = 'MORADOR';
INSERT IGNORE INTO AspNetUserRoles (UserId, RoleId) SELECT '61b23322-d5e9-41e2-be6f-35e29fc78b0d', Id FROM AspNetRoles WHERE NormalizedName = 'MORADOR';
INSERT IGNORE INTO AspNetUserRoles (UserId, RoleId) SELECT 'add72d16-61c3-4a34-811f-5149cc6e77d5', Id FROM AspNetRoles WHERE NormalizedName = 'MORADOR';
INSERT IGNORE INTO AspNetUserRoles (UserId, RoleId) SELECT 'a11abe17-541c-4616-a93a-bd1e7f0b6d0f', Id FROM AspNetRoles WHERE NormalizedName = 'MORADOR';
INSERT IGNORE INTO AspNetUserRoles (UserId, RoleId) SELECT '0e619f2c-617b-4fc2-8559-5ed80c8a2f3a', Id FROM AspNetRoles WHERE NormalizedName = 'MORADOR';
INSERT IGNORE INTO AspNetUserRoles (UserId, RoleId) SELECT '468225ef-401d-4684-ab52-92054ed5b0c5', Id FROM AspNetRoles WHERE NormalizedName = 'MORADOR';
INSERT IGNORE INTO AspNetUserRoles (UserId, RoleId) SELECT 'd24ba8ae-9228-4869-8187-c9c2a2ec11ad', Id FROM AspNetRoles WHERE NormalizedName = 'MORADOR';
INSERT IGNORE INTO AspNetUserRoles (UserId, RoleId) SELECT '686249bc-21f4-4ace-8266-9afa3e971ab8', Id FROM AspNetRoles WHERE NormalizedName = 'MORADOR';
INSERT IGNORE INTO AspNetUserRoles (UserId, RoleId) SELECT '7080d5cf-5840-4e86-b187-20b8348eb6d0', Id FROM AspNetRoles WHERE NormalizedName = 'MORADOR';
INSERT IGNORE INTO AspNetUserRoles (UserId, RoleId) SELECT '25142766-a6ed-44f6-b3c5-a4ed711064be', Id FROM AspNetRoles WHERE NormalizedName = 'MORADOR';
INSERT IGNORE INTO AspNetUserRoles (UserId, RoleId) SELECT '12135fe9-0943-4bbb-b08d-ededadebd5a8', Id FROM AspNetRoles WHERE NormalizedName = 'MORADOR';
INSERT IGNORE INTO AspNetUserRoles (UserId, RoleId) SELECT '01f57780-ab97-43fa-9c9f-6967b77fc627', Id FROM AspNetRoles WHERE NormalizedName = 'MORADOR';
INSERT IGNORE INTO AspNetUserRoles (UserId, RoleId) SELECT '320c07a7-3248-4a72-bd3c-2bbd85567031', Id FROM AspNetRoles WHERE NormalizedName = 'MORADOR';
INSERT IGNORE INTO AspNetUserRoles (UserId, RoleId) SELECT '7962e425-6147-48a5-9223-4f1da52e0556', Id FROM AspNetRoles WHERE NormalizedName = 'MORADOR';
INSERT IGNORE INTO AspNetUserRoles (UserId, RoleId) SELECT '1b1927f6-93b9-41e1-92b3-c50850da69f7', Id FROM AspNetRoles WHERE NormalizedName = 'MORADOR';
INSERT IGNORE INTO AspNetUserRoles (UserId, RoleId) SELECT '172f6ed9-2763-438d-9146-0559d913736b', Id FROM AspNetRoles WHERE NormalizedName = 'MORADOR';
INSERT IGNORE INTO AspNetUserRoles (UserId, RoleId) SELECT '92ef945e-af70-45a7-ba78-60af27032946', Id FROM AspNetRoles WHERE NormalizedName = 'MORADOR';
INSERT IGNORE INTO AspNetUserRoles (UserId, RoleId) SELECT '2b8ab41e-2e6c-4fef-b368-cc2284e7233a', Id FROM AspNetRoles WHERE NormalizedName = 'MORADOR';
INSERT IGNORE INTO AspNetUserRoles (UserId, RoleId) SELECT '784e01c0-a2a7-40c1-add5-ac23040c74c6', Id FROM AspNetRoles WHERE NormalizedName = 'MORADOR';
INSERT IGNORE INTO AspNetUserRoles (UserId, RoleId) SELECT '8cf9690d-e327-4cad-854a-0f392f8926d0', Id FROM AspNetRoles WHERE NormalizedName = 'MORADOR';
INSERT IGNORE INTO AspNetUserRoles (UserId, RoleId) SELECT 'da72f3db-1057-4119-b20c-f5291678e4b7', Id FROM AspNetRoles WHERE NormalizedName = 'MORADOR';
INSERT IGNORE INTO AspNetUserRoles (UserId, RoleId) SELECT '7262b70e-2c46-48ef-8165-2d293b092fd7', Id FROM AspNetRoles WHERE NormalizedName = 'MORADOR';
INSERT IGNORE INTO AspNetUserRoles (UserId, RoleId) SELECT 'c2830a72-12dd-473d-910e-4038d99c6f36', Id FROM AspNetRoles WHERE NormalizedName = 'MORADOR';
INSERT IGNORE INTO AspNetUserRoles (UserId, RoleId) SELECT 'e8b9ef9b-311e-4d4c-9ca6-dffff5338793', Id FROM AspNetRoles WHERE NormalizedName = 'MORADOR';
INSERT IGNORE INTO AspNetUserRoles (UserId, RoleId) SELECT '08790026-3e5c-4e8e-b897-4d0f3d646c29', Id FROM AspNetRoles WHERE NormalizedName = 'MORADOR';
INSERT IGNORE INTO AspNetUserRoles (UserId, RoleId) SELECT '2abc0772-a213-49c3-a466-ca430f34736a', Id FROM AspNetRoles WHERE NormalizedName = 'MORADOR';
INSERT IGNORE INTO AspNetUserRoles (UserId, RoleId) SELECT 'c13a8d8a-7e7a-4672-970b-12c661f7321a', Id FROM AspNetRoles WHERE NormalizedName = 'MORADOR';
INSERT IGNORE INTO AspNetUserRoles (UserId, RoleId) SELECT '8bb41967-d6f3-4e8f-9bfc-51e40b51991a', Id FROM AspNetRoles WHERE NormalizedName = 'MORADOR';
INSERT IGNORE INTO AspNetUserRoles (UserId, RoleId) SELECT 'd94fca7e-67b5-4734-929b-cf806009aeb3', Id FROM AspNetRoles WHERE NormalizedName = 'MORADOR';
INSERT IGNORE INTO AspNetUserRoles (UserId, RoleId) SELECT 'e731c7b9-b5bc-48dd-ac1f-59afe0003af6', Id FROM AspNetRoles WHERE NormalizedName = 'MORADOR';
INSERT IGNORE INTO AspNetUserRoles (UserId, RoleId) SELECT '06f6d17c-aab2-45d1-814c-2468ea14d1f2', Id FROM AspNetRoles WHERE NormalizedName = 'MORADOR';
INSERT IGNORE INTO AspNetUserRoles (UserId, RoleId) SELECT 'bb37fe75-a35d-4d8b-b2e5-e2450a692d07', Id FROM AspNetRoles WHERE NormalizedName = 'MORADOR';
INSERT IGNORE INTO AspNetUserRoles (UserId, RoleId) SELECT '1a165a3f-b390-478f-bb63-6ff21bbdccfe', Id FROM AspNetRoles WHERE NormalizedName = 'MORADOR';
INSERT IGNORE INTO AspNetUserRoles (UserId, RoleId) SELECT 'f7db2b4e-6f4f-4a0d-8f59-40386c8e59e2', Id FROM AspNetRoles WHERE NormalizedName = 'PORTEIRO';
INSERT IGNORE INTO AspNetUserRoles (UserId, RoleId) SELECT '5a261cda-d446-4e09-a8bc-7e8af3a31c17', Id FROM AspNetRoles WHERE NormalizedName = 'PORTEIRO';
INSERT IGNORE INTO AspNetUserRoles (UserId, RoleId) SELECT '048fae34-2b56-4718-b276-8cec93947b59', Id FROM AspNetRoles WHERE NormalizedName = 'PORTEIRO';
INSERT IGNORE INTO AspNetUserRoles (UserId, RoleId) SELECT '280fca87-5d14-4543-aff3-c11366de72cb', Id FROM AspNetRoles WHERE NormalizedName = 'PORTEIRO';
INSERT IGNORE INTO AspNetUserRoles (UserId, RoleId) SELECT '4822e42d-2c37-44d8-9fa5-13a4d980791a', Id FROM AspNetRoles WHERE NormalizedName = 'PORTEIRO';
INSERT IGNORE INTO AspNetUserRoles (UserId, RoleId) SELECT 'ff495de6-267c-4b7b-861a-8849ff523994', Id FROM AspNetRoles WHERE NormalizedName = 'PORTEIRO';
INSERT INTO sindicos (id, nome, cpf, email, telefone, rua, numero, complemento, bairro, cidade, uf, cep) VALUES (126941, 'Diego Cirino', '42901376525', 'sindico0_720@condosmart.com', '55819807995', 'Quadra Barros', '6450', 'Casa 2', 'Havaí', 'da Mota', 'AP', '22041001');
INSERT INTO sindicos (id, nome, cpf, email, telefone, rua, numero, complemento, bairro, cidade, uf, cep) VALUES (126942, 'Isabel Casa Grande', '76423815062', 'sindico1_625@condosmart.com', '55819120970', 'Viaduto de Duarte', '4839', 'Fundos', 'Alta Tensão 2ª Seção', 'Macedo', 'AC', '01001000');
INSERT INTO sindicos (id, nome, cpf, email, telefone, rua, numero, complemento, bairro, cidade, uf, cep) VALUES (126943, 'Lorenzo Lima', '76243095800', 'sindico2_603@condosmart.com', '55619767896', 'Feira de Fogaça', '4606', 'Bloco B', 'Nova Floresta', 'Alves de Rodrigues', 'ES', '40020000');

INSERT INTO condominios (id, nome, cnpj, email, telefone, rua, numero, complemento, bairro, cidade, uf, cep, unidades, sindico_id) VALUES (126941, 'Condomínio Souza', '40871925000122', 'davisampaio@cunha.com', '55719528764', 'Rua Vargas', '5305', '', 'Baleia', 'Duarte do Galho', 'SE', '60030001', 96, 126941);
INSERT INTO condominios (id, nome, cnpj, email, telefone, rua, numero, complemento, bairro, cidade, uf, cep, unidades, sindico_id) VALUES (126942, 'Condomínio Monteiro S/A', '36914278000111', 'felipenovaes@cavalcanti.com.br', '55119448890', 'Viela Peixoto', '6106', '', 'Vila São João Batista', 'Monteiro Verde', 'ES', '50030230', 86, 126942);
INSERT INTO condominios (id, nome, cnpj, email, telefone, rua, numero, complemento, bairro, cidade, uf, cep, unidades, sindico_id) VALUES (126943, 'Condomínio Monteiro', '62198407000122', 'nmarques@farias.com.br', '55819055962', 'Jardim Kamilly Cavalcante', '3423', '', 'Confisco', 'Aragão', 'RR', '50030230', 89, 126943);

INSERT INTO area_de_lazer (id, nome, descricao, disponibilidade, condominio_id, sindico_id) VALUES (126941, 'Salão de Festas', 'Mollitia omnis ratione. Odio eius ad debitis. Nobis praesentium autem vero placeat.', 1, 126941, 126941);
INSERT INTO area_de_lazer (id, nome, descricao, disponibilidade, condominio_id, sindico_id) VALUES (126942, 'Salão de Festas', 'Dolor voluptates vitae minus maxime magni. Quos nihil error in.', 1, 126941, 126941);
INSERT INTO area_de_lazer (id, nome, descricao, disponibilidade, condominio_id, sindico_id) VALUES (126943, 'Academia', 'Minima nam quis voluptatum assumenda iusto nobis ab. Non officia inventore consequuntur quam.', 1, 126941, 126941);
INSERT INTO area_de_lazer (id, nome, descricao, disponibilidade, condominio_id, sindico_id) VALUES (126944, 'Salão de Festas', 'Reiciendis tempore accusantium dicta. Aut recusandae laborum quidem velit eaque.', 1, 126941, 126941);
INSERT INTO area_de_lazer (id, nome, descricao, disponibilidade, condominio_id, sindico_id) VALUES (126945, 'Academia', 'Excepturi iure iusto est ut distinctio.', 1, 126941, 126941);
INSERT INTO area_de_lazer (id, nome, descricao, disponibilidade, condominio_id, sindico_id) VALUES (126946, 'Churrasqueira', 'Numquam iste porro quae.', 1, 126942, 126942);
INSERT INTO area_de_lazer (id, nome, descricao, disponibilidade, condominio_id, sindico_id) VALUES (126947, 'Churrasqueira', 'Distinctio nesciunt adipisci. Nemo ex sit alias excepturi corporis.', 1, 126942, 126942);
INSERT INTO area_de_lazer (id, nome, descricao, disponibilidade, condominio_id, sindico_id) VALUES (126948, 'Piscina', 'Doloribus amet iste qui nulla molestiae. Possimus iusto soluta ducimus commodi eius.', 1, 126942, 126942);
INSERT INTO area_de_lazer (id, nome, descricao, disponibilidade, condominio_id, sindico_id) VALUES (126949, 'Quadra', 'Molestias ea minus officiis quam similique. Voluptates harum eos. Corrupti fugiat fugit ratione.', 1, 126942, 126942);
INSERT INTO area_de_lazer (id, nome, descricao, disponibilidade, condominio_id, sindico_id) VALUES (126950, 'Academia', 'Impedit id praesentium facere voluptates.', 1, 126942, 126942);
INSERT INTO area_de_lazer (id, nome, descricao, disponibilidade, condominio_id, sindico_id) VALUES (126951, 'Quadra', 'Laboriosam occaecati dolorem tempora ex. Vel dolores voluptatem architecto deserunt magni.', 1, 126943, 126943);
INSERT INTO area_de_lazer (id, nome, descricao, disponibilidade, condominio_id, sindico_id) VALUES (126952, 'Piscina', 'Blanditiis impedit itaque maiores fugit quaerat. Nisi nobis id ipsum.', 1, 126943, 126943);
INSERT INTO area_de_lazer (id, nome, descricao, disponibilidade, condominio_id, sindico_id) VALUES (126953, 'Salão de Festas', 'Consequuntur laboriosam saepe veniam possimus veritatis. Doloremque iste inventore impedit autem.', 1, 126943, 126943);
INSERT INTO area_de_lazer (id, nome, descricao, disponibilidade, condominio_id, sindico_id) VALUES (126954, 'Piscina', 'Temporibus porro tempora nesciunt aliquid asperiores itaque alias. Ullam corrupti debitis mollitia.', 1, 126943, 126943);
INSERT INTO area_de_lazer (id, nome, descricao, disponibilidade, condominio_id, sindico_id) VALUES (126955, 'Salão de Festas', 'Eaque earum totam. Cupiditate magnam commodi vitae.', 1, 126943, 126943);

INSERT INTO atas (id, titulo, conteudo, temas, data_reuniao, condominio_id, sindico_id) VALUES (126941, 'Dolore cupiditate maiores.', 'Suscipit eius explicabo voluptate earum dolores nihil. Ratione suscipit iure nulla aut. Porro saepe porro voluptates earum labore molestiae.
Blanditiis ullam labore vitae vel. Ipsa dolores voluptatem labore assumenda incidunt a dolorem.
Rerum dicta odio repudiandae corrupti corporis mollitia necessitatibus. Harum porro non suscipit iusto est.
Repudiandae in excepturi deleniti dicta asperiores architecto. Ab voluptatibus repudiandae sit voluptas. Saepe sequi vitae perspiciatis amet autem.', 'Soluta quod magni fugit non quidem.', '2025-08-02 19:46:22', 126941, 126941);
INSERT INTO atas (id, titulo, conteudo, temas, data_reuniao, condominio_id, sindico_id) VALUES (126942, 'Nesciunt cumque.', 'Cum molestias quibusdam modi eaque dolore ea doloribus. Dicta officiis quidem a non pariatur.
Similique deleniti dolores. Sunt laborum modi in quo saepe excepturi. Blanditiis distinctio aperiam temporibus.
Explicabo odit ad autem accusantium fugit. Ullam itaque veniam hic molestias.
Dolorum reiciendis doloribus voluptates sit. Facere fuga odit provident officia.
Dicta exercitationem ut dolorem. Enim nulla natus eum ratione ipsum ipsam. Velit perspiciatis doloribus itaque commodi.', 'Praesentium corrupti temporibus.', '2025-09-13 22:49:13', 126941, 126941);
INSERT INTO atas (id, titulo, conteudo, temas, data_reuniao, condominio_id, sindico_id) VALUES (126943, 'Sed laboriosam quia.', 'Voluptate sequi neque perspiciatis architecto. Modi consequuntur similique mollitia numquam tempore.
Sapiente at sunt deserunt. Hic blanditiis neque architecto sequi neque.
Eius et vero dignissimos. Molestiae iusto minus natus harum. Harum nesciunt eius suscipit veritatis debitis doloremque esse.
Quae veniam dolores odio aspernatur. Incidunt fugit inventore et aspernatur.
Fugit eaque officia nisi excepturi. Perferendis accusamus atque cupiditate non atque. Maiores totam natus placeat itaque.', 'Illum temporibus ut minus repellat.', '2026-04-28 09:12:08', 126941, 126941);
INSERT INTO atas (id, titulo, conteudo, temas, data_reuniao, condominio_id, sindico_id) VALUES (126944, 'Cumque minima.', 'Dolore earum dolores eligendi error architecto quod doloremque. Repellat eveniet culpa repellendus consequuntur.
Unde odit debitis ut qui. Iusto id dolores tempore quaerat sequi omnis at.
Error cupiditate labore cumque maxime in. Laboriosam adipisci laboriosam corrupti officiis et. Esse odio veniam officiis dolorum.
Quos voluptas culpa doloremque hic tenetur velit. Doloribus repudiandae molestiae illum. Non sapiente provident culpa consequatur.', 'Odit distinctio adipisci nesciunt corrupti ab.', '2025-08-07 06:41:26', 126941, 126941);
INSERT INTO atas (id, titulo, conteudo, temas, data_reuniao, condominio_id, sindico_id) VALUES (126945, 'Voluptatem ipsa animi.', 'Laboriosam nihil ipsum nihil modi recusandae. Provident non aspernatur fugiat eos et nobis.
In culpa facilis aperiam illo error saepe.
Voluptas temporibus ex eligendi voluptatem. Quia nulla quos ipsum. Modi quae illum distinctio omnis modi voluptatum natus.
Itaque ducimus dolores quasi hic sapiente cum quisquam. Laudantium consequuntur dignissimos itaque aspernatur in laboriosam.', 'Fugiat consequuntur a.', '2025-12-22 05:24:32', 126941, 126941);
INSERT INTO atas (id, titulo, conteudo, temas, data_reuniao, condominio_id, sindico_id) VALUES (126946, 'Voluptatem minima architecto.', 'Sed magni facere in maxime. Ipsam praesentium odio modi. Ullam ullam consequatur est.
Aliquam veritatis eligendi natus commodi quo voluptatibus. Odio laudantium vitae eius nesciunt autem sapiente. Impedit eius id porro autem.
Dolorem odio eaque qui porro. Temporibus commodi doloribus explicabo.
Exercitationem adipisci possimus dignissimos. Sapiente fugiat natus delectus odio reprehenderit quo. Eius quibusdam ipsum occaecati.', 'Cum maxime sapiente quas.', '2026-01-29 07:36:35', 126942, 126942);
INSERT INTO atas (id, titulo, conteudo, temas, data_reuniao, condominio_id, sindico_id) VALUES (126947, 'Labore ipsum officia.', 'Vitae sit soluta vero deleniti error. Sint voluptas vel doloribus pariatur. Dolore quis mollitia cum cum culpa iusto.
Quos maiores ipsam molestias corporis esse voluptatem. Distinctio ipsum sapiente accusantium asperiores provident. Quas aliquam aliquam recusandae eveniet porro delectus laboriosam.
Explicabo recusandae quis praesentium. Doloribus nisi maxime magnam labore voluptas minima ab. Necessitatibus error libero impedit fugiat maiores animi.
Sapiente voluptatum maxime.', 'Architecto temporibus voluptates ex maiores veniam.', '2025-10-25 18:57:55', 126942, 126942);
INSERT INTO atas (id, titulo, conteudo, temas, data_reuniao, condominio_id, sindico_id) VALUES (126948, 'Perspiciatis explicabo libero.', 'Neque ratione numquam dolores unde accusantium excepturi. Sequi rem corporis hic.
Atque omnis laborum veniam.
Autem aperiam eius distinctio quas voluptate. Veniam explicabo pariatur rerum. Ab libero sit dicta ipsam perspiciatis.
Placeat quibusdam ducimus alias consequuntur deserunt sapiente qui. Expedita dignissimos placeat blanditiis eius.
Dicta sunt tempora earum vitae voluptatibus. Deserunt similique quod totam delectus ab.', 'Voluptas ratione maiores.', '2026-02-19 10:41:47', 126942, 126942);
INSERT INTO atas (id, titulo, conteudo, temas, data_reuniao, condominio_id, sindico_id) VALUES (126949, 'Rem.', 'Iste temporibus enim voluptates laudantium. Facilis deserunt inventore corrupti repudiandae.
Voluptas voluptatum in atque. Magnam illo modi debitis sequi ducimus eligendi eligendi. Nisi occaecati architecto dolores consequuntur magnam quibusdam.
Corporis dolor quidem assumenda nisi voluptatum. Iure vel iure dolore.
Distinctio ad voluptate facere soluta architecto facilis. Dolores explicabo hic ipsa praesentium.', 'Rem numquam praesentium.', '2025-08-08 08:00:18', 126942, 126942);
INSERT INTO atas (id, titulo, conteudo, temas, data_reuniao, condominio_id, sindico_id) VALUES (126950, 'Consequatur placeat rem.', 'Ratione eos quam. Eligendi facilis hic accusamus ex.
Quia facere aut est quis. Ducimus ducimus dicta in vero.
Consequatur at voluptatem beatae numquam deleniti hic. Dolorem reiciendis atque. Impedit tempora aut perferendis sed vitae a.
Dignissimos quibusdam possimus perspiciatis sunt modi commodi. Rem veniam illum atque laudantium.
Similique explicabo aut architecto minima voluptatum. Sed odio fugiat harum deleniti veritatis natus.
Exercitationem quam in laudantium.', 'Numquam ad voluptatum saepe eius.', '2026-01-21 01:41:57', 126942, 126942);
INSERT INTO atas (id, titulo, conteudo, temas, data_reuniao, condominio_id, sindico_id) VALUES (126951, 'Excepturi expedita.', 'Rerum necessitatibus rerum omnis. Facilis nesciunt esse voluptas facilis tempora. Incidunt facilis a non.
Quod aliquam doloremque mollitia. Eius recusandae nemo eius dolores amet.
Occaecati placeat aspernatur delectus dolor ducimus. Quasi perspiciatis perferendis esse illum. Voluptatum cupiditate occaecati est. Quisquam libero adipisci quia iste occaecati perferendis aperiam.', 'Fugiat ab consequatur exercitationem.', '2025-07-21 10:05:03', 126943, 126943);
INSERT INTO atas (id, titulo, conteudo, temas, data_reuniao, condominio_id, sindico_id) VALUES (126952, 'Ad excepturi quia.', 'Eius quis consequatur reprehenderit facilis ut libero. Porro quis necessitatibus inventore.
Commodi consequuntur reprehenderit. Voluptatem facere repudiandae eius.
Dolor atque optio non tempora totam. Quaerat minima est illo tempora temporibus.
Necessitatibus impedit eius sapiente. Harum vel perferendis modi. Pariatur minus cupiditate error assumenda aut nulla labore. Culpa similique quis harum enim.', 'Quaerat impedit quidem.', '2025-05-26 09:39:34', 126943, 126943);
INSERT INTO atas (id, titulo, conteudo, temas, data_reuniao, condominio_id, sindico_id) VALUES (126953, 'Asperiores explicabo.', 'Veritatis quos tenetur asperiores molestias. Laborum eligendi alias assumenda magnam ex veritatis.
Officia nulla minus illo. Natus at repellat non ipsum eaque.
Pariatur soluta totam laudantium et accusamus similique commodi.
Cum iste nihil doloremque quidem quia maiores. Sequi excepturi atque iste quidem repudiandae. Eligendi officia libero unde.', 'Cumque cum tempora soluta qui reprehenderit.', '2025-08-30 19:51:59', 126943, 126943);
INSERT INTO atas (id, titulo, conteudo, temas, data_reuniao, condominio_id, sindico_id) VALUES (126954, 'Velit quibusdam tempore maxime.', 'Quisquam ea deleniti. Quisquam est mollitia accusamus.
Voluptas recusandae quae aut nemo. Eaque accusamus quisquam minima.
Consectetur earum quod optio. Non corporis dolor.
Dolorem illo aspernatur hic perspiciatis illo.
Delectus ut blanditiis eum molestiae iste quos. Incidunt illo explicabo autem dolorem molestias.
Repellat nobis adipisci. Pariatur consequatur eveniet voluptates error quasi dolore. Tempora esse eos.
Nobis modi ut libero id.', 'Id aliquid magnam cum dicta porro.', '2025-10-10 07:39:52', 126943, 126943);
INSERT INTO atas (id, titulo, conteudo, temas, data_reuniao, condominio_id, sindico_id) VALUES (126955, 'Iure animi.', 'Nobis est assumenda debitis est. Eum dolorum harum labore provident explicabo numquam odio. Nesciunt assumenda voluptates porro magni tempore impedit voluptatem.
Dolor nam repellat dolore. Sapiente dolore voluptatibus beatae libero quos delectus.
Dolor nemo iure id quae ducimus corrupti rerum. Dignissimos perspiciatis soluta quidem nemo quo consequuntur explicabo. Molestias fuga recusandae eligendi distinctio ipsam.', 'In exercitationem explicabo debitis accusantium quae.', '2025-05-09 02:15:10', 126943, 126943);

INSERT INTO moradores (id, nome, cpf, rg, email, telefone, rua, numero, complemento, bairro, cidade, uf, cep, condominio_id) VALUES (126941, 'Hellena Nunes', '32156704961', '881533249', 'morador0_124@condosmart.com', '55619159546', 'Distrito André Cavalcanti', '341', 'Bloco B', 'Alta Tensão 1ª Seção', 'Fogaça de Peixoto', 'SE', '40020000', 126941);
INSERT INTO moradores (id, nome, cpf, rg, email, telefone, rua, numero, complemento, bairro, cidade, uf, cep, condominio_id) VALUES (126942, 'Emanuel Fogaça', '76205831490', '389640616', 'morador1_366@condosmart.com', '55619491875', 'Via Henry da Rocha', '273', 'Apto 101', 'Vila Independencia 1ª Seção', 'Moreira de Goiás', 'MA', '40020000', 126941);
INSERT INTO moradores (id, nome, cpf, rg, email, telefone, rua, numero, complemento, bairro, cidade, uf, cep, condominio_id) VALUES (126943, 'Enrico Cunha', '72310846996', '672714485', 'morador2_262@condosmart.com', '55849803318', 'Trecho Kamilly Santos', '433', 'Casa 2', 'Urca', 'da Paz da Serra', 'RN', '01014900', 126941);
INSERT INTO moradores (id, nome, cpf, rg, email, telefone, rua, numero, complemento, bairro, cidade, uf, cep, condominio_id) VALUES (126944, 'Luiza Costa', '60745921876', '978215360', 'morador3_199@condosmart.com', '55619965462', 'Condomínio da Cunha', '372', 'Bloco B', 'Jaraguá', 'Moraes', 'PE', '01415000', 126941);
INSERT INTO moradores (id, nome, cpf, rg, email, telefone, rua, numero, complemento, bairro, cidade, uf, cep, condominio_id) VALUES (126945, 'Yuri Pereira', '52639418700', '116046144', 'morador4_562@condosmart.com', '55819927084', 'Lagoa Ravi Castro', '887', '', 'Túnel De Ibirité', 'da Conceição', 'PA', '20040002', 126941);
INSERT INTO moradores (id, nome, cpf, rg, email, telefone, rua, numero, complemento, bairro, cidade, uf, cep, condominio_id) VALUES (126946, 'Anna Liz Souza', '49361208713', '890908829', 'morador5_106@condosmart.com', '55849464229', 'Favela Moreira', '479', '', 'Taquaril', 'Silva', 'BA', '70040010', 126941);
INSERT INTO moradores (id, nome, cpf, rg, email, telefone, rua, numero, complemento, bairro, cidade, uf, cep, condominio_id) VALUES (126947, 'Apollo Pacheco', '31958724637', '361207800', 'morador6_660@condosmart.com', '55319410189', 'Viela Calebe Alves', '846', 'Apto 101', 'Santo Agostinho', 'Pastor de Goiás', 'SC', '69010000', 126941);
INSERT INTO moradores (id, nome, cpf, rg, email, telefone, rua, numero, complemento, bairro, cidade, uf, cep, condominio_id) VALUES (126948, 'Ian Almeida', '39271486528', '433628234', 'morador7_982@condosmart.com', '55619047328', 'Avenida de Nascimento', '52', 'Apto 101', 'Beija Flor', 'Costa do Campo', 'PB', '04538132', 126941);
INSERT INTO moradores (id, nome, cpf, rg, email, telefone, rua, numero, complemento, bairro, cidade, uf, cep, condominio_id) VALUES (126949, 'Luan Machado', '23419650752', '882073336', 'morador8_869@condosmart.com', '55519501062', 'Viela Luiza Abreu', '552', 'Casa 2', 'Santa Rita', 'Araújo do Galho', 'MT', '22041001', 126941);
INSERT INTO moradores (id, nome, cpf, rg, email, telefone, rua, numero, complemento, bairro, cidade, uf, cep, condominio_id) VALUES (126950, 'Miguel Teixeira', '02618537912', '933889105', 'morador9_802@condosmart.com', '55119802558', 'Conjunto de Pereira', '29', '', 'Marajó', 'Melo', 'AL', '20040002', 126941);
INSERT INTO moradores (id, nome, cpf, rg, email, telefone, rua, numero, complemento, bairro, cidade, uf, cep, condominio_id) VALUES (126951, 'Arthur Gabriel Pastor', '10285763407', '957183760', 'morador10_279@condosmart.com', '55219175869', 'Via de Gomes', '363', 'Bloco B', 'Vila Havaí', 'Pires', 'AC', '90010001', 126941);
INSERT INTO moradores (id, nome, cpf, rg, email, telefone, rua, numero, complemento, bairro, cidade, uf, cep, condominio_id) VALUES (126952, 'Ana Pereira', '15703489288', '116832680', 'morador11_674@condosmart.com', '55319020869', 'Jardim Pinto', '791', 'Apto 101', 'Boa União 1ª Seção', 'das Neves', 'RJ', '01001000', 126941);
INSERT INTO moradores (id, nome, cpf, rg, email, telefone, rua, numero, complemento, bairro, cidade, uf, cep, condominio_id) VALUES (126953, 'Emanuel Correia', '71485096375', '178550819', 'morador12_199@condosmart.com', '55419406025', 'Viela Leão', '809', 'Casa 2', 'São Lucas', 'Vieira', 'AP', '22290240', 126941);
INSERT INTO moradores (id, nome, cpf, rg, email, telefone, rua, numero, complemento, bairro, cidade, uf, cep, condominio_id) VALUES (126954, 'Maria Fernanda da Cunha', '78531062977', '691317339', 'morador13_223@condosmart.com', '55119281339', 'Colônia Rios', '111', 'Bloco B', 'Calafate', 'Freitas do Norte', 'MT', '22041001', 126941);
INSERT INTO moradores (id, nome, cpf, rg, email, telefone, rua, numero, complemento, bairro, cidade, uf, cep, condominio_id) VALUES (126955, 'Sr. Luiz Henrique Novaes', '92845301723', '221877085', 'morador14_959@condosmart.com', '55419366066', 'Loteamento Moraes', '997', 'Apto 101', 'Lagoa', 'Pinto de Goiás', 'AM', '01014900', 126941);
INSERT INTO moradores (id, nome, cpf, rg, email, telefone, rua, numero, complemento, bairro, cidade, uf, cep, condominio_id) VALUES (126956, 'Alícia Andrade', '68520497365', '627868407', 'morador15_680@condosmart.com', '55219551475', 'Lago Bento da Mota', '115', 'Apto 101', 'Canadá', 'Teixeira de Goiás', 'MA', '01310100', 126941);
INSERT INTO moradores (id, nome, cpf, rg, email, telefone, rua, numero, complemento, bairro, cidade, uf, cep, condominio_id) VALUES (126957, 'Leandro da Paz', '53142078932', '140506356', 'morador16_567@condosmart.com', '55619875390', 'Jardim de Mendonça', '879', 'Bloco B', 'Caiçaras', 'Camargo', 'PR', '70040010', 126941);
INSERT INTO moradores (id, nome, cpf, rg, email, telefone, rua, numero, complemento, bairro, cidade, uf, cep, condominio_id) VALUES (126958, 'Ravi Lucca Fernandes', '93046527829', '615121613', 'morador17_642@condosmart.com', '55819647997', 'Estação Dom Sampaio', '782', 'Casa 2', 'Pirineus', 'Souza dos Dourados', 'RJ', '70040010', 126941);
INSERT INTO moradores (id, nome, cpf, rg, email, telefone, rua, numero, complemento, bairro, cidade, uf, cep, condominio_id) VALUES (126959, 'Ana Julia Carvalho', '28431560924', '155624688', 'morador18_446@condosmart.com', '55119753606', 'Estação Fogaça', '323', 'Apto 101', 'Anchieta', 'Sousa dos Dourados', 'GO', '90010001', 126941);
INSERT INTO moradores (id, nome, cpf, rg, email, telefone, rua, numero, complemento, bairro, cidade, uf, cep, condominio_id) VALUES (126960, 'Ana Beatriz Nogueira', '96420817331', '964787524', 'morador19_454@condosmart.com', '55319433681', 'Distrito de Silva', '783', 'Fundos', 'Barão Homem De Melo 1ª Seção', 'Sales', 'MA', '50030230', 126941);
INSERT INTO moradores (id, nome, cpf, rg, email, telefone, rua, numero, complemento, bairro, cidade, uf, cep, condominio_id) VALUES (126961, 'José Miguel Casa Grande', '38792406122', '813934851', 'morador20_953@condosmart.com', '55219763878', 'Esplanada da Rocha', '812', 'Bloco B', 'São Jorge 2ª Seção', 'Moraes Grande', 'PR', '22290240', 126941);
INSERT INTO moradores (id, nome, cpf, rg, email, telefone, rua, numero, complemento, bairro, cidade, uf, cep, condominio_id) VALUES (126962, 'Davi Luiz Barbosa', '53407681984', '559519466', 'morador21_419@condosmart.com', '55849296420', 'Trecho Machado', '336', 'Fundos', 'Alto Barroca', 'Monteiro de Cassiano', 'AL', '60030001', 126941);
INSERT INTO moradores (id, nome, cpf, rg, email, telefone, rua, numero, complemento, bairro, cidade, uf, cep, condominio_id) VALUES (126963, 'Sra. Maria Sophia Silveira', '90824137523', '364278272', 'morador22_520@condosmart.com', '55419573133', 'Largo Noah Camargo', '486', 'Bloco B', 'Cidade Jardim', 'Melo', 'PE', '01310100', 126941);
INSERT INTO moradores (id, nome, cpf, rg, email, telefone, rua, numero, complemento, bairro, cidade, uf, cep, condominio_id) VALUES (126964, 'Arthur Aparecida', '60839714548', '332894787', 'morador23_197@condosmart.com', '55849696483', 'Esplanada Cirino', '264', 'Casa 2', 'Vila Madre Gertrudes 2ª Seção', 'da Conceição', 'SP', '40020000', 126941);
INSERT INTO moradores (id, nome, cpf, rg, email, telefone, rua, numero, complemento, bairro, cidade, uf, cep, condominio_id) VALUES (126965, 'Bárbara Caldeira', '71362954080', '434382311', 'morador24_601@condosmart.com', '55319520218', 'Pátio de Macedo', '283', 'Apto 101', 'Flavio Marques Lisboa', 'Moura dos Dourados', 'MA', '20040002', 126941);
INSERT INTO moradores (id, nome, cpf, rg, email, telefone, rua, numero, complemento, bairro, cidade, uf, cep, condominio_id) VALUES (126966, 'Levi Silveira', '18642095342', '710273825', 'morador25_647@condosmart.com', '55819571650', 'Residencial Ágatha Cunha', '322', '', 'Confisco', 'Gonçalves', 'SC', '01014900', 126941);
INSERT INTO moradores (id, nome, cpf, rg, email, telefone, rua, numero, complemento, bairro, cidade, uf, cep, condominio_id) VALUES (126967, 'Clara Santos', '61348097566', '952931713', 'morador26_315@condosmart.com', '55419609571', 'Trecho Bryan Cirino', '841', 'Casa 2', 'Leonina', 'Monteiro do Norte', 'MT', '20040002', 126941);
INSERT INTO moradores (id, nome, cpf, rg, email, telefone, rua, numero, complemento, bairro, cidade, uf, cep, condominio_id) VALUES (126968, 'João Guilherme Porto', '53842109660', '656838395', 'morador27_258@condosmart.com', '55849651557', 'Campo Lívia Duarte', '829', '', 'Providencia', 'Moraes das Flores', 'AM', '01310100', 126941);
INSERT INTO moradores (id, nome, cpf, rg, email, telefone, rua, numero, complemento, bairro, cidade, uf, cep, condominio_id) VALUES (126969, 'Diego Pires', '23541679034', '329487281', 'morador28_307@condosmart.com', '55219758539', 'Campo Otto Carvalho', '480', 'Apto 101', 'Vila Aeroporto', 'da Costa', 'AP', '22290240', 126941);
INSERT INTO moradores (id, nome, cpf, rg, email, telefone, rua, numero, complemento, bairro, cidade, uf, cep, condominio_id) VALUES (126970, 'Sra. Laís Almeida', '23194850741', '505731665', 'morador29_486@condosmart.com', '55319503945', 'Travessa Amanda Duarte', '858', 'Fundos', 'Horto', 'Farias', 'MA', '50030230', 126941);
INSERT INTO moradores (id, nome, cpf, rg, email, telefone, rua, numero, complemento, bairro, cidade, uf, cep, condominio_id) VALUES (126971, 'Heloísa Pinto', '42981567373', '854959285', 'morador30_645@condosmart.com', '55519400275', 'Morro Pereira', '475', 'Apto 101', 'Santo Antônio', 'Alves', 'RR', '70040010', 126942);
INSERT INTO moradores (id, nome, cpf, rg, email, telefone, rua, numero, complemento, bairro, cidade, uf, cep, condominio_id) VALUES (126972, 'Melina Montenegro', '08912657321', '565371114', 'morador31_391@condosmart.com', '55419832177', 'Área João Felipe Nascimento', '123', 'Fundos', 'Planalto', 'Pinto Verde', 'PB', '30140071', 126942);
INSERT INTO moradores (id, nome, cpf, rg, email, telefone, rua, numero, complemento, bairro, cidade, uf, cep, condominio_id) VALUES (126973, 'Cecilia Fonseca', '61703845900', '509309598', 'morador32_891@condosmart.com', '55619368504', 'Parque Raul Abreu', '533', 'Casa 2', 'Vila Sumaré', 'Casa Grande de Montenegro', 'RR', '22041001', 126942);
INSERT INTO moradores (id, nome, cpf, rg, email, telefone, rua, numero, complemento, bairro, cidade, uf, cep, condominio_id) VALUES (126974, 'Eloah da Cruz', '05796312499', '573218310', 'morador33_316@condosmart.com', '55819186639', 'Sítio Rezende', '569', 'Fundos', 'Ademar Maldonado', 'Pinto Alegre', 'BA', '22041001', 126942);
INSERT INTO moradores (id, nome, cpf, rg, email, telefone, rua, numero, complemento, bairro, cidade, uf, cep, condominio_id) VALUES (126975, 'Sra. Bárbara Campos', '28069574356', '656689808', 'morador34_449@condosmart.com', '55319899182', 'Pátio de Machado', '652', 'Bloco B', 'Vila Jardim São José', 'Jesus de Almeida', 'AL', '80020310', 126942);
INSERT INTO moradores (id, nome, cpf, rg, email, telefone, rua, numero, complemento, bairro, cidade, uf, cep, condominio_id) VALUES (126976, 'Ana Clara Moraes', '67528304956', '265729169', 'morador35_433@condosmart.com', '55519084617', 'Residencial Lívia Cardoso', '440', 'Apto 101', 'Estrela', 'Teixeira', 'PB', '90010001', 126942);
INSERT INTO moradores (id, nome, cpf, rg, email, telefone, rua, numero, complemento, bairro, cidade, uf, cep, condominio_id) VALUES (126977, 'Luiza Rezende', '31058694251', '115001192', 'morador36_577@condosmart.com', '55619598347', 'Jardim da Mota', '881', 'Casa 2', 'Vila Piratininga', 'Câmara da Serra', 'SE', '01415000', 126942);
INSERT INTO moradores (id, nome, cpf, rg, email, telefone, rua, numero, complemento, bairro, cidade, uf, cep, condominio_id) VALUES (126978, 'Antonella Azevedo', '82305461933', '103092277', 'morador37_197@condosmart.com', '55819894177', 'Aeroporto Nathan Novaes', '136', 'Casa 2', 'Vila Nossa Senhora Do Rosário', 'Azevedo', 'PB', '20040002', 126942);
INSERT INTO moradores (id, nome, cpf, rg, email, telefone, rua, numero, complemento, bairro, cidade, uf, cep, condominio_id) VALUES (126979, 'Alice Lima', '31947065866', '547612479', 'morador38_573@condosmart.com', '55419615424', 'Lagoa Monteiro', '853', 'Fundos', 'Belvedere', 'Gomes da Mata', 'PE', '60030001', 126942);
INSERT INTO moradores (id, nome, cpf, rg, email, telefone, rua, numero, complemento, bairro, cidade, uf, cep, condominio_id) VALUES (126980, 'Rebeca Barros', '15039267886', '288550711', 'morador39_420@condosmart.com', '55719338907', 'Trevo de Pimenta', '543', 'Apto 101', 'Vila União', 'Abreu', 'ES', '22041001', 126942);
INSERT INTO moradores (id, nome, cpf, rg, email, telefone, rua, numero, complemento, bairro, cidade, uf, cep, condominio_id) VALUES (126981, 'Dr. Ravi Ramos', '13962478582', '501770205', 'morador40_825@condosmart.com', '55849592410', 'Recanto Yuri Fonseca', '94', 'Bloco B', 'Parque São Pedro', 'Nogueira', 'PB', '30140071', 126942);
INSERT INTO moradores (id, nome, cpf, rg, email, telefone, rua, numero, complemento, bairro, cidade, uf, cep, condominio_id) VALUES (126982, 'Maria Isis Andrade', '97384612519', '560256443', 'morador41_503@condosmart.com', '55219176697', 'Praia Novais', '948', 'Fundos', 'Santana Do Cafezal', 'Aragão do Norte', 'CE', '22041001', 126942);
INSERT INTO moradores (id, nome, cpf, rg, email, telefone, rua, numero, complemento, bairro, cidade, uf, cep, condominio_id) VALUES (126983, 'Anna Liz Caldeira', '69705324883', '170370485', 'morador42_371@condosmart.com', '55419902774', 'Praia Leão', '97', 'Bloco B', 'Califórnia', 'Moura Verde', 'BA', '60030001', 126942);
INSERT INTO moradores (id, nome, cpf, rg, email, telefone, rua, numero, complemento, bairro, cidade, uf, cep, condominio_id) VALUES (126984, 'Rodrigo Sales', '47382591646', '143393654', 'morador43_893@condosmart.com', '55719199295', 'Travessa de Rodrigues', '313', 'Fundos', 'Candelaria', 'Martins', 'PE', '20040002', 126942);
INSERT INTO moradores (id, nome, cpf, rg, email, telefone, rua, numero, complemento, bairro, cidade, uf, cep, condominio_id) VALUES (126985, 'Sr. Enzo Barbosa', '21835796419', '819156168', 'morador44_955@condosmart.com', '55319166489', 'Viela de Castro', '480', 'Apto 101', 'Indaiá', 'Almeida', 'AM', '04538132', 126942);
INSERT INTO moradores (id, nome, cpf, rg, email, telefone, rua, numero, complemento, bairro, cidade, uf, cep, condominio_id) VALUES (126986, 'Sra. Emanuelly Peixoto', '85461093701', '745832465', 'morador45_703@condosmart.com', '55619112677', 'Condomínio Cavalcante', '286', 'Apto 101', 'Santa Rita', 'Brito', 'AP', '01001000', 126942);
INSERT INTO moradores (id, nome, cpf, rg, email, telefone, rua, numero, complemento, bairro, cidade, uf, cep, condominio_id) VALUES (126987, 'Maya Montenegro', '96875301466', '647509601', 'morador46_551@condosmart.com', '55219353598', 'Favela Gonçalves', '409', 'Casa 2', 'Gameleira', 'Ramos das Pedras', 'PB', '22041001', 126942);
INSERT INTO moradores (id, nome, cpf, rg, email, telefone, rua, numero, complemento, bairro, cidade, uf, cep, condominio_id) VALUES (126988, 'Srta. Isabela Castro', '19765834039', '627225989', 'morador47_215@condosmart.com', '55719833520', 'Colônia de Duarte', '168', 'Apto 101', 'Vila Nova Gameleira 2ª Seção', 'Araújo de Cassiano', 'RJ', '60030001', 126942);
INSERT INTO moradores (id, nome, cpf, rg, email, telefone, rua, numero, complemento, bairro, cidade, uf, cep, condominio_id) VALUES (126989, 'Breno Azevedo', '52867309140', '772696079', 'morador48_947@condosmart.com', '55119506287', 'Loteamento de Leão', '649', '', 'Maria Tereza', 'Moura da Prata', 'PI', '70040010', 126942);
INSERT INTO moradores (id, nome, cpf, rg, email, telefone, rua, numero, complemento, bairro, cidade, uf, cep, condominio_id) VALUES (126990, 'Apollo Rocha', '91385462051', '232931003', 'morador49_144@condosmart.com', '55219174851', 'Setor Pacheco', '784', '', 'Vila Da Paz', 'Nascimento do Sul', 'AC', '01014900', 126942);
INSERT INTO moradores (id, nome, cpf, rg, email, telefone, rua, numero, complemento, bairro, cidade, uf, cep, condominio_id) VALUES (126991, 'Rael da Conceição', '06518734280', '599062330', 'morador50_378@condosmart.com', '55619018961', 'Vale Leandro da Paz', '264', 'Casa 2', 'Novo São Lucas', 'Ribeiro da Mata', 'RS', '60030001', 126942);
INSERT INTO moradores (id, nome, cpf, rg, email, telefone, rua, numero, complemento, bairro, cidade, uf, cep, condominio_id) VALUES (126992, 'Srta. Ana Lívia Aparecida', '96748523010', '840623807', 'morador51_430@condosmart.com', '55619120787', 'Conjunto Hellena Pimenta', '221', 'Apto 101', 'Conjunto Jardim Filadélfia', 'da Cruz', 'RN', '30140071', 126942);
INSERT INTO moradores (id, nome, cpf, rg, email, telefone, rua, numero, complemento, bairro, cidade, uf, cep, condominio_id) VALUES (126993, 'Brayan Vargas', '41730629580', '362962850', 'morador52_257@condosmart.com', '55519553636', 'Ladeira Isabel Carvalho', '979', 'Fundos', 'Vila São Dimas', 'Sá do Norte', 'RS', '60030001', 126942);
INSERT INTO moradores (id, nome, cpf, rg, email, telefone, rua, numero, complemento, bairro, cidade, uf, cep, condominio_id) VALUES (126994, 'Lucas Lima', '35496078148', '719770928', 'morador53_740@condosmart.com', '55849849619', 'Lagoa Luiz Otávio Campos', '686', 'Fundos', 'Dom Joaquim', 'Camargo do Campo', 'PR', '80020310', 126942);
INSERT INTO moradores (id, nome, cpf, rg, email, telefone, rua, numero, complemento, bairro, cidade, uf, cep, condominio_id) VALUES (126995, 'Caio Montenegro', '97321584682', '471975575', 'morador54_242@condosmart.com', '55819982596', 'Avenida da Conceição', '745', '', 'Olaria', 'Cardoso de Barbosa', 'AC', '04538132', 126942);
INSERT INTO moradores (id, nome, cpf, rg, email, telefone, rua, numero, complemento, bairro, cidade, uf, cep, condominio_id) VALUES (126996, 'Pietra das Neves', '57639180295', '511477741', 'morador55_942@condosmart.com', '55849933791', 'Estação Letícia Rios', '340', '', 'São Sebastião', 'Macedo', 'DF', '80020310', 126942);
INSERT INTO moradores (id, nome, cpf, rg, email, telefone, rua, numero, complemento, bairro, cidade, uf, cep, condominio_id) VALUES (126997, 'Mariah Pacheco', '23579018450', '754129447', 'morador56_113@condosmart.com', '55119114221', 'Morro Castro', '850', 'Bloco B', 'Independência', 'Câmara', 'SP', '01014900', 126942);
INSERT INTO moradores (id, nome, cpf, rg, email, telefone, rua, numero, complemento, bairro, cidade, uf, cep, condominio_id) VALUES (126998, 'Sabrina Azevedo', '43198065739', '261946603', 'morador57_951@condosmart.com', '55519424721', 'Rodovia de Duarte', '100', 'Casa 2', 'Jardim Atlântico', 'Sampaio', 'RN', '22041001', 126942);
INSERT INTO moradores (id, nome, cpf, rg, email, telefone, rua, numero, complemento, bairro, cidade, uf, cep, condominio_id) VALUES (126999, 'Levi Guerra', '87632194096', '989071696', 'morador58_568@condosmart.com', '55719719547', 'Viaduto de Pastor', '304', 'Apto 101', 'Vila Boa Vista', 'da Paz de Siqueira', 'PA', '20040002', 126942);
INSERT INTO moradores (id, nome, cpf, rg, email, telefone, rua, numero, complemento, bairro, cidade, uf, cep, condominio_id) VALUES (127000, 'Sr. Samuel Andrade', '89206751395', '115759264', 'morador59_640@condosmart.com', '55619678407', 'Rua de Jesus', '943', 'Apto 101', 'João Pinheiro', 'Correia do Oeste', 'SE', '90010001', 126942);
INSERT INTO moradores (id, nome, cpf, rg, email, telefone, rua, numero, complemento, bairro, cidade, uf, cep, condominio_id) VALUES (127001, 'Luigi Costela', '52806793483', '171653045', 'morador60_517@condosmart.com', '55719666075', 'Rua de Cavalcanti', '703', '', 'Tiradentes', 'Freitas Grande', 'ES', '22290240', 126943);
INSERT INTO moradores (id, nome, cpf, rg, email, telefone, rua, numero, complemento, bairro, cidade, uf, cep, condominio_id) VALUES (127002, 'João Vitor Fonseca', '18064279313', '597960049', 'morador61_529@condosmart.com', '55519459081', 'Setor Fonseca', '224', 'Apto 101', 'Baleia', 'Mendonça da Prata', 'DF', '69010000', 126943);
INSERT INTO moradores (id, nome, cpf, rg, email, telefone, rua, numero, complemento, bairro, cidade, uf, cep, condominio_id) VALUES (127003, 'Lucas Gabriel Correia', '16328759428', '898798623', 'morador62_938@condosmart.com', '55419804247', 'Avenida Pires', '55', 'Fundos', 'Glória', 'Rodrigues do Norte', 'MS', '30140071', 126943);
INSERT INTO moradores (id, nome, cpf, rg, email, telefone, rua, numero, complemento, bairro, cidade, uf, cep, condominio_id) VALUES (127004, 'Theodoro Alves', '16590238740', '636794364', 'morador63_690@condosmart.com', '55719407583', 'Via Davi Lucas Silva', '180', 'Apto 101', 'Santa Amelia', 'Sampaio do Galho', 'PA', '20040002', 126943);
INSERT INTO moradores (id, nome, cpf, rg, email, telefone, rua, numero, complemento, bairro, cidade, uf, cep, condominio_id) VALUES (127005, 'Maria Alice Mendes', '59647032838', '512201362', 'morador64_914@condosmart.com', '55719460880', 'Área de Guerra', '662', 'Apto 101', 'Pedreira Padro Lopes', 'Pereira Grande', 'PE', '50030230', 126943);
INSERT INTO moradores (id, nome, cpf, rg, email, telefone, rua, numero, complemento, bairro, cidade, uf, cep, condominio_id) VALUES (127006, 'Sra. Maria Júlia Marques', '52074193823', '708654488', 'morador65_412@condosmart.com', '55219732523', 'Morro da Paz', '638', 'Fundos', 'Conjunto Lagoa', 'Correia', 'CE', '40020000', 126943);
INSERT INTO moradores (id, nome, cpf, rg, email, telefone, rua, numero, complemento, bairro, cidade, uf, cep, condominio_id) VALUES (127007, 'Srta. Lunna Ribeiro', '50487631226', '729217474', 'morador66_495@condosmart.com', '55719677503', 'Viela Igor Garcia', '940', 'Bloco B', 'Nova America', 'Fogaça', 'MG', '90010001', 126943);
INSERT INTO moradores (id, nome, cpf, rg, email, telefone, rua, numero, complemento, bairro, cidade, uf, cep, condominio_id) VALUES (127008, 'Dr. Luiz Otávio Nunes', '67519480267', '747325584', 'morador67_291@condosmart.com', '55719341481', 'Aeroporto de Gonçalves', '556', 'Bloco B', 'Marajó', 'Rios', 'RN', '70040010', 126943);
INSERT INTO moradores (id, nome, cpf, rg, email, telefone, rua, numero, complemento, bairro, cidade, uf, cep, condominio_id) VALUES (127009, 'Gabriela Abreu', '02981563424', '591145430', 'morador68_769@condosmart.com', '55519307137', 'Viaduto Luan Casa Grande', '352', 'Bloco B', 'Ventosa', 'Mendes de Montenegro', 'PE', '01014900', 126943);
INSERT INTO moradores (id, nome, cpf, rg, email, telefone, rua, numero, complemento, bairro, cidade, uf, cep, condominio_id) VALUES (127010, 'Maria Isis da Cunha', '92643570847', '449083519', 'morador69_234@condosmart.com', '55619473884', 'Vale Nicole Peixoto', '771', 'Bloco B', 'Camponesa 2ª Seção', 'Dias', 'PR', '22041001', 126943);
INSERT INTO moradores (id, nome, cpf, rg, email, telefone, rua, numero, complemento, bairro, cidade, uf, cep, condominio_id) VALUES (127011, 'Melissa da Luz', '58132794664', '984235111', 'morador70_808@condosmart.com', '55849561368', 'Recanto de Gomes', '932', 'Fundos', 'Novo Ouro Preto', 'Cunha da Serra', 'RS', '90010001', 126943);
INSERT INTO moradores (id, nome, cpf, rg, email, telefone, rua, numero, complemento, bairro, cidade, uf, cep, condominio_id) VALUES (127012, 'João Gabriel Castro', '14302768940', '919628817', 'morador71_154@condosmart.com', '55719504945', 'Praça de Machado', '934', 'Fundos', 'Madri', 'Almeida', 'PA', '60030001', 126943);
INSERT INTO moradores (id, nome, cpf, rg, email, telefone, rua, numero, complemento, bairro, cidade, uf, cep, condominio_id) VALUES (127013, 'Sr. Matheus Oliveira', '27456910316', '784455698', 'morador72_713@condosmart.com', '55119262757', 'Estrada Bruna da Mota', '141', 'Bloco B', 'Concórdia', 'Câmara do Campo', 'RS', '69010000', 126943);
INSERT INTO moradores (id, nome, cpf, rg, email, telefone, rua, numero, complemento, bairro, cidade, uf, cep, condominio_id) VALUES (127014, 'Apollo Leão', '25876031968', '748422443', 'morador73_618@condosmart.com', '55849332045', 'Estrada Silveira', '475', 'Casa 2', 'Conjunto Capitão Eduardo', 'Costa do Oeste', 'GO', '50030230', 126943);
INSERT INTO moradores (id, nome, cpf, rg, email, telefone, rua, numero, complemento, bairro, cidade, uf, cep, condominio_id) VALUES (127015, 'Daniel Pacheco', '69230718521', '270186372', 'morador74_412@condosmart.com', '55319856044', 'Praça de Souza', '923', '', 'Leticia', 'Santos', 'ES', '69010000', 126943);
INSERT INTO moradores (id, nome, cpf, rg, email, telefone, rua, numero, complemento, bairro, cidade, uf, cep, condominio_id) VALUES (127016, 'Nina Casa Grande', '14376802590', '814868598', 'morador75_306@condosmart.com', '55219661792', 'Viaduto Maria Flor Nunes', '389', 'Casa 2', 'Sport Club', 'Andrade', 'CE', '69010000', 126943);
INSERT INTO moradores (id, nome, cpf, rg, email, telefone, rua, numero, complemento, bairro, cidade, uf, cep, condominio_id) VALUES (127017, 'Ana Clara Dias', '17862305426', '988841111', 'morador76_458@condosmart.com', '55619925831', 'Largo Vinicius Novais', '291', '', 'Milionario', 'Sales', 'PB', '90010001', 126943);
INSERT INTO moradores (id, nome, cpf, rg, email, telefone, rua, numero, complemento, bairro, cidade, uf, cep, condominio_id) VALUES (127018, 'Sra. Melissa da Rocha', '65421970361', '881211280', 'morador77_218@condosmart.com', '55519967450', 'Núcleo Monteiro', '525', 'Apto 101', 'Universitário', 'Casa Grande de Freitas', 'GO', '01310100', 126943);
INSERT INTO moradores (id, nome, cpf, rg, email, telefone, rua, numero, complemento, bairro, cidade, uf, cep, condominio_id) VALUES (127019, 'Maria Clara da Costa', '43872609556', '406498862', 'morador78_422@condosmart.com', '55719544665', 'Fazenda Oliver da Luz', '795', '', 'Santa Efigênia', 'Aparecida', 'MG', '69010000', 126943);
INSERT INTO moradores (id, nome, cpf, rg, email, telefone, rua, numero, complemento, bairro, cidade, uf, cep, condominio_id) VALUES (127020, 'Enzo Gabriel Leão', '85642910701', '737120543', 'morador79_723@condosmart.com', '55119430173', 'Setor de Silveira', '892', 'Casa 2', 'Universo', 'Montenegro de Garcia', 'SE', '22041001', 126943);
INSERT INTO moradores (id, nome, cpf, rg, email, telefone, rua, numero, complemento, bairro, cidade, uf, cep, condominio_id) VALUES (127021, 'Nicolas Correia', '69572813021', '130857119', 'morador80_654@condosmart.com', '55419327988', 'Viela Cavalcanti', '339', 'Bloco B', 'Vila De Sá', 'Dias Verde', 'PE', '01014900', 126943);
INSERT INTO moradores (id, nome, cpf, rg, email, telefone, rua, numero, complemento, bairro, cidade, uf, cep, condominio_id) VALUES (127022, 'Luna Vargas', '20389164542', '266087119', 'morador81_302@condosmart.com', '55519993922', 'Estação de Macedo', '431', 'Fundos', 'Vila Oeste', 'Duarte de Abreu', 'BA', '01415000', 126943);
INSERT INTO moradores (id, nome, cpf, rg, email, telefone, rua, numero, complemento, bairro, cidade, uf, cep, condominio_id) VALUES (127023, 'Samuel das Neves', '56289417355', '934921090', 'morador82_982@condosmart.com', '55519754950', 'Feira de Jesus', '181', 'Casa 2', 'Maria Tereza', 'Mendonça da Serra', 'DF', '20040002', 126943);
INSERT INTO moradores (id, nome, cpf, rg, email, telefone, rua, numero, complemento, bairro, cidade, uf, cep, condominio_id) VALUES (127024, 'Valentim Vargas', '40867529130', '988985898', 'morador83_124@condosmart.com', '55719552144', 'Praia Pereira', '164', '', 'Vila Maloca', 'Cavalcanti', 'RJ', '60030001', 126943);
INSERT INTO moradores (id, nome, cpf, rg, email, telefone, rua, numero, complemento, bairro, cidade, uf, cep, condominio_id) VALUES (127025, 'Ravi Andrade', '53204187608', '178038514', 'morador84_460@condosmart.com', '55519869899', 'Travessa Pires', '938', 'Apto 101', 'Ipe', 'Sampaio', 'SE', '30140071', 126943);
INSERT INTO moradores (id, nome, cpf, rg, email, telefone, rua, numero, complemento, bairro, cidade, uf, cep, condominio_id) VALUES (127026, 'Maria Luísa Garcia', '56874021958', '145889572', 'morador85_335@condosmart.com', '55319682475', 'Parque da Conceição', '143', '', 'Nova Esperança', 'Gonçalves', 'MS', '04538132', 126943);
INSERT INTO moradores (id, nome, cpf, rg, email, telefone, rua, numero, complemento, bairro, cidade, uf, cep, condominio_id) VALUES (127027, 'Bernardo Pereira', '79512083612', '680418338', 'morador86_690@condosmart.com', '55319919006', 'Alameda Silva', '672', 'Bloco B', 'Horto', 'Abreu da Serra', 'PE', '30140071', 126943);
INSERT INTO moradores (id, nome, cpf, rg, email, telefone, rua, numero, complemento, bairro, cidade, uf, cep, condominio_id) VALUES (127028, 'Hadassa Lopes', '92340786592', '443916512', 'morador87_105@condosmart.com', '55219866137', 'Trecho Francisco Alves', '6', 'Apto 101', 'Providencia', 'Moura', 'PR', '30140071', 126943);
INSERT INTO moradores (id, nome, cpf, rg, email, telefone, rua, numero, complemento, bairro, cidade, uf, cep, condominio_id) VALUES (127029, 'Stephany Sousa', '13570296830', '417309023', 'morador88_978@condosmart.com', '55619011480', 'Lagoa Manuela Casa Grande', '767', 'Apto 101', 'Mariano De Abreu', 'Lima', 'PB', '70040010', 126943);
INSERT INTO moradores (id, nome, cpf, rg, email, telefone, rua, numero, complemento, bairro, cidade, uf, cep, condominio_id) VALUES (127030, 'Sr. Thomas Pimenta', '23109467887', '294688549', 'morador89_826@condosmart.com', '55519317006', 'Condomínio de Nunes', '160', '', 'Santo André', 'Silva Paulista', 'RS', '01014900', 126943);

INSERT INTO unidades_residenciais (id, identificador, numero, rua, complemento, bairro, cidade, uf, cep, telefone_residencial, telefone_celular, condominio_id, morador_id, sindico_id) VALUES (126941, 'Apto 759', '7467', 'Rua Vargas', '', 'Baleia', 'Duarte do Galho', 'SE', '60030001', '55519459152', '55719264081', 126941, 126941, 126941);
INSERT INTO unidades_residenciais (id, identificador, numero, rua, complemento, bairro, cidade, uf, cep, telefone_residencial, telefone_celular, condominio_id, morador_id, sindico_id) VALUES (126942, 'Apto 645', '1916', 'Rua Vargas', '', 'Baleia', 'Duarte do Galho', 'SE', '60030001', '55219264691', '55219635270', 126941, 126942, 126941);
INSERT INTO unidades_residenciais (id, identificador, numero, rua, complemento, bairro, cidade, uf, cep, telefone_residencial, telefone_celular, condominio_id, morador_id, sindico_id) VALUES (126943, 'Apto 145', '8266', 'Rua Vargas', '', 'Baleia', 'Duarte do Galho', 'SE', '60030001', '55119655241', '55219959622', 126941, 126943, 126941);
INSERT INTO unidades_residenciais (id, identificador, numero, rua, complemento, bairro, cidade, uf, cep, telefone_residencial, telefone_celular, condominio_id, morador_id, sindico_id) VALUES (126944, 'Apto 596', '2755', 'Rua Vargas', '', 'Baleia', 'Duarte do Galho', 'SE', '60030001', '55419541496', '55119605580', 126941, 126944, 126941);
INSERT INTO unidades_residenciais (id, identificador, numero, rua, complemento, bairro, cidade, uf, cep, telefone_residencial, telefone_celular, condominio_id, morador_id, sindico_id) VALUES (126945, 'Apto 356', '3022', 'Rua Vargas', '', 'Baleia', 'Duarte do Galho', 'SE', '60030001', '55419469157', '55849080631', 126941, 126945, 126941);
INSERT INTO unidades_residenciais (id, identificador, numero, rua, complemento, bairro, cidade, uf, cep, telefone_residencial, telefone_celular, condominio_id, morador_id, sindico_id) VALUES (126946, 'Apto 922', '5805', 'Rua Vargas', '', 'Baleia', 'Duarte do Galho', 'SE', '60030001', '55849054293', '55119882915', 126941, 126946, 126941);
INSERT INTO unidades_residenciais (id, identificador, numero, rua, complemento, bairro, cidade, uf, cep, telefone_residencial, telefone_celular, condominio_id, morador_id, sindico_id) VALUES (126947, 'Apto 100', '518', 'Rua Vargas', '', 'Baleia', 'Duarte do Galho', 'SE', '60030001', '55619572551', '55219564738', 126941, 126947, 126941);
INSERT INTO unidades_residenciais (id, identificador, numero, rua, complemento, bairro, cidade, uf, cep, telefone_residencial, telefone_celular, condominio_id, morador_id, sindico_id) VALUES (126948, 'Apto 477', '9313', 'Rua Vargas', '', 'Baleia', 'Duarte do Galho', 'SE', '60030001', '55419309156', '55219706976', 126941, 126948, 126941);
INSERT INTO unidades_residenciais (id, identificador, numero, rua, complemento, bairro, cidade, uf, cep, telefone_residencial, telefone_celular, condominio_id, morador_id, sindico_id) VALUES (126949, 'Apto 814', '758', 'Rua Vargas', '', 'Baleia', 'Duarte do Galho', 'SE', '60030001', '55219674714', '55219705610', 126941, 126949, 126941);
INSERT INTO unidades_residenciais (id, identificador, numero, rua, complemento, bairro, cidade, uf, cep, telefone_residencial, telefone_celular, condominio_id, morador_id, sindico_id) VALUES (126950, 'Apto 51', '9459', 'Rua Vargas', '', 'Baleia', 'Duarte do Galho', 'SE', '60030001', '55719025547', '55619840828', 126941, 126950, 126941);
INSERT INTO unidades_residenciais (id, identificador, numero, rua, complemento, bairro, cidade, uf, cep, telefone_residencial, telefone_celular, condominio_id, morador_id, sindico_id) VALUES (126951, 'Apto 832', '8696', 'Rua Vargas', '', 'Baleia', 'Duarte do Galho', 'SE', '60030001', '55719980087', '55849358440', 126941, 126951, 126941);
INSERT INTO unidades_residenciais (id, identificador, numero, rua, complemento, bairro, cidade, uf, cep, telefone_residencial, telefone_celular, condominio_id, morador_id, sindico_id) VALUES (126952, 'Apto 556', '2687', 'Rua Vargas', '', 'Baleia', 'Duarte do Galho', 'SE', '60030001', '55719011038', '55849966956', 126941, 126952, 126941);
INSERT INTO unidades_residenciais (id, identificador, numero, rua, complemento, bairro, cidade, uf, cep, telefone_residencial, telefone_celular, condominio_id, morador_id, sindico_id) VALUES (126953, 'Apto 670', '3077', 'Rua Vargas', '', 'Baleia', 'Duarte do Galho', 'SE', '60030001', '55519067679', '55719638387', 126941, 126953, 126941);
INSERT INTO unidades_residenciais (id, identificador, numero, rua, complemento, bairro, cidade, uf, cep, telefone_residencial, telefone_celular, condominio_id, morador_id, sindico_id) VALUES (126954, 'Apto 836', '5876', 'Rua Vargas', '', 'Baleia', 'Duarte do Galho', 'SE', '60030001', '55119963143', '55619294589', 126941, 126954, 126941);
INSERT INTO unidades_residenciais (id, identificador, numero, rua, complemento, bairro, cidade, uf, cep, telefone_residencial, telefone_celular, condominio_id, morador_id, sindico_id) VALUES (126955, 'Apto 749', '9387', 'Rua Vargas', '', 'Baleia', 'Duarte do Galho', 'SE', '60030001', '55619583417', '55619672958', 126941, 126955, 126941);
INSERT INTO unidades_residenciais (id, identificador, numero, rua, complemento, bairro, cidade, uf, cep, telefone_residencial, telefone_celular, condominio_id, morador_id, sindico_id) VALUES (126956, 'Apto 667', '5317', 'Rua Vargas', '', 'Baleia', 'Duarte do Galho', 'SE', '60030001', '55719056932', '55319138884', 126941, 126956, 126941);
INSERT INTO unidades_residenciais (id, identificador, numero, rua, complemento, bairro, cidade, uf, cep, telefone_residencial, telefone_celular, condominio_id, morador_id, sindico_id) VALUES (126957, 'Apto 246', '4260', 'Rua Vargas', '', 'Baleia', 'Duarte do Galho', 'SE', '60030001', '55319389372', '55619378937', 126941, 126957, 126941);
INSERT INTO unidades_residenciais (id, identificador, numero, rua, complemento, bairro, cidade, uf, cep, telefone_residencial, telefone_celular, condominio_id, morador_id, sindico_id) VALUES (126958, 'Apto 411', '2270', 'Rua Vargas', '', 'Baleia', 'Duarte do Galho', 'SE', '60030001', '55619739418', '55519302028', 126941, 126958, 126941);
INSERT INTO unidades_residenciais (id, identificador, numero, rua, complemento, bairro, cidade, uf, cep, telefone_residencial, telefone_celular, condominio_id, morador_id, sindico_id) VALUES (126959, 'Apto 189', '8538', 'Rua Vargas', '', 'Baleia', 'Duarte do Galho', 'SE', '60030001', '55849573672', '55419239065', 126941, 126959, 126941);
INSERT INTO unidades_residenciais (id, identificador, numero, rua, complemento, bairro, cidade, uf, cep, telefone_residencial, telefone_celular, condominio_id, morador_id, sindico_id) VALUES (126960, 'Apto 40', '3087', 'Rua Vargas', '', 'Baleia', 'Duarte do Galho', 'SE', '60030001', '55849296469', '55819699620', 126941, 126960, 126941);
INSERT INTO unidades_residenciais (id, identificador, numero, rua, complemento, bairro, cidade, uf, cep, telefone_residencial, telefone_celular, condominio_id, morador_id, sindico_id) VALUES (126961, 'Apto 796', '6', 'Rua Vargas', '', 'Baleia', 'Duarte do Galho', 'SE', '60030001', '55849855591', '55619732516', 126941, 126961, 126941);
INSERT INTO unidades_residenciais (id, identificador, numero, rua, complemento, bairro, cidade, uf, cep, telefone_residencial, telefone_celular, condominio_id, morador_id, sindico_id) VALUES (126962, 'Apto 913', '2862', 'Rua Vargas', '', 'Baleia', 'Duarte do Galho', 'SE', '60030001', '55119303188', '55519656538', 126941, 126962, 126941);
INSERT INTO unidades_residenciais (id, identificador, numero, rua, complemento, bairro, cidade, uf, cep, telefone_residencial, telefone_celular, condominio_id, morador_id, sindico_id) VALUES (126963, 'Apto 202', '9461', 'Rua Vargas', '', 'Baleia', 'Duarte do Galho', 'SE', '60030001', '55619206614', '55619339739', 126941, 126963, 126941);
INSERT INTO unidades_residenciais (id, identificador, numero, rua, complemento, bairro, cidade, uf, cep, telefone_residencial, telefone_celular, condominio_id, morador_id, sindico_id) VALUES (126964, 'Apto 331', '5034', 'Rua Vargas', '', 'Baleia', 'Duarte do Galho', 'SE', '60030001', '55619135805', '55419463838', 126941, 126964, 126941);
INSERT INTO unidades_residenciais (id, identificador, numero, rua, complemento, bairro, cidade, uf, cep, telefone_residencial, telefone_celular, condominio_id, morador_id, sindico_id) VALUES (126965, 'Apto 170', '8889', 'Rua Vargas', '', 'Baleia', 'Duarte do Galho', 'SE', '60030001', '55719901843', '55419484761', 126941, 126965, 126941);
INSERT INTO unidades_residenciais (id, identificador, numero, rua, complemento, bairro, cidade, uf, cep, telefone_residencial, telefone_celular, condominio_id, morador_id, sindico_id) VALUES (126966, 'Apto 756', '2331', 'Rua Vargas', '', 'Baleia', 'Duarte do Galho', 'SE', '60030001', '55619710454', '55219284626', 126941, 126966, 126941);
INSERT INTO unidades_residenciais (id, identificador, numero, rua, complemento, bairro, cidade, uf, cep, telefone_residencial, telefone_celular, condominio_id, morador_id, sindico_id) VALUES (126967, 'Apto 751', '7946', 'Rua Vargas', '', 'Baleia', 'Duarte do Galho', 'SE', '60030001', '55819317181', '55219125319', 126941, 126967, 126941);
INSERT INTO unidades_residenciais (id, identificador, numero, rua, complemento, bairro, cidade, uf, cep, telefone_residencial, telefone_celular, condominio_id, morador_id, sindico_id) VALUES (126968, 'Apto 943', '6199', 'Rua Vargas', '', 'Baleia', 'Duarte do Galho', 'SE', '60030001', '55119549119', '55819563252', 126941, 126968, 126941);
INSERT INTO unidades_residenciais (id, identificador, numero, rua, complemento, bairro, cidade, uf, cep, telefone_residencial, telefone_celular, condominio_id, morador_id, sindico_id) VALUES (126969, 'Apto 849', '7807', 'Rua Vargas', '', 'Baleia', 'Duarte do Galho', 'SE', '60030001', '55519688082', '55719128272', 126941, 126969, 126941);
INSERT INTO unidades_residenciais (id, identificador, numero, rua, complemento, bairro, cidade, uf, cep, telefone_residencial, telefone_celular, condominio_id, morador_id, sindico_id) VALUES (126970, 'Apto 516', '9758', 'Rua Vargas', '', 'Baleia', 'Duarte do Galho', 'SE', '60030001', '55849071493', '55319644263', 126941, 126970, 126941);
INSERT INTO unidades_residenciais (id, identificador, numero, rua, complemento, bairro, cidade, uf, cep, telefone_residencial, telefone_celular, condominio_id, morador_id, sindico_id) VALUES (126971, 'Apto 414', '9158', 'Viela Peixoto', '', 'Vila São João Batista', 'Monteiro Verde', 'ES', '50030230', '55849793698', '55419886532', 126942, 126971, 126942);
INSERT INTO unidades_residenciais (id, identificador, numero, rua, complemento, bairro, cidade, uf, cep, telefone_residencial, telefone_celular, condominio_id, morador_id, sindico_id) VALUES (126972, 'Apto 635', '9505', 'Viela Peixoto', '', 'Vila São João Batista', 'Monteiro Verde', 'ES', '50030230', '55219984639', '55619090869', 126942, 126972, 126942);
INSERT INTO unidades_residenciais (id, identificador, numero, rua, complemento, bairro, cidade, uf, cep, telefone_residencial, telefone_celular, condominio_id, morador_id, sindico_id) VALUES (126973, 'Apto 951', '9405', 'Viela Peixoto', '', 'Vila São João Batista', 'Monteiro Verde', 'ES', '50030230', '55219501673', '55849311404', 126942, 126973, 126942);
INSERT INTO unidades_residenciais (id, identificador, numero, rua, complemento, bairro, cidade, uf, cep, telefone_residencial, telefone_celular, condominio_id, morador_id, sindico_id) VALUES (126974, 'Apto 482', '9153', 'Viela Peixoto', '', 'Vila São João Batista', 'Monteiro Verde', 'ES', '50030230', '55619781456', '55719733705', 126942, 126974, 126942);
INSERT INTO unidades_residenciais (id, identificador, numero, rua, complemento, bairro, cidade, uf, cep, telefone_residencial, telefone_celular, condominio_id, morador_id, sindico_id) VALUES (126975, 'Apto 840', '1538', 'Viela Peixoto', '', 'Vila São João Batista', 'Monteiro Verde', 'ES', '50030230', '55519608394', '55619290176', 126942, 126975, 126942);
INSERT INTO unidades_residenciais (id, identificador, numero, rua, complemento, bairro, cidade, uf, cep, telefone_residencial, telefone_celular, condominio_id, morador_id, sindico_id) VALUES (126976, 'Apto 62', '937', 'Viela Peixoto', '', 'Vila São João Batista', 'Monteiro Verde', 'ES', '50030230', '55219279069', '55419563444', 126942, 126976, 126942);
INSERT INTO unidades_residenciais (id, identificador, numero, rua, complemento, bairro, cidade, uf, cep, telefone_residencial, telefone_celular, condominio_id, morador_id, sindico_id) VALUES (126977, 'Apto 76', '330', 'Viela Peixoto', '', 'Vila São João Batista', 'Monteiro Verde', 'ES', '50030230', '55849689777', '55319982878', 126942, 126977, 126942);
INSERT INTO unidades_residenciais (id, identificador, numero, rua, complemento, bairro, cidade, uf, cep, telefone_residencial, telefone_celular, condominio_id, morador_id, sindico_id) VALUES (126978, 'Apto 689', '8626', 'Viela Peixoto', '', 'Vila São João Batista', 'Monteiro Verde', 'ES', '50030230', '55319277822', '55319483199', 126942, 126978, 126942);
INSERT INTO unidades_residenciais (id, identificador, numero, rua, complemento, bairro, cidade, uf, cep, telefone_residencial, telefone_celular, condominio_id, morador_id, sindico_id) VALUES (126979, 'Apto 245', '5107', 'Viela Peixoto', '', 'Vila São João Batista', 'Monteiro Verde', 'ES', '50030230', '55719376726', '55849056914', 126942, 126979, 126942);
INSERT INTO unidades_residenciais (id, identificador, numero, rua, complemento, bairro, cidade, uf, cep, telefone_residencial, telefone_celular, condominio_id, morador_id, sindico_id) VALUES (126980, 'Apto 832', '8573', 'Viela Peixoto', '', 'Vila São João Batista', 'Monteiro Verde', 'ES', '50030230', '55119042513', '55849813882', 126942, 126980, 126942);
INSERT INTO unidades_residenciais (id, identificador, numero, rua, complemento, bairro, cidade, uf, cep, telefone_residencial, telefone_celular, condominio_id, morador_id, sindico_id) VALUES (126981, 'Apto 380', '1416', 'Viela Peixoto', '', 'Vila São João Batista', 'Monteiro Verde', 'ES', '50030230', '55319822834', '55849140919', 126942, 126981, 126942);
INSERT INTO unidades_residenciais (id, identificador, numero, rua, complemento, bairro, cidade, uf, cep, telefone_residencial, telefone_celular, condominio_id, morador_id, sindico_id) VALUES (126982, 'Apto 732', '3893', 'Viela Peixoto', '', 'Vila São João Batista', 'Monteiro Verde', 'ES', '50030230', '55319443342', '55319540051', 126942, 126982, 126942);
INSERT INTO unidades_residenciais (id, identificador, numero, rua, complemento, bairro, cidade, uf, cep, telefone_residencial, telefone_celular, condominio_id, morador_id, sindico_id) VALUES (126983, 'Apto 452', '9482', 'Viela Peixoto', '', 'Vila São João Batista', 'Monteiro Verde', 'ES', '50030230', '55519682049', '55849420341', 126942, 126983, 126942);
INSERT INTO unidades_residenciais (id, identificador, numero, rua, complemento, bairro, cidade, uf, cep, telefone_residencial, telefone_celular, condominio_id, morador_id, sindico_id) VALUES (126984, 'Apto 855', '5428', 'Viela Peixoto', '', 'Vila São João Batista', 'Monteiro Verde', 'ES', '50030230', '55849989489', '55619488989', 126942, 126984, 126942);
INSERT INTO unidades_residenciais (id, identificador, numero, rua, complemento, bairro, cidade, uf, cep, telefone_residencial, telefone_celular, condominio_id, morador_id, sindico_id) VALUES (126985, 'Apto 321', '3561', 'Viela Peixoto', '', 'Vila São João Batista', 'Monteiro Verde', 'ES', '50030230', '55819768704', '55219384780', 126942, 126985, 126942);
INSERT INTO unidades_residenciais (id, identificador, numero, rua, complemento, bairro, cidade, uf, cep, telefone_residencial, telefone_celular, condominio_id, morador_id, sindico_id) VALUES (126986, 'Apto 11', '1167', 'Viela Peixoto', '', 'Vila São João Batista', 'Monteiro Verde', 'ES', '50030230', '55319779922', '55519841423', 126942, 126986, 126942);
INSERT INTO unidades_residenciais (id, identificador, numero, rua, complemento, bairro, cidade, uf, cep, telefone_residencial, telefone_celular, condominio_id, morador_id, sindico_id) VALUES (126987, 'Apto 251', '6342', 'Viela Peixoto', '', 'Vila São João Batista', 'Monteiro Verde', 'ES', '50030230', '55719464262', '55519888059', 126942, 126987, 126942);
INSERT INTO unidades_residenciais (id, identificador, numero, rua, complemento, bairro, cidade, uf, cep, telefone_residencial, telefone_celular, condominio_id, morador_id, sindico_id) VALUES (126988, 'Apto 518', '3605', 'Viela Peixoto', '', 'Vila São João Batista', 'Monteiro Verde', 'ES', '50030230', '55119651338', '55619474588', 126942, 126988, 126942);
INSERT INTO unidades_residenciais (id, identificador, numero, rua, complemento, bairro, cidade, uf, cep, telefone_residencial, telefone_celular, condominio_id, morador_id, sindico_id) VALUES (126989, 'Apto 418', '3931', 'Viela Peixoto', '', 'Vila São João Batista', 'Monteiro Verde', 'ES', '50030230', '55419788327', '55619665812', 126942, 126989, 126942);
INSERT INTO unidades_residenciais (id, identificador, numero, rua, complemento, bairro, cidade, uf, cep, telefone_residencial, telefone_celular, condominio_id, morador_id, sindico_id) VALUES (126990, 'Apto 369', '5073', 'Viela Peixoto', '', 'Vila São João Batista', 'Monteiro Verde', 'ES', '50030230', '55719447630', '55719023424', 126942, 126990, 126942);
INSERT INTO unidades_residenciais (id, identificador, numero, rua, complemento, bairro, cidade, uf, cep, telefone_residencial, telefone_celular, condominio_id, morador_id, sindico_id) VALUES (126991, 'Apto 330', '2325', 'Viela Peixoto', '', 'Vila São João Batista', 'Monteiro Verde', 'ES', '50030230', '55219049490', '55319573487', 126942, 126991, 126942);
INSERT INTO unidades_residenciais (id, identificador, numero, rua, complemento, bairro, cidade, uf, cep, telefone_residencial, telefone_celular, condominio_id, morador_id, sindico_id) VALUES (126992, 'Apto 594', '9158', 'Viela Peixoto', '', 'Vila São João Batista', 'Monteiro Verde', 'ES', '50030230', '55219903086', '55419113102', 126942, 126992, 126942);
INSERT INTO unidades_residenciais (id, identificador, numero, rua, complemento, bairro, cidade, uf, cep, telefone_residencial, telefone_celular, condominio_id, morador_id, sindico_id) VALUES (126993, 'Apto 616', '60', 'Viela Peixoto', '', 'Vila São João Batista', 'Monteiro Verde', 'ES', '50030230', '55419238545', '55219193182', 126942, 126993, 126942);
INSERT INTO unidades_residenciais (id, identificador, numero, rua, complemento, bairro, cidade, uf, cep, telefone_residencial, telefone_celular, condominio_id, morador_id, sindico_id) VALUES (126994, 'Apto 751', '4286', 'Viela Peixoto', '', 'Vila São João Batista', 'Monteiro Verde', 'ES', '50030230', '55719733224', '55319330343', 126942, 126994, 126942);
INSERT INTO unidades_residenciais (id, identificador, numero, rua, complemento, bairro, cidade, uf, cep, telefone_residencial, telefone_celular, condominio_id, morador_id, sindico_id) VALUES (126995, 'Apto 354', '733', 'Viela Peixoto', '', 'Vila São João Batista', 'Monteiro Verde', 'ES', '50030230', '55119344392', '55419172332', 126942, 126995, 126942);
INSERT INTO unidades_residenciais (id, identificador, numero, rua, complemento, bairro, cidade, uf, cep, telefone_residencial, telefone_celular, condominio_id, morador_id, sindico_id) VALUES (126996, 'Apto 580', '3480', 'Viela Peixoto', '', 'Vila São João Batista', 'Monteiro Verde', 'ES', '50030230', '55319341930', '55849805444', 126942, 126996, 126942);
INSERT INTO unidades_residenciais (id, identificador, numero, rua, complemento, bairro, cidade, uf, cep, telefone_residencial, telefone_celular, condominio_id, morador_id, sindico_id) VALUES (126997, 'Apto 945', '1208', 'Viela Peixoto', '', 'Vila São João Batista', 'Monteiro Verde', 'ES', '50030230', '55519988058', '55619329773', 126942, 126997, 126942);
INSERT INTO unidades_residenciais (id, identificador, numero, rua, complemento, bairro, cidade, uf, cep, telefone_residencial, telefone_celular, condominio_id, morador_id, sindico_id) VALUES (126998, 'Apto 502', '6715', 'Viela Peixoto', '', 'Vila São João Batista', 'Monteiro Verde', 'ES', '50030230', '55319243463', '55219011291', 126942, 126998, 126942);
INSERT INTO unidades_residenciais (id, identificador, numero, rua, complemento, bairro, cidade, uf, cep, telefone_residencial, telefone_celular, condominio_id, morador_id, sindico_id) VALUES (126999, 'Apto 659', '9518', 'Viela Peixoto', '', 'Vila São João Batista', 'Monteiro Verde', 'ES', '50030230', '55119284644', '55819956536', 126942, 126999, 126942);
INSERT INTO unidades_residenciais (id, identificador, numero, rua, complemento, bairro, cidade, uf, cep, telefone_residencial, telefone_celular, condominio_id, morador_id, sindico_id) VALUES (127000, 'Apto 432', '3565', 'Viela Peixoto', '', 'Vila São João Batista', 'Monteiro Verde', 'ES', '50030230', '55849392169', '55849432530', 126942, 127000, 126942);
INSERT INTO unidades_residenciais (id, identificador, numero, rua, complemento, bairro, cidade, uf, cep, telefone_residencial, telefone_celular, condominio_id, morador_id, sindico_id) VALUES (127001, 'Apto 523', '2024', 'Jardim Kamilly Cavalcante', '', 'Confisco', 'Aragão', 'RR', '50030230', '55849590243', '55119433739', 126943, 127001, 126943);
INSERT INTO unidades_residenciais (id, identificador, numero, rua, complemento, bairro, cidade, uf, cep, telefone_residencial, telefone_celular, condominio_id, morador_id, sindico_id) VALUES (127002, 'Apto 428', '6894', 'Jardim Kamilly Cavalcante', '', 'Confisco', 'Aragão', 'RR', '50030230', '55319270645', '55719933428', 126943, 127002, 126943);
INSERT INTO unidades_residenciais (id, identificador, numero, rua, complemento, bairro, cidade, uf, cep, telefone_residencial, telefone_celular, condominio_id, morador_id, sindico_id) VALUES (127003, 'Apto 797', '7256', 'Jardim Kamilly Cavalcante', '', 'Confisco', 'Aragão', 'RR', '50030230', '55519845179', '55319792545', 126943, 127003, 126943);
INSERT INTO unidades_residenciais (id, identificador, numero, rua, complemento, bairro, cidade, uf, cep, telefone_residencial, telefone_celular, condominio_id, morador_id, sindico_id) VALUES (127004, 'Apto 796', '486', 'Jardim Kamilly Cavalcante', '', 'Confisco', 'Aragão', 'RR', '50030230', '55619734591', '55119648194', 126943, 127004, 126943);
INSERT INTO unidades_residenciais (id, identificador, numero, rua, complemento, bairro, cidade, uf, cep, telefone_residencial, telefone_celular, condominio_id, morador_id, sindico_id) VALUES (127005, 'Apto 265', '9433', 'Jardim Kamilly Cavalcante', '', 'Confisco', 'Aragão', 'RR', '50030230', '55519727954', '55619203226', 126943, 127005, 126943);
INSERT INTO unidades_residenciais (id, identificador, numero, rua, complemento, bairro, cidade, uf, cep, telefone_residencial, telefone_celular, condominio_id, morador_id, sindico_id) VALUES (127006, 'Apto 385', '7742', 'Jardim Kamilly Cavalcante', '', 'Confisco', 'Aragão', 'RR', '50030230', '55719732213', '55319339883', 126943, 127006, 126943);
INSERT INTO unidades_residenciais (id, identificador, numero, rua, complemento, bairro, cidade, uf, cep, telefone_residencial, telefone_celular, condominio_id, morador_id, sindico_id) VALUES (127007, 'Apto 913', '7679', 'Jardim Kamilly Cavalcante', '', 'Confisco', 'Aragão', 'RR', '50030230', '55849277877', '55719635456', 126943, 127007, 126943);
INSERT INTO unidades_residenciais (id, identificador, numero, rua, complemento, bairro, cidade, uf, cep, telefone_residencial, telefone_celular, condominio_id, morador_id, sindico_id) VALUES (127008, 'Apto 975', '5698', 'Jardim Kamilly Cavalcante', '', 'Confisco', 'Aragão', 'RR', '50030230', '55619098001', '55819578711', 126943, 127008, 126943);
INSERT INTO unidades_residenciais (id, identificador, numero, rua, complemento, bairro, cidade, uf, cep, telefone_residencial, telefone_celular, condominio_id, morador_id, sindico_id) VALUES (127009, 'Apto 661', '3528', 'Jardim Kamilly Cavalcante', '', 'Confisco', 'Aragão', 'RR', '50030230', '55519907260', '55849581260', 126943, 127009, 126943);
INSERT INTO unidades_residenciais (id, identificador, numero, rua, complemento, bairro, cidade, uf, cep, telefone_residencial, telefone_celular, condominio_id, morador_id, sindico_id) VALUES (127010, 'Apto 508', '8241', 'Jardim Kamilly Cavalcante', '', 'Confisco', 'Aragão', 'RR', '50030230', '55619894313', '55619346748', 126943, 127010, 126943);
INSERT INTO unidades_residenciais (id, identificador, numero, rua, complemento, bairro, cidade, uf, cep, telefone_residencial, telefone_celular, condominio_id, morador_id, sindico_id) VALUES (127011, 'Apto 750', '1505', 'Jardim Kamilly Cavalcante', '', 'Confisco', 'Aragão', 'RR', '50030230', '55519977340', '55819915869', 126943, 127011, 126943);
INSERT INTO unidades_residenciais (id, identificador, numero, rua, complemento, bairro, cidade, uf, cep, telefone_residencial, telefone_celular, condominio_id, morador_id, sindico_id) VALUES (127012, 'Apto 905', '9244', 'Jardim Kamilly Cavalcante', '', 'Confisco', 'Aragão', 'RR', '50030230', '55519598265', '55219551189', 126943, 127012, 126943);
INSERT INTO unidades_residenciais (id, identificador, numero, rua, complemento, bairro, cidade, uf, cep, telefone_residencial, telefone_celular, condominio_id, morador_id, sindico_id) VALUES (127013, 'Apto 879', '165', 'Jardim Kamilly Cavalcante', '', 'Confisco', 'Aragão', 'RR', '50030230', '55119469748', '55219905788', 126943, 127013, 126943);
INSERT INTO unidades_residenciais (id, identificador, numero, rua, complemento, bairro, cidade, uf, cep, telefone_residencial, telefone_celular, condominio_id, morador_id, sindico_id) VALUES (127014, 'Apto 328', '2209', 'Jardim Kamilly Cavalcante', '', 'Confisco', 'Aragão', 'RR', '50030230', '55519699674', '55849377177', 126943, 127014, 126943);
INSERT INTO unidades_residenciais (id, identificador, numero, rua, complemento, bairro, cidade, uf, cep, telefone_residencial, telefone_celular, condominio_id, morador_id, sindico_id) VALUES (127015, 'Apto 172', '8339', 'Jardim Kamilly Cavalcante', '', 'Confisco', 'Aragão', 'RR', '50030230', '55419694525', '55519448632', 126943, 127015, 126943);
INSERT INTO unidades_residenciais (id, identificador, numero, rua, complemento, bairro, cidade, uf, cep, telefone_residencial, telefone_celular, condominio_id, morador_id, sindico_id) VALUES (127016, 'Apto 456', '2135', 'Jardim Kamilly Cavalcante', '', 'Confisco', 'Aragão', 'RR', '50030230', '55519065893', '55619814737', 126943, 127016, 126943);
INSERT INTO unidades_residenciais (id, identificador, numero, rua, complemento, bairro, cidade, uf, cep, telefone_residencial, telefone_celular, condominio_id, morador_id, sindico_id) VALUES (127017, 'Apto 794', '68', 'Jardim Kamilly Cavalcante', '', 'Confisco', 'Aragão', 'RR', '50030230', '55819037468', '55619009014', 126943, 127017, 126943);
INSERT INTO unidades_residenciais (id, identificador, numero, rua, complemento, bairro, cidade, uf, cep, telefone_residencial, telefone_celular, condominio_id, morador_id, sindico_id) VALUES (127018, 'Apto 609', '7068', 'Jardim Kamilly Cavalcante', '', 'Confisco', 'Aragão', 'RR', '50030230', '55719319120', '55319396396', 126943, 127018, 126943);
INSERT INTO unidades_residenciais (id, identificador, numero, rua, complemento, bairro, cidade, uf, cep, telefone_residencial, telefone_celular, condominio_id, morador_id, sindico_id) VALUES (127019, 'Apto 464', '5056', 'Jardim Kamilly Cavalcante', '', 'Confisco', 'Aragão', 'RR', '50030230', '55119063796', '55119151340', 126943, 127019, 126943);
INSERT INTO unidades_residenciais (id, identificador, numero, rua, complemento, bairro, cidade, uf, cep, telefone_residencial, telefone_celular, condominio_id, morador_id, sindico_id) VALUES (127020, 'Apto 449', '6861', 'Jardim Kamilly Cavalcante', '', 'Confisco', 'Aragão', 'RR', '50030230', '55319826982', '55619545097', 126943, 127020, 126943);
INSERT INTO unidades_residenciais (id, identificador, numero, rua, complemento, bairro, cidade, uf, cep, telefone_residencial, telefone_celular, condominio_id, morador_id, sindico_id) VALUES (127021, 'Apto 826', '7862', 'Jardim Kamilly Cavalcante', '', 'Confisco', 'Aragão', 'RR', '50030230', '55849920916', '55119341868', 126943, 127021, 126943);
INSERT INTO unidades_residenciais (id, identificador, numero, rua, complemento, bairro, cidade, uf, cep, telefone_residencial, telefone_celular, condominio_id, morador_id, sindico_id) VALUES (127022, 'Apto 616', '6897', 'Jardim Kamilly Cavalcante', '', 'Confisco', 'Aragão', 'RR', '50030230', '55819686626', '55619991427', 126943, 127022, 126943);
INSERT INTO unidades_residenciais (id, identificador, numero, rua, complemento, bairro, cidade, uf, cep, telefone_residencial, telefone_celular, condominio_id, morador_id, sindico_id) VALUES (127023, 'Apto 116', '2604', 'Jardim Kamilly Cavalcante', '', 'Confisco', 'Aragão', 'RR', '50030230', '55719311003', '55519013134', 126943, 127023, 126943);
INSERT INTO unidades_residenciais (id, identificador, numero, rua, complemento, bairro, cidade, uf, cep, telefone_residencial, telefone_celular, condominio_id, morador_id, sindico_id) VALUES (127024, 'Apto 433', '2723', 'Jardim Kamilly Cavalcante', '', 'Confisco', 'Aragão', 'RR', '50030230', '55819342684', '55419545965', 126943, 127024, 126943);
INSERT INTO unidades_residenciais (id, identificador, numero, rua, complemento, bairro, cidade, uf, cep, telefone_residencial, telefone_celular, condominio_id, morador_id, sindico_id) VALUES (127025, 'Apto 972', '5745', 'Jardim Kamilly Cavalcante', '', 'Confisco', 'Aragão', 'RR', '50030230', '55419394429', '55419185930', 126943, 127025, 126943);
INSERT INTO unidades_residenciais (id, identificador, numero, rua, complemento, bairro, cidade, uf, cep, telefone_residencial, telefone_celular, condominio_id, morador_id, sindico_id) VALUES (127026, 'Apto 106', '1103', 'Jardim Kamilly Cavalcante', '', 'Confisco', 'Aragão', 'RR', '50030230', '55319377291', '55849829022', 126943, 127026, 126943);
INSERT INTO unidades_residenciais (id, identificador, numero, rua, complemento, bairro, cidade, uf, cep, telefone_residencial, telefone_celular, condominio_id, morador_id, sindico_id) VALUES (127027, 'Apto 292', '3220', 'Jardim Kamilly Cavalcante', '', 'Confisco', 'Aragão', 'RR', '50030230', '55219452448', '55319396655', 126943, 127027, 126943);
INSERT INTO unidades_residenciais (id, identificador, numero, rua, complemento, bairro, cidade, uf, cep, telefone_residencial, telefone_celular, condominio_id, morador_id, sindico_id) VALUES (127028, 'Apto 876', '5640', 'Jardim Kamilly Cavalcante', '', 'Confisco', 'Aragão', 'RR', '50030230', '55119504900', '55519077409', 126943, 127028, 126943);
INSERT INTO unidades_residenciais (id, identificador, numero, rua, complemento, bairro, cidade, uf, cep, telefone_residencial, telefone_celular, condominio_id, morador_id, sindico_id) VALUES (127029, 'Apto 842', '6502', 'Jardim Kamilly Cavalcante', '', 'Confisco', 'Aragão', 'RR', '50030230', '55219371793', '55119274701', 126943, 127029, 126943);
INSERT INTO unidades_residenciais (id, identificador, numero, rua, complemento, bairro, cidade, uf, cep, telefone_residencial, telefone_celular, condominio_id, morador_id, sindico_id) VALUES (127030, 'Apto 619', '5621', 'Jardim Kamilly Cavalcante', '', 'Confisco', 'Aragão', 'RR', '50030230', '55849620928', '55719917807', 126943, 127030, 126943);

INSERT INTO porteiros (id, nome, cpf, email, telefone, rua, numero, complemento, bairro, cidade, uf, cep, sindico_id) VALUES (126941, 'Sr. Matheus Casa Grande', '08927536410', 'porteiro0_627@condosmart.com', '55319957301', 'Trevo Lopes', '8662', '', 'Boa União 2ª Seção', 'Cavalcante de Santos', 'SE', '70040010', 126941);
INSERT INTO porteiros (id, nome, cpf, email, telefone, rua, numero, complemento, bairro, cidade, uf, cep, sindico_id) VALUES (126942, 'João Pedro Viana', '59816370484', 'porteiro1_472@condosmart.com', '55719348048', 'Sítio de Pereira', '9213', '', 'Havaí', 'das Neves', 'PE', '30140071', 126941);
INSERT INTO porteiros (id, nome, cpf, email, telefone, rua, numero, complemento, bairro, cidade, uf, cep, sindico_id) VALUES (126943, 'Lunna Rezende', '63104295743', 'porteiro2_692@condosmart.com', '55419273651', 'Fazenda João Gabriel Pacheco', '2211', '', 'Zilah Sposito', 'Sampaio', 'MA', '30140071', 126942);
INSERT INTO porteiros (id, nome, cpf, email, telefone, rua, numero, complemento, bairro, cidade, uf, cep, sindico_id) VALUES (126944, 'Maysa Cavalcante', '65372481080', 'porteiro3_539@condosmart.com', '55419202279', 'Favela de Aparecida', '6250', '', 'Novo Aarão Reis', 'Vieira', 'TO', '01001000', 126942);
INSERT INTO porteiros (id, nome, cpf, email, telefone, rua, numero, complemento, bairro, cidade, uf, cep, sindico_id) VALUES (126945, 'Antony da Cunha', '17093658466', 'porteiro4_125@condosmart.com', '55619466783', 'Favela de Teixeira', '3539', '', 'Vila Fumec', 'Moraes da Prata', 'AM', '40020000', 126943);
INSERT INTO porteiros (id, nome, cpf, email, telefone, rua, numero, complemento, bairro, cidade, uf, cep, sindico_id) VALUES (126946, 'Leonardo Cardoso', '32089576456', 'porteiro5_290@condosmart.com', '55319427914', 'Loteamento de Câmara', '808', '', 'Vila São Gabriel', 'Jesus', 'RO', '01001000', 126943);

INSERT INTO visitantes (id, nome, cpf, telefone, data_hora_entrada, data_hora_saida, observacao, morador_id, porteiro_id, sindico_id, unidade_id) VALUES (126941, 'Lucas Nogueira', '78241953097', '55419355878', '2026-04-22 21:06:22', '2026-05-04 19:08:07', 'Doloremque quas fugit quas totam.', 126952, 126942, 126941, 126960);
INSERT INTO visitantes (id, nome, cpf, telefone, data_hora_entrada, data_hora_saida, observacao, morador_id, porteiro_id, sindico_id, unidade_id) VALUES (126942, 'Luiz Fernando Cavalcanti', '57083921423', '55119739545', '2026-04-30 13:24:36', '2026-05-05 08:00:24', 'Soluta optio quia numquam quisquam sequi esse repudiandae.', 126949, 126941, 126941, 126967);
INSERT INTO visitantes (id, nome, cpf, telefone, data_hora_entrada, data_hora_saida, observacao, morador_id, porteiro_id, sindico_id, unidade_id) VALUES (126943, 'Dr. Cauã Gomes', '83742906178', '55819254945', '2026-04-22 20:25:49', '2026-05-05 13:15:22', 'Explicabo neque aliquam quae molestias similique nesciunt.', 126955, 126941, 126941, 126955);
INSERT INTO visitantes (id, nome, cpf, telefone, data_hora_entrada, data_hora_saida, observacao, morador_id, porteiro_id, sindico_id, unidade_id) VALUES (126944, 'Gael Henrique Cassiano', '20198754388', '55719001355', '2026-05-01 00:59:44', '2026-05-04 20:06:07', 'Quidem fuga minus.', 126946, 126941, 126941, 126956);
INSERT INTO visitantes (id, nome, cpf, telefone, data_hora_entrada, data_hora_saida, observacao, morador_id, porteiro_id, sindico_id, unidade_id) VALUES (126945, 'Brayan Albuquerque', '80759431205', '55119021653', '2026-04-19 13:24:28', '2026-05-05 00:57:42', 'Suscipit asperiores dolorem.', 126950, 126942, 126941, 126964);
INSERT INTO visitantes (id, nome, cpf, telefone, data_hora_entrada, data_hora_saida, observacao, morador_id, porteiro_id, sindico_id, unidade_id) VALUES (126946, 'Rael Camargo', '59672481020', '55319085564', '2026-04-11 00:40:07', '2026-05-04 21:47:59', 'Rem autem cum quidem.', 126957, 126941, 126941, 126944);
INSERT INTO visitantes (id, nome, cpf, telefone, data_hora_entrada, data_hora_saida, observacao, morador_id, porteiro_id, sindico_id, unidade_id) VALUES (126947, 'Laura Albuquerque', '15927403832', '55849919012', '2026-04-17 05:33:07', '2026-05-05 04:49:55', 'Labore vero ipsam recusandae.', 126943, 126942, 126941, 126963);
INSERT INTO visitantes (id, nome, cpf, telefone, data_hora_entrada, data_hora_saida, observacao, morador_id, porteiro_id, sindico_id, unidade_id) VALUES (126948, 'Rebeca Martins', '35784916084', '55619290140', '2026-04-06 07:10:47', '2026-05-05 09:01:29', 'Odio reiciendis beatae consequuntur.', 126963, 126941, 126941, 126968);
INSERT INTO visitantes (id, nome, cpf, telefone, data_hora_entrada, data_hora_saida, observacao, morador_id, porteiro_id, sindico_id, unidade_id) VALUES (126949, 'Mariana Vasconcelos', '87310695410', '55319869615', '2026-04-06 12:48:41', '2026-05-05 08:02:13', 'Distinctio voluptatibus in perferendis sunt.', 126966, 126942, 126941, 126942);
INSERT INTO visitantes (id, nome, cpf, telefone, data_hora_entrada, data_hora_saida, observacao, morador_id, porteiro_id, sindico_id, unidade_id) VALUES (126950, 'Gael Henrique Farias', '27314960534', '55619105099', '2026-04-05 03:55:14', '2026-05-04 22:59:31', 'Magnam tempora quod quo doloribus asperiores eligendi consectetur.', 126951, 126941, 126941, 126945);
INSERT INTO visitantes (id, nome, cpf, telefone, data_hora_entrada, data_hora_saida, observacao, morador_id, porteiro_id, sindico_id, unidade_id) VALUES (126951, 'Theodoro da Rocha', '97541860220', '55319435593', '2026-04-15 07:34:47', '2026-05-05 18:02:08', 'Tempora dolorum quaerat numquam cupiditate corporis dolor.', 126944, 126942, 126941, 126962);
INSERT INTO visitantes (id, nome, cpf, telefone, data_hora_entrada, data_hora_saida, observacao, morador_id, porteiro_id, sindico_id, unidade_id) VALUES (126952, 'Benjamin Ramos', '18904327504', '55219009745', '2026-04-24 10:45:55', '2026-05-04 23:45:47', 'Libero aspernatur facere explicabo.', 126959, 126942, 126941, 126958);
INSERT INTO visitantes (id, nome, cpf, telefone, data_hora_entrada, data_hora_saida, observacao, morador_id, porteiro_id, sindico_id, unidade_id) VALUES (126953, 'Luiz Henrique Costela', '47086312940', '55619061056', '2026-04-07 14:29:05', '2026-05-04 21:05:48', 'Consectetur recusandae doloribus veritatis consequuntur nisi ad.', 126962, 126941, 126941, 126943);
INSERT INTO visitantes (id, nome, cpf, telefone, data_hora_entrada, data_hora_saida, observacao, morador_id, porteiro_id, sindico_id, unidade_id) VALUES (126954, 'Dra. Ana Beatriz Nogueira', '60329584189', '55419381148', '2026-04-25 12:11:17', '2026-05-05 08:42:16', 'Minima sunt accusantium ducimus incidunt.', 126947, 126942, 126941, 126967);
INSERT INTO visitantes (id, nome, cpf, telefone, data_hora_entrada, data_hora_saida, observacao, morador_id, porteiro_id, sindico_id, unidade_id) VALUES (126955, 'Sr. Rhavi Azevedo', '23607591407', '55319103565', '2026-04-29 09:07:26', '2026-05-04 18:13:58', 'Deleniti accusamus optio similique dolor.', 126965, 126942, 126941, 126955);
INSERT INTO visitantes (id, nome, cpf, telefone, data_hora_entrada, data_hora_saida, observacao, morador_id, porteiro_id, sindico_id, unidade_id) VALUES (126956, 'Hadassa Casa Grande', '06821749558', '55719354905', '2026-04-21 06:30:07', '2026-05-05 00:54:32', 'Mollitia maxime fugit dicta commodi voluptates totam.', 126993, 126943, 126942, 126993);
INSERT INTO visitantes (id, nome, cpf, telefone, data_hora_entrada, data_hora_saida, observacao, morador_id, porteiro_id, sindico_id, unidade_id) VALUES (126957, 'Alana Siqueira', '17065439801', '55319818660', '2026-04-20 20:02:56', '2026-05-05 04:53:36', 'Ipsum cum eos sapiente.', 126994, 126943, 126942, 126991);
INSERT INTO visitantes (id, nome, cpf, telefone, data_hora_entrada, data_hora_saida, observacao, morador_id, porteiro_id, sindico_id, unidade_id) VALUES (126958, 'Ana Vitória Macedo', '10253749670', '55319439303', '2026-04-17 11:48:47', '2026-05-04 19:32:19', 'Repellendus cumque deleniti a.', 126986, 126943, 126942, 126991);
INSERT INTO visitantes (id, nome, cpf, telefone, data_hora_entrada, data_hora_saida, observacao, morador_id, porteiro_id, sindico_id, unidade_id) VALUES (126959, 'Levi Câmara', '41028793669', '55219682621', '2026-04-16 10:53:40', '2026-05-05 01:43:39', 'Possimus accusantium consectetur eveniet id.', 126984, 126943, 126942, 126992);
INSERT INTO visitantes (id, nome, cpf, telefone, data_hora_entrada, data_hora_saida, observacao, morador_id, porteiro_id, sindico_id, unidade_id) VALUES (126960, 'Júlia Vieira', '24960578149', '55849951799', '2026-04-22 00:38:29', '2026-05-05 06:52:05', 'Ut dolores minima est quos vitae.', 126979, 126944, 126942, 126995);
INSERT INTO visitantes (id, nome, cpf, telefone, data_hora_entrada, data_hora_saida, observacao, morador_id, porteiro_id, sindico_id, unidade_id) VALUES (126961, 'Caleb Aparecida', '60914278576', '55719729140', '2026-04-30 00:29:40', '2026-05-05 06:11:16', 'Accusamus magnam quas consequuntur.', 126983, 126943, 126942, 126994);
INSERT INTO visitantes (id, nome, cpf, telefone, data_hora_entrada, data_hora_saida, observacao, morador_id, porteiro_id, sindico_id, unidade_id) VALUES (126962, 'Lorenzo Cavalcante', '34902861542', '55819435416', '2026-04-06 04:50:44', '2026-05-05 14:36:51', 'In dolorum officia sint in aliquid quaerat.', 126981, 126943, 126942, 126985);
INSERT INTO visitantes (id, nome, cpf, telefone, data_hora_entrada, data_hora_saida, observacao, morador_id, porteiro_id, sindico_id, unidade_id) VALUES (126963, 'Isadora Jesus', '83495726047', '55219035954', '2026-04-23 20:44:13', '2026-05-05 03:11:47', 'Quaerat id officia quo nihil praesentium vitae.', 126980, 126944, 126942, 126985);
INSERT INTO visitantes (id, nome, cpf, telefone, data_hora_entrada, data_hora_saida, observacao, morador_id, porteiro_id, sindico_id, unidade_id) VALUES (126964, 'Ana Beatriz da Costa', '83724610904', '55849828065', '2026-04-15 03:30:40', '2026-05-05 03:58:51', 'Aliquid cum perspiciatis natus aspernatur quidem.', 126982, 126943, 126942, 126998);
INSERT INTO visitantes (id, nome, cpf, telefone, data_hora_entrada, data_hora_saida, observacao, morador_id, porteiro_id, sindico_id, unidade_id) VALUES (126965, 'Agatha Pacheco', '82564371035', '55319317681', '2026-05-03 00:25:55', '2026-05-04 19:55:52', 'Suscipit itaque recusandae ab dolore soluta sequi.', 126974, 126944, 126942, 126984);
INSERT INTO visitantes (id, nome, cpf, telefone, data_hora_entrada, data_hora_saida, observacao, morador_id, porteiro_id, sindico_id, unidade_id) VALUES (126966, 'Yasmin da Luz', '43659281042', '55119270797', '2026-04-11 01:41:20', '2026-05-05 06:41:30', 'Id rerum voluptatem excepturi alias repellendus.', 126978, 126944, 126942, 126989);
INSERT INTO visitantes (id, nome, cpf, telefone, data_hora_entrada, data_hora_saida, observacao, morador_id, porteiro_id, sindico_id, unidade_id) VALUES (126967, 'Zoe Cavalcanti', '81392564719', '55519572428', '2026-04-13 19:58:42', '2026-05-05 06:28:54', 'Doloremque aliquid optio modi quam eius facilis.', 126972, 126943, 126942, 126983);
INSERT INTO visitantes (id, nome, cpf, telefone, data_hora_entrada, data_hora_saida, observacao, morador_id, porteiro_id, sindico_id, unidade_id) VALUES (126968, 'Ana Sophia Nascimento', '05632419770', '55219445091', '2026-04-30 03:52:23', '2026-05-05 03:07:27', 'Occaecati molestiae illo delectus.', 126981, 126943, 126942, 126988);
INSERT INTO visitantes (id, nome, cpf, telefone, data_hora_entrada, data_hora_saida, observacao, morador_id, porteiro_id, sindico_id, unidade_id) VALUES (126969, 'Ravi Lucca Novais', '17920364850', '55819981400', '2026-04-16 16:46:27', '2026-05-05 17:03:36', 'Aspernatur tenetur vero quas ut atque voluptates.', 126996, 126944, 126942, 126996);
INSERT INTO visitantes (id, nome, cpf, telefone, data_hora_entrada, data_hora_saida, observacao, morador_id, porteiro_id, sindico_id, unidade_id) VALUES (126970, 'Vitor Hugo Araújo', '85293761021', '55619210328', '2026-04-06 18:39:01', '2026-05-05 05:23:09', 'Rem deserunt adipisci error.', 126977, 126944, 126942, 126987);
INSERT INTO visitantes (id, nome, cpf, telefone, data_hora_entrada, data_hora_saida, observacao, morador_id, porteiro_id, sindico_id, unidade_id) VALUES (126971, 'Davi Miguel Cavalcanti', '38674091539', '55519367053', '2026-04-29 00:25:10', '2026-05-04 20:55:09', 'A maxime eveniet molestias provident tenetur asperiores accusantium.', 127022, 126945, 126943, 127003);
INSERT INTO visitantes (id, nome, cpf, telefone, data_hora_entrada, data_hora_saida, observacao, morador_id, porteiro_id, sindico_id, unidade_id) VALUES (126972, 'Ana Cecília Macedo', '13607942803', '55819809333', '2026-04-15 07:24:05', '2026-05-04 23:38:32', 'Commodi nostrum laborum nobis dolore magnam autem.', 127028, 126945, 126943, 127004);
INSERT INTO visitantes (id, nome, cpf, telefone, data_hora_entrada, data_hora_saida, observacao, morador_id, porteiro_id, sindico_id, unidade_id) VALUES (126973, 'Mariane Cavalcanti', '78356021480', '55119239232', '2026-04-30 19:57:21', '2026-05-05 12:05:46', 'Dolorum laboriosam alias magnam voluptatibus a.', 127014, 126946, 126943, 127017);
INSERT INTO visitantes (id, nome, cpf, telefone, data_hora_entrada, data_hora_saida, observacao, morador_id, porteiro_id, sindico_id, unidade_id) VALUES (126974, 'Ian Aparecida', '23176458053', '55719739640', '2026-05-01 14:58:01', '2026-05-05 08:29:27', 'Repellat deserunt soluta ut.', 127002, 126946, 126943, 127004);
INSERT INTO visitantes (id, nome, cpf, telefone, data_hora_entrada, data_hora_saida, observacao, morador_id, porteiro_id, sindico_id, unidade_id) VALUES (126975, 'Ana Lívia Rezende', '24798605158', '55219255610', '2026-04-29 02:43:00', '2026-05-04 21:16:34', 'Culpa eligendi odit.', 127015, 126946, 126943, 127024);
INSERT INTO visitantes (id, nome, cpf, telefone, data_hora_entrada, data_hora_saida, observacao, morador_id, porteiro_id, sindico_id, unidade_id) VALUES (126976, 'Diego da Costa', '04123695833', '55419129156', '2026-04-10 20:49:59', '2026-05-05 10:04:28', 'Mollitia quod optio quos.', 127010, 126946, 126943, 127026);
INSERT INTO visitantes (id, nome, cpf, telefone, data_hora_entrada, data_hora_saida, observacao, morador_id, porteiro_id, sindico_id, unidade_id) VALUES (126977, 'Dr. Alexandre Rezende', '13740658207', '55319697198', '2026-04-10 21:13:22', '2026-05-05 09:28:45', 'Iusto quo ducimus dolorum delectus quidem soluta.', 127004, 126946, 126943, 127017);
INSERT INTO visitantes (id, nome, cpf, telefone, data_hora_entrada, data_hora_saida, observacao, morador_id, porteiro_id, sindico_id, unidade_id) VALUES (126978, 'Srta. Luana Santos', '23856904700', '55719706494', '2026-05-03 09:13:54', '2026-05-05 15:58:34', 'Voluptatum autem dolor molestias.', 127026, 126945, 126943, 127011);
INSERT INTO visitantes (id, nome, cpf, telefone, data_hora_entrada, data_hora_saida, observacao, morador_id, porteiro_id, sindico_id, unidade_id) VALUES (126979, 'Luísa Moura', '10625937406', '55619551188', '2026-04-05 20:46:39', '2026-05-05 03:05:05', 'Totam maxime aspernatur deleniti.', 127027, 126945, 126943, 127016);
INSERT INTO visitantes (id, nome, cpf, telefone, data_hora_entrada, data_hora_saida, observacao, morador_id, porteiro_id, sindico_id, unidade_id) VALUES (126980, 'Sarah Camargo', '06948753175', '55219783571', '2026-04-19 06:44:15', '2026-05-04 23:55:04', 'Repellat expedita quia dolorum omnis accusamus.', 127013, 126946, 126943, 127015);
INSERT INTO visitantes (id, nome, cpf, telefone, data_hora_entrada, data_hora_saida, observacao, morador_id, porteiro_id, sindico_id, unidade_id) VALUES (126981, 'Isabelly Albuquerque', '54793820638', '55619857179', '2026-04-19 20:02:11', '2026-05-05 02:16:11', 'Distinctio consequatur quos.', 127014, 126946, 126943, 127007);
INSERT INTO visitantes (id, nome, cpf, telefone, data_hora_entrada, data_hora_saida, observacao, morador_id, porteiro_id, sindico_id, unidade_id) VALUES (126982, 'Dra. Maria Cecília Novaes', '04713628913', '55849948996', '2026-04-06 17:35:41', '2026-05-04 22:03:42', 'Doloribus illo accusamus soluta nihil consequatur.', 127006, 126945, 126943, 127008);
INSERT INTO visitantes (id, nome, cpf, telefone, data_hora_entrada, data_hora_saida, observacao, morador_id, porteiro_id, sindico_id, unidade_id) VALUES (126983, 'Noah Lopes', '48635910206', '55719670733', '2026-04-16 15:47:38', '2026-05-04 20:19:04', 'Architecto dolore amet fugiat.', 127029, 126946, 126943, 127014);
INSERT INTO visitantes (id, nome, cpf, telefone, data_hora_entrada, data_hora_saida, observacao, morador_id, porteiro_id, sindico_id, unidade_id) VALUES (126984, 'Guilherme Ferreira', '24896750365', '55219972911', '2026-04-06 10:47:54', '2026-05-05 07:02:22', 'Eum doloribus officiis nihil.', 127011, 126946, 126943, 127025);
INSERT INTO visitantes (id, nome, cpf, telefone, data_hora_entrada, data_hora_saida, observacao, morador_id, porteiro_id, sindico_id, unidade_id) VALUES (126985, 'Henry Gabriel Cavalcante', '10354268708', '55719392323', '2026-04-25 20:47:36', '2026-05-05 15:09:14', 'Tenetur ipsa eius magnam repellat eaque.', 127017, 126945, 126943, 127014);

INSERT INTO reservas (id, data_inicio, data_fim, status, area_id, condominio_id, morador_id, sindico_id, visitante_id) VALUES (126941, '2026-05-14 03:04:57', '2026-05-14 04:04:57', 'pendente', 126943, 126941, 126970, 126941, NULL);
INSERT INTO reservas (id, data_inicio, data_fim, status, area_id, condominio_id, morador_id, sindico_id, visitante_id) VALUES (126942, '2026-05-31 07:21:59', '2026-05-31 08:21:59', 'pendente', 126944, 126941, 126957, 126941, NULL);
INSERT INTO reservas (id, data_inicio, data_fim, status, area_id, condominio_id, morador_id, sindico_id, visitante_id) VALUES (126943, '2026-05-16 14:20:44', '2026-05-16 15:20:44', 'pendente', 126945, 126941, 126944, 126941, NULL);
INSERT INTO reservas (id, data_inicio, data_fim, status, area_id, condominio_id, morador_id, sindico_id, visitante_id) VALUES (126944, '2026-05-07 13:48:29', '2026-05-07 14:48:29', 'cancelado', 126943, 126941, 126942, 126941, NULL);
INSERT INTO reservas (id, data_inicio, data_fim, status, area_id, condominio_id, morador_id, sindico_id, visitante_id) VALUES (126945, '2026-05-22 15:11:02', '2026-05-22 16:11:02', 'cancelado', 126941, 126941, 126962, 126941, NULL);
INSERT INTO reservas (id, data_inicio, data_fim, status, area_id, condominio_id, morador_id, sindico_id, visitante_id) VALUES (126946, '2026-05-04 21:03:07', '2026-05-05 01:03:07', 'pendente', 126943, 126941, 126965, 126941, NULL);
INSERT INTO reservas (id, data_inicio, data_fim, status, area_id, condominio_id, morador_id, sindico_id, visitante_id) VALUES (126947, '2026-05-05 16:01:07', '2026-05-05 18:01:07', 'pendente', 126943, 126941, 126945, 126941, NULL);
INSERT INTO reservas (id, data_inicio, data_fim, status, area_id, condominio_id, morador_id, sindico_id, visitante_id) VALUES (126948, '2026-06-02 16:16:56', '2026-06-02 17:16:56', 'confirmado', 126943, 126941, 126948, 126941, NULL);
INSERT INTO reservas (id, data_inicio, data_fim, status, area_id, condominio_id, morador_id, sindico_id, visitante_id) VALUES (126949, '2026-05-14 22:09:46', '2026-05-15 01:09:46', 'cancelado', 126945, 126941, 126947, 126941, NULL);
INSERT INTO reservas (id, data_inicio, data_fim, status, area_id, condominio_id, morador_id, sindico_id, visitante_id) VALUES (126950, '2026-05-20 18:40:52', '2026-05-20 19:40:52', 'confirmado', 126942, 126941, 126969, 126941, NULL);
INSERT INTO reservas (id, data_inicio, data_fim, status, area_id, condominio_id, morador_id, sindico_id, visitante_id) VALUES (126951, '2026-06-01 00:44:36', '2026-06-01 02:44:36', 'confirmado', 126943, 126941, 126959, 126941, NULL);
INSERT INTO reservas (id, data_inicio, data_fim, status, area_id, condominio_id, morador_id, sindico_id, visitante_id) VALUES (126952, '2026-06-01 02:26:49', '2026-06-01 04:26:49', 'confirmado', 126941, 126941, 126941, 126941, NULL);
INSERT INTO reservas (id, data_inicio, data_fim, status, area_id, condominio_id, morador_id, sindico_id, visitante_id) VALUES (126953, '2026-05-24 11:50:43', '2026-05-24 14:50:43', 'pendente', 126944, 126941, 126956, 126941, NULL);
INSERT INTO reservas (id, data_inicio, data_fim, status, area_id, condominio_id, morador_id, sindico_id, visitante_id) VALUES (126954, '2026-05-11 09:20:12', '2026-05-11 10:20:12', 'confirmado', 126945, 126941, 126966, 126941, NULL);
INSERT INTO reservas (id, data_inicio, data_fim, status, area_id, condominio_id, morador_id, sindico_id, visitante_id) VALUES (126955, '2026-05-22 07:15:04', '2026-05-22 09:15:04', 'cancelado', 126943, 126941, 126951, 126941, NULL);
INSERT INTO reservas (id, data_inicio, data_fim, status, area_id, condominio_id, morador_id, sindico_id, visitante_id) VALUES (126956, '2026-05-12 23:42:58', '2026-05-13 00:42:58', 'confirmado', 126943, 126941, 126968, 126941, NULL);
INSERT INTO reservas (id, data_inicio, data_fim, status, area_id, condominio_id, morador_id, sindico_id, visitante_id) VALUES (126957, '2026-05-08 21:22:30', '2026-05-08 23:22:30', 'pendente', 126942, 126941, 126944, 126941, NULL);
INSERT INTO reservas (id, data_inicio, data_fim, status, area_id, condominio_id, morador_id, sindico_id, visitante_id) VALUES (126958, '2026-05-08 16:26:34', '2026-05-08 19:26:34', 'pendente', 126944, 126941, 126953, 126941, NULL);
INSERT INTO reservas (id, data_inicio, data_fim, status, area_id, condominio_id, morador_id, sindico_id, visitante_id) VALUES (126959, '2026-05-13 17:08:32', '2026-05-13 19:08:32', 'confirmado', 126944, 126941, 126952, 126941, NULL);
INSERT INTO reservas (id, data_inicio, data_fim, status, area_id, condominio_id, morador_id, sindico_id, visitante_id) VALUES (126960, '2026-05-23 23:59:23', '2026-05-24 03:59:23', 'cancelado', 126943, 126941, 126955, 126941, NULL);
INSERT INTO reservas (id, data_inicio, data_fim, status, area_id, condominio_id, morador_id, sindico_id, visitante_id) VALUES (126961, '2026-05-24 09:58:51', '2026-05-24 11:58:51', 'pendente', 126948, 126942, 126972, 126942, NULL);
INSERT INTO reservas (id, data_inicio, data_fim, status, area_id, condominio_id, morador_id, sindico_id, visitante_id) VALUES (126962, '2026-05-23 02:53:46', '2026-05-23 05:53:46', 'confirmado', 126949, 126942, 126983, 126942, NULL);
INSERT INTO reservas (id, data_inicio, data_fim, status, area_id, condominio_id, morador_id, sindico_id, visitante_id) VALUES (126963, '2026-06-03 08:13:37', '2026-06-03 12:13:37', 'confirmado', 126949, 126942, 126988, 126942, NULL);
INSERT INTO reservas (id, data_inicio, data_fim, status, area_id, condominio_id, morador_id, sindico_id, visitante_id) VALUES (126964, '2026-05-06 23:05:06', '2026-05-07 00:05:06', 'pendente', 126948, 126942, 126985, 126942, NULL);
INSERT INTO reservas (id, data_inicio, data_fim, status, area_id, condominio_id, morador_id, sindico_id, visitante_id) VALUES (126965, '2026-05-31 01:47:09', '2026-05-31 04:47:09', 'pendente', 126947, 126942, 126982, 126942, NULL);
INSERT INTO reservas (id, data_inicio, data_fim, status, area_id, condominio_id, morador_id, sindico_id, visitante_id) VALUES (126966, '2026-05-18 08:10:26', '2026-05-18 12:10:26', 'pendente', 126948, 126942, 126990, 126942, NULL);
INSERT INTO reservas (id, data_inicio, data_fim, status, area_id, condominio_id, morador_id, sindico_id, visitante_id) VALUES (126967, '2026-06-01 06:01:31', '2026-06-01 07:01:31', 'pendente', 126950, 126942, 126976, 126942, NULL);
INSERT INTO reservas (id, data_inicio, data_fim, status, area_id, condominio_id, morador_id, sindico_id, visitante_id) VALUES (126968, '2026-05-17 03:17:14', '2026-05-17 04:17:14', 'cancelado', 126949, 126942, 126996, 126942, NULL);
INSERT INTO reservas (id, data_inicio, data_fim, status, area_id, condominio_id, morador_id, sindico_id, visitante_id) VALUES (126969, '2026-05-21 08:20:14', '2026-05-21 12:20:14', 'pendente', 126947, 126942, 126997, 126942, NULL);
INSERT INTO reservas (id, data_inicio, data_fim, status, area_id, condominio_id, morador_id, sindico_id, visitante_id) VALUES (126970, '2026-05-22 00:16:54', '2026-05-22 01:16:54', 'confirmado', 126947, 126942, 126972, 126942, NULL);
INSERT INTO reservas (id, data_inicio, data_fim, status, area_id, condominio_id, morador_id, sindico_id, visitante_id) VALUES (126971, '2026-05-25 06:38:15', '2026-05-25 08:38:15', 'cancelado', 126947, 126942, 126986, 126942, NULL);
INSERT INTO reservas (id, data_inicio, data_fim, status, area_id, condominio_id, morador_id, sindico_id, visitante_id) VALUES (126972, '2026-05-14 02:14:58', '2026-05-14 05:14:58', 'cancelado', 126947, 126942, 126987, 126942, NULL);
INSERT INTO reservas (id, data_inicio, data_fim, status, area_id, condominio_id, morador_id, sindico_id, visitante_id) VALUES (126973, '2026-05-25 08:24:01', '2026-05-25 12:24:01', 'pendente', 126946, 126942, 126985, 126942, NULL);
INSERT INTO reservas (id, data_inicio, data_fim, status, area_id, condominio_id, morador_id, sindico_id, visitante_id) VALUES (126974, '2026-05-23 04:03:18', '2026-05-23 07:03:18', 'confirmado', 126947, 126942, 126992, 126942, NULL);
INSERT INTO reservas (id, data_inicio, data_fim, status, area_id, condominio_id, morador_id, sindico_id, visitante_id) VALUES (126975, '2026-05-08 14:54:33', '2026-05-08 15:54:33', 'cancelado', 126946, 126942, 126984, 126942, NULL);
INSERT INTO reservas (id, data_inicio, data_fim, status, area_id, condominio_id, morador_id, sindico_id, visitante_id) VALUES (126976, '2026-05-05 20:02:46', '2026-05-05 22:02:46', 'pendente', 126950, 126942, 126998, 126942, NULL);
INSERT INTO reservas (id, data_inicio, data_fim, status, area_id, condominio_id, morador_id, sindico_id, visitante_id) VALUES (126977, '2026-05-09 09:48:53', '2026-05-09 11:48:53', 'pendente', 126948, 126942, 126994, 126942, NULL);
INSERT INTO reservas (id, data_inicio, data_fim, status, area_id, condominio_id, morador_id, sindico_id, visitante_id) VALUES (126978, '2026-05-23 17:43:55', '2026-05-23 21:43:55', 'pendente', 126946, 126942, 126980, 126942, NULL);
INSERT INTO reservas (id, data_inicio, data_fim, status, area_id, condominio_id, morador_id, sindico_id, visitante_id) VALUES (126979, '2026-05-29 12:47:51', '2026-05-29 15:47:51', 'cancelado', 126949, 126942, 126973, 126942, NULL);
INSERT INTO reservas (id, data_inicio, data_fim, status, area_id, condominio_id, morador_id, sindico_id, visitante_id) VALUES (126980, '2026-05-11 06:25:47', '2026-05-11 07:25:47', 'cancelado', 126946, 126942, 126979, 126942, NULL);
INSERT INTO reservas (id, data_inicio, data_fim, status, area_id, condominio_id, morador_id, sindico_id, visitante_id) VALUES (126981, '2026-05-10 21:01:55', '2026-05-11 01:01:55', 'cancelado', 126952, 126943, 127001, 126943, NULL);
INSERT INTO reservas (id, data_inicio, data_fim, status, area_id, condominio_id, morador_id, sindico_id, visitante_id) VALUES (126982, '2026-05-21 03:19:57', '2026-05-21 05:19:57', 'confirmado', 126952, 126943, 127003, 126943, NULL);
INSERT INTO reservas (id, data_inicio, data_fim, status, area_id, condominio_id, morador_id, sindico_id, visitante_id) VALUES (126983, '2026-05-15 03:41:44', '2026-05-15 06:41:44', 'confirmado', 126953, 126943, 127021, 126943, NULL);
INSERT INTO reservas (id, data_inicio, data_fim, status, area_id, condominio_id, morador_id, sindico_id, visitante_id) VALUES (126984, '2026-05-24 08:52:48', '2026-05-24 10:52:48', 'pendente', 126951, 126943, 127028, 126943, NULL);
INSERT INTO reservas (id, data_inicio, data_fim, status, area_id, condominio_id, morador_id, sindico_id, visitante_id) VALUES (126985, '2026-05-14 15:15:39', '2026-05-14 19:15:39', 'confirmado', 126952, 126943, 127026, 126943, NULL);
INSERT INTO reservas (id, data_inicio, data_fim, status, area_id, condominio_id, morador_id, sindico_id, visitante_id) VALUES (126986, '2026-05-24 11:05:17', '2026-05-24 13:05:17', 'cancelado', 126952, 126943, 127021, 126943, NULL);
INSERT INTO reservas (id, data_inicio, data_fim, status, area_id, condominio_id, morador_id, sindico_id, visitante_id) VALUES (126987, '2026-05-23 01:01:22', '2026-05-23 02:01:22', 'pendente', 126955, 126943, 127016, 126943, NULL);
INSERT INTO reservas (id, data_inicio, data_fim, status, area_id, condominio_id, morador_id, sindico_id, visitante_id) VALUES (126988, '2026-05-19 04:28:01', '2026-05-19 06:28:01', 'cancelado', 126955, 126943, 127017, 126943, NULL);
INSERT INTO reservas (id, data_inicio, data_fim, status, area_id, condominio_id, morador_id, sindico_id, visitante_id) VALUES (126989, '2026-05-25 00:20:43', '2026-05-25 03:20:43', 'pendente', 126954, 126943, 127020, 126943, NULL);
INSERT INTO reservas (id, data_inicio, data_fim, status, area_id, condominio_id, morador_id, sindico_id, visitante_id) VALUES (126990, '2026-05-19 19:41:45', '2026-05-19 22:41:45', 'cancelado', 126955, 126943, 127008, 126943, NULL);
INSERT INTO reservas (id, data_inicio, data_fim, status, area_id, condominio_id, morador_id, sindico_id, visitante_id) VALUES (126991, '2026-05-10 00:44:04', '2026-05-10 03:44:04', 'confirmado', 126955, 126943, 127020, 126943, NULL);
INSERT INTO reservas (id, data_inicio, data_fim, status, area_id, condominio_id, morador_id, sindico_id, visitante_id) VALUES (126992, '2026-05-25 21:00:13', '2026-05-25 23:00:13', 'cancelado', 126952, 126943, 127008, 126943, NULL);
INSERT INTO reservas (id, data_inicio, data_fim, status, area_id, condominio_id, morador_id, sindico_id, visitante_id) VALUES (126993, '2026-05-23 13:26:31', '2026-05-23 15:26:31', 'pendente', 126955, 126943, 127006, 126943, NULL);
INSERT INTO reservas (id, data_inicio, data_fim, status, area_id, condominio_id, morador_id, sindico_id, visitante_id) VALUES (126994, '2026-05-28 04:18:48', '2026-05-28 05:18:48', 'cancelado', 126952, 126943, 127019, 126943, NULL);
INSERT INTO reservas (id, data_inicio, data_fim, status, area_id, condominio_id, morador_id, sindico_id, visitante_id) VALUES (126995, '2026-05-29 14:06:44', '2026-05-29 15:06:44', 'pendente', 126955, 126943, 127020, 126943, NULL);
INSERT INTO reservas (id, data_inicio, data_fim, status, area_id, condominio_id, morador_id, sindico_id, visitante_id) VALUES (126996, '2026-05-07 08:34:18', '2026-05-07 10:34:18', 'cancelado', 126951, 126943, 127028, 126943, NULL);
INSERT INTO reservas (id, data_inicio, data_fim, status, area_id, condominio_id, morador_id, sindico_id, visitante_id) VALUES (126997, '2026-05-07 13:46:30', '2026-05-07 15:46:30', 'cancelado', 126955, 126943, 127022, 126943, NULL);
INSERT INTO reservas (id, data_inicio, data_fim, status, area_id, condominio_id, morador_id, sindico_id, visitante_id) VALUES (126998, '2026-06-02 13:45:09', '2026-06-02 16:45:09', 'cancelado', 126954, 126943, 127005, 126943, NULL);
INSERT INTO reservas (id, data_inicio, data_fim, status, area_id, condominio_id, morador_id, sindico_id, visitante_id) VALUES (126999, '2026-05-27 01:12:47', '2026-05-27 05:12:47', 'confirmado', 126954, 126943, 127010, 126943, NULL);
INSERT INTO reservas (id, data_inicio, data_fim, status, area_id, condominio_id, morador_id, sindico_id, visitante_id) VALUES (127000, '2026-05-23 16:28:56', '2026-05-23 18:28:56', 'pendente', 126954, 126943, 127026, 126943, NULL);

INSERT INTO chamados (id, descricao, status, data_chamado, condominio_id, morador_id, sindico_id) VALUES (126941, 'Nostrum unde accusantium. Beatae at architecto quaerat at.', 'aberto', '2026-04-20 19:51:55', 126941, 126942, 126941);
INSERT INTO chamados (id, descricao, status, data_chamado, condominio_id, morador_id, sindico_id) VALUES (126942, 'Magni tempore quisquam earum nostrum possimus. Harum sunt doloremque excepturi.', 'resolvido', '2026-04-16 09:55:13', 126941, 126959, 126941);
INSERT INTO chamados (id, descricao, status, data_chamado, condominio_id, morador_id, sindico_id) VALUES (126943, 'Cupiditate quasi error.
Sapiente amet id numquam odit facere repellendus. Iure quas tenetur dicta.', 'em_andamento', '2026-04-24 14:47:52', 126941, 126955, 126941);
INSERT INTO chamados (id, descricao, status, data_chamado, condominio_id, morador_id, sindico_id) VALUES (126944, 'Est dicta assumenda iure recusandae ut tenetur. Quo dicta quo. Autem voluptatem nesciunt.', 'em_andamento', '2026-04-19 00:34:44', 126941, 126944, 126941);
INSERT INTO chamados (id, descricao, status, data_chamado, condominio_id, morador_id, sindico_id) VALUES (126945, 'Natus omnis commodi tempore neque. Ipsa quam accusantium expedita.
Occaecati ipsam dolore odio. Quo hic sint deleniti. Sit pariatur magni at tenetur.', 'resolvido', '2026-04-26 07:12:31', 126941, 126947, 126941);
INSERT INTO chamados (id, descricao, status, data_chamado, condominio_id, morador_id, sindico_id) VALUES (126946, 'Itaque tempora illum et eius. Enim omnis maiores consectetur odit officia deleniti.', 'aberto', '2026-04-27 09:37:10', 126941, 126944, 126941);
INSERT INTO chamados (id, descricao, status, data_chamado, condominio_id, morador_id, sindico_id) VALUES (126947, 'Explicabo hic delectus earum dolorem mollitia. Ab nisi autem nihil. Earum aspernatur asperiores quaerat rerum.', 'resolvido', '2026-04-29 08:42:16', 126941, 126961, 126941);
INSERT INTO chamados (id, descricao, status, data_chamado, condominio_id, morador_id, sindico_id) VALUES (126948, 'Corrupti temporibus maiores id necessitatibus et molestiae. Aut maiores odit aliquid.', 'resolvido', '2026-04-13 22:51:19', 126941, 126945, 126941);
INSERT INTO chamados (id, descricao, status, data_chamado, condominio_id, morador_id, sindico_id) VALUES (126949, 'Nobis quam repellat iusto ex dicta deserunt. Distinctio beatae ipsa excepturi. Quasi maiores earum tempora optio at.', 'em_andamento', '2026-04-27 03:40:41', 126941, 126963, 126941);
INSERT INTO chamados (id, descricao, status, data_chamado, condominio_id, morador_id, sindico_id) VALUES (126950, 'In sit facilis nulla vitae. Beatae id nobis voluptatum assumenda impedit.', 'em_andamento', '2026-04-09 01:54:19', 126941, 126954, 126941);
INSERT INTO chamados (id, descricao, status, data_chamado, condominio_id, morador_id, sindico_id) VALUES (126951, 'Explicabo debitis aut illum porro. Aut atque provident voluptates ipsa.', 'resolvido', '2026-03-13 17:09:28', 126941, 126956, 126941);
INSERT INTO chamados (id, descricao, status, data_chamado, condominio_id, morador_id, sindico_id) VALUES (126952, 'Id quos maxime accusantium quasi corporis perspiciatis. Sit nobis ipsam magni porro dolorum ab. Quis quaerat deleniti sequi non neque.', 'resolvido', '2026-03-11 14:19:03', 126941, 126942, 126941);
INSERT INTO chamados (id, descricao, status, data_chamado, condominio_id, morador_id, sindico_id) VALUES (126953, 'Itaque tempora alias eligendi iure. Exercitationem sint magni iusto. Ad molestiae delectus amet architecto consequatur ab.', 'aberto', '2026-04-03 19:24:38', 126941, 126959, 126941);
INSERT INTO chamados (id, descricao, status, data_chamado, condominio_id, morador_id, sindico_id) VALUES (126954, 'Ex voluptate ratione corporis quae. Distinctio enim architecto placeat eaque beatae.', 'em_andamento', '2026-04-28 07:39:03', 126941, 126955, 126941);
INSERT INTO chamados (id, descricao, status, data_chamado, condominio_id, morador_id, sindico_id) VALUES (126955, 'Perspiciatis laboriosam suscipit nisi maxime. Dolore quae voluptates earum veniam.', 'em_andamento', '2026-04-08 09:25:43', 126941, 126959, 126941);
INSERT INTO chamados (id, descricao, status, data_chamado, condominio_id, morador_id, sindico_id) VALUES (126956, 'Occaecati tenetur quae esse necessitatibus ullam. Occaecati corrupti eveniet. At saepe incidunt quos tempora voluptate aliquam aliquid.', 'em_andamento', '2026-04-08 20:31:10', 126942, 126989, 126942);
INSERT INTO chamados (id, descricao, status, data_chamado, condominio_id, morador_id, sindico_id) VALUES (126957, 'Accusantium voluptatum natus in porro at ducimus aliquam. Repellat ex deserunt voluptatibus harum voluptatum reprehenderit.', 'aberto', '2026-03-17 22:16:59', 126942, 126995, 126942);
INSERT INTO chamados (id, descricao, status, data_chamado, condominio_id, morador_id, sindico_id) VALUES (126958, 'Voluptates ullam ducimus nostrum maxime. Dicta eveniet impedit vitae. Qui mollitia minus aut nostrum labore eos mollitia.', 'aberto', '2026-04-20 00:39:26', 126942, 126998, 126942);
INSERT INTO chamados (id, descricao, status, data_chamado, condominio_id, morador_id, sindico_id) VALUES (126959, 'Necessitatibus mollitia nesciunt incidunt quia doloremque. Id illo veniam iure.', 'aberto', '2026-04-12 12:51:41', 126942, 126972, 126942);
INSERT INTO chamados (id, descricao, status, data_chamado, condominio_id, morador_id, sindico_id) VALUES (126960, 'Atque blanditiis tempora qui. Illo suscipit delectus et rerum rem corporis. Voluptatem iusto aperiam mollitia facilis fuga distinctio.', 'resolvido', '2026-03-30 06:35:57', 126942, 126997, 126942);
INSERT INTO chamados (id, descricao, status, data_chamado, condominio_id, morador_id, sindico_id) VALUES (126961, 'Quibusdam quaerat blanditiis beatae aperiam dicta id. Quasi blanditiis eum incidunt. Incidunt exercitationem reprehenderit.', 'em_andamento', '2026-04-05 14:08:04', 126942, 126997, 126942);
INSERT INTO chamados (id, descricao, status, data_chamado, condominio_id, morador_id, sindico_id) VALUES (126962, 'Rerum exercitationem harum autem. Quam iure vero commodi doloremque.', 'aberto', '2026-04-18 00:45:13', 126942, 126992, 126942);
INSERT INTO chamados (id, descricao, status, data_chamado, condominio_id, morador_id, sindico_id) VALUES (126963, 'Hic eveniet dicta iste neque. Repellat cum dicta non iste quod.', 'em_andamento', '2026-03-22 22:45:26', 126942, 126977, 126942);
INSERT INTO chamados (id, descricao, status, data_chamado, condominio_id, morador_id, sindico_id) VALUES (126964, 'Culpa debitis dolor sit. Cumque eius laborum quaerat neque adipisci tempore. Assumenda nulla totam non placeat repudiandae. Aliquam eos itaque neque.', 'em_andamento', '2026-03-15 16:10:25', 126942, 126987, 126942);
INSERT INTO chamados (id, descricao, status, data_chamado, condominio_id, morador_id, sindico_id) VALUES (126965, 'Rerum cupiditate facere accusamus optio quae. Quod dolores dignissimos.', 'em_andamento', '2026-03-21 19:30:45', 126942, 126986, 126942);
INSERT INTO chamados (id, descricao, status, data_chamado, condominio_id, morador_id, sindico_id) VALUES (126966, 'Dolorem error laborum delectus sed. Repellendus voluptatum exercitationem nihil doloribus consectetur consectetur.', 'em_andamento', '2026-04-10 07:04:14', 126942, 126976, 126942);
INSERT INTO chamados (id, descricao, status, data_chamado, condominio_id, morador_id, sindico_id) VALUES (126967, 'Facilis dolores natus suscipit modi adipisci. Autem quos deleniti facere.', 'resolvido', '2026-04-30 09:02:59', 126942, 126978, 126942);
INSERT INTO chamados (id, descricao, status, data_chamado, condominio_id, morador_id, sindico_id) VALUES (126968, 'Voluptatum porro eaque incidunt. Et eveniet illo in. Quidem perspiciatis aspernatur reiciendis quia at voluptate. Officia ut exercitationem.', 'aberto', '2026-04-22 23:15:26', 126942, 126997, 126942);
INSERT INTO chamados (id, descricao, status, data_chamado, condominio_id, morador_id, sindico_id) VALUES (126969, 'Tenetur ullam esse cum sit blanditiis. Magnam distinctio saepe nostrum.', 'aberto', '2026-04-25 01:43:11', 126942, 126990, 126942);
INSERT INTO chamados (id, descricao, status, data_chamado, condominio_id, morador_id, sindico_id) VALUES (126970, 'Officia corrupti suscipit fugiat reiciendis. Aliquam a aut quia nesciunt pariatur mollitia. Aliquid consectetur rerum sed veniam excepturi ipsum.', 'resolvido', '2026-03-07 00:49:33', 126942, 126972, 126942);
INSERT INTO chamados (id, descricao, status, data_chamado, condominio_id, morador_id, sindico_id) VALUES (126971, 'Harum esse veritatis ad. Facilis libero quod ducimus repudiandae ipsum libero. Autem qui cumque exercitationem.', 'em_andamento', '2026-03-15 01:42:50', 126943, 127005, 126943);
INSERT INTO chamados (id, descricao, status, data_chamado, condominio_id, morador_id, sindico_id) VALUES (126972, 'Quos aut laboriosam aliquam commodi officia fugiat veniam. Ipsa odio molestiae rerum. Vitae inventore earum quos perferendis voluptatum.', 'resolvido', '2026-03-20 04:50:04', 126943, 127024, 126943);
INSERT INTO chamados (id, descricao, status, data_chamado, condominio_id, morador_id, sindico_id) VALUES (126973, 'Ad magnam quisquam dolor fuga libero. Similique quisquam quibusdam iste vero. Facilis excepturi asperiores aliquam. In quia exercitationem iste.', 'em_andamento', '2026-04-27 10:22:54', 126943, 127029, 126943);
INSERT INTO chamados (id, descricao, status, data_chamado, condominio_id, morador_id, sindico_id) VALUES (126974, 'Hic laudantium architecto eligendi id. Error ipsum sed tenetur facilis.
Modi quidem molestiae delectus.', 'resolvido', '2026-04-26 08:17:53', 126943, 127002, 126943);
INSERT INTO chamados (id, descricao, status, data_chamado, condominio_id, morador_id, sindico_id) VALUES (126975, 'Nostrum quia non reiciendis earum cumque molestias.
Ipsa harum reprehenderit autem accusantium commodi sequi.', 'aberto', '2026-04-24 08:52:00', 126943, 127027, 126943);
INSERT INTO chamados (id, descricao, status, data_chamado, condominio_id, morador_id, sindico_id) VALUES (126976, 'Eum dignissimos distinctio at cum architecto. Neque aliquam quaerat. Voluptas neque dolore ratione magni porro deserunt quasi.', 'aberto', '2026-04-13 04:16:10', 126943, 127006, 126943);
INSERT INTO chamados (id, descricao, status, data_chamado, condominio_id, morador_id, sindico_id) VALUES (126977, 'Eveniet autem quis corporis odio.
Consequatur dolores dolorum quas. Sunt expedita aperiam id numquam asperiores perspiciatis.', 'aberto', '2026-03-05 23:05:02', 126943, 127002, 126943);
INSERT INTO chamados (id, descricao, status, data_chamado, condominio_id, morador_id, sindico_id) VALUES (126978, 'Blanditiis voluptatum aliquid dolore quibusdam quas distinctio. Praesentium doloribus dignissimos reiciendis voluptas.', 'em_andamento', '2026-03-10 02:31:35', 126943, 127016, 126943);
INSERT INTO chamados (id, descricao, status, data_chamado, condominio_id, morador_id, sindico_id) VALUES (126979, 'Ipsam laudantium quaerat voluptates iste corrupti dolor.', 'em_andamento', '2026-03-06 12:08:49', 126943, 127015, 126943);
INSERT INTO chamados (id, descricao, status, data_chamado, condominio_id, morador_id, sindico_id) VALUES (126980, 'Odio itaque vero aspernatur esse asperiores vero. Esse corrupti vel mollitia fuga repellat neque. Velit voluptatem consectetur vero.', 'em_andamento', '2026-03-18 05:13:14', 126943, 127019, 126943);
INSERT INTO chamados (id, descricao, status, data_chamado, condominio_id, morador_id, sindico_id) VALUES (126981, 'Tempora adipisci esse facilis repellendus magni dolore. Delectus aliquid labore labore totam animi blanditiis.', 'resolvido', '2026-03-14 13:23:03', 126943, 127016, 126943);
INSERT INTO chamados (id, descricao, status, data_chamado, condominio_id, morador_id, sindico_id) VALUES (126982, 'Fugiat tenetur maiores dolorem doloremque vel. Eaque temporibus nam necessitatibus.', 'em_andamento', '2026-03-31 10:54:01', 126943, 127007, 126943);
INSERT INTO chamados (id, descricao, status, data_chamado, condominio_id, morador_id, sindico_id) VALUES (126983, 'Iusto animi alias dolorum quae laboriosam. Quidem odit pariatur illo iusto saepe. Sint eligendi aliquam accusamus libero eius.', 'aberto', '2026-03-19 05:18:21', 126943, 127003, 126943);
INSERT INTO chamados (id, descricao, status, data_chamado, condominio_id, morador_id, sindico_id) VALUES (126984, 'Necessitatibus hic vel dolorem ratione inventore exercitationem. Ex nam aut magnam.', 'aberto', '2026-03-06 00:24:24', 126943, 127003, 126943);
INSERT INTO chamados (id, descricao, status, data_chamado, condominio_id, morador_id, sindico_id) VALUES (126985, 'Aliquid consectetur quas nulla iure. Nihil temporibus quasi facere. Reprehenderit porro sit inventore eum deleniti rem.', 'resolvido', '2026-03-07 20:19:51', 126943, 127019, 126943);

INSERT INTO pagamentos (id, valor, data_pagamento, forma_pagamento, status, condominio_id, morador_id, unidade_id) VALUES (126941, 450, '2026-05-01 18:04:25', 'cartao_credito', 'pago', 126941, 126941, 126941);
INSERT INTO pagamentos (id, valor, data_pagamento, forma_pagamento, status, condominio_id, morador_id, unidade_id) VALUES (126942, 1079, '2026-04-03 18:04:25', 'boleto', 'pago', 126941, 126941, 126941);
INSERT INTO pagamentos (id, valor, data_pagamento, forma_pagamento, status, condominio_id, morador_id, unidade_id) VALUES (126943, 313, '2026-04-29 18:04:25', 'cartao_credito', 'pago', 126941, 126944, 126944);
INSERT INTO pagamentos (id, valor, data_pagamento, forma_pagamento, status, condominio_id, morador_id, unidade_id) VALUES (126944, 1196, '2026-03-30 18:04:25', 'boleto', 'pago', 126941, 126946, 126946);
INSERT INTO pagamentos (id, valor, data_pagamento, forma_pagamento, status, condominio_id, morador_id, unidade_id) VALUES (126945, 822, '2026-02-28 18:04:25', 'pix', 'pago', 126941, 126946, 126946);
INSERT INTO pagamentos (id, valor, data_pagamento, forma_pagamento, status, condominio_id, morador_id, unidade_id) VALUES (126946, 749, '2026-03-30 18:04:25', 'boleto', 'pago', 126941, 126947, 126947);
INSERT INTO pagamentos (id, valor, data_pagamento, forma_pagamento, status, condominio_id, morador_id, unidade_id) VALUES (126947, 971, '2026-04-03 18:04:25', 'pix', 'pago', 126941, 126948, 126948);
INSERT INTO pagamentos (id, valor, data_pagamento, forma_pagamento, status, condominio_id, morador_id, unidade_id) VALUES (126948, 1134, '2026-03-02 18:04:25', 'boleto', 'pago', 126941, 126948, 126948);
INSERT INTO pagamentos (id, valor, data_pagamento, forma_pagamento, status, condominio_id, morador_id, unidade_id) VALUES (126949, 1082, '2026-03-04 18:04:25', 'boleto', 'pago', 126941, 126949, 126949);
INSERT INTO pagamentos (id, valor, data_pagamento, forma_pagamento, status, condominio_id, morador_id, unidade_id) VALUES (126950, 491, '2026-05-03 18:04:25', 'cartao_credito', 'pago', 126941, 126951, 126951);
INSERT INTO pagamentos (id, valor, data_pagamento, forma_pagamento, status, condominio_id, morador_id, unidade_id) VALUES (126951, 862, '2026-03-01 18:04:25', 'boleto', 'pago', 126941, 126951, 126951);
INSERT INTO pagamentos (id, valor, data_pagamento, forma_pagamento, status, condominio_id, morador_id, unidade_id) VALUES (126952, 761, '2026-05-01 18:04:25', 'cartao_credito', 'pago', 126941, 126952, 126952);
INSERT INTO pagamentos (id, valor, data_pagamento, forma_pagamento, status, condominio_id, morador_id, unidade_id) VALUES (126953, 1123, '2026-04-02 18:04:25', 'pix', 'pago', 126941, 126952, 126952);
INSERT INTO pagamentos (id, valor, data_pagamento, forma_pagamento, status, condominio_id, morador_id, unidade_id) VALUES (126954, 572, '2026-02-28 18:04:25', 'boleto', 'pago', 126941, 126952, 126952);
INSERT INTO pagamentos (id, valor, data_pagamento, forma_pagamento, status, condominio_id, morador_id, unidade_id) VALUES (126955, 1479, '2026-05-02 18:04:25', 'cartao_credito', 'pago', 126941, 126954, 126954);
INSERT INTO pagamentos (id, valor, data_pagamento, forma_pagamento, status, condominio_id, morador_id, unidade_id) VALUES (126956, 671, '2026-05-02 18:04:25', 'pix', 'pago', 126941, 126955, 126955);
INSERT INTO pagamentos (id, valor, data_pagamento, forma_pagamento, status, condominio_id, morador_id, unidade_id) VALUES (126957, 959, '2026-03-03 18:04:25', 'pix', 'pago', 126941, 126955, 126955);
INSERT INTO pagamentos (id, valor, data_pagamento, forma_pagamento, status, condominio_id, morador_id, unidade_id) VALUES (126958, 1064, '2026-04-03 18:04:25', 'pix', 'pago', 126941, 126958, 126958);
INSERT INTO pagamentos (id, valor, data_pagamento, forma_pagamento, status, condominio_id, morador_id, unidade_id) VALUES (126959, 678, '2026-04-30 18:04:25', 'pix', 'pago', 126941, 126959, 126959);
INSERT INTO pagamentos (id, valor, data_pagamento, forma_pagamento, status, condominio_id, morador_id, unidade_id) VALUES (126960, 1174, '2026-03-03 18:04:25', 'pix', 'pago', 126941, 126959, 126959);
INSERT INTO pagamentos (id, valor, data_pagamento, forma_pagamento, status, condominio_id, morador_id, unidade_id) VALUES (126961, 708, '2026-05-02 18:04:25', 'pix', 'pago', 126941, 126960, 126960);
INSERT INTO pagamentos (id, valor, data_pagamento, forma_pagamento, status, condominio_id, morador_id, unidade_id) VALUES (126962, 584, '2026-04-02 18:04:25', 'cartao_credito', 'pago', 126941, 126960, 126960);
INSERT INTO pagamentos (id, valor, data_pagamento, forma_pagamento, status, condominio_id, morador_id, unidade_id) VALUES (126963, 887, '2026-03-03 18:04:25', 'boleto', 'pago', 126941, 126960, 126960);
INSERT INTO pagamentos (id, valor, data_pagamento, forma_pagamento, status, condominio_id, morador_id, unidade_id) VALUES (126964, 849, '2026-05-01 18:04:25', 'pix', 'pago', 126941, 126961, 126961);
INSERT INTO pagamentos (id, valor, data_pagamento, forma_pagamento, status, condominio_id, morador_id, unidade_id) VALUES (126965, 1075, '2026-04-01 18:04:25', 'pix', 'pago', 126941, 126962, 126962);
INSERT INTO pagamentos (id, valor, data_pagamento, forma_pagamento, status, condominio_id, morador_id, unidade_id) VALUES (126966, 1123, '2026-04-29 18:04:25', 'cartao_credito', 'pago', 126941, 126963, 126963);
INSERT INTO pagamentos (id, valor, data_pagamento, forma_pagamento, status, condominio_id, morador_id, unidade_id) VALUES (126967, 1338, '2026-03-31 18:04:25', 'pix', 'pago', 126941, 126963, 126963);
INSERT INTO pagamentos (id, valor, data_pagamento, forma_pagamento, status, condominio_id, morador_id, unidade_id) VALUES (126968, 571, '2026-03-03 18:04:25', 'pix', 'pago', 126941, 126963, 126963);
INSERT INTO pagamentos (id, valor, data_pagamento, forma_pagamento, status, condominio_id, morador_id, unidade_id) VALUES (126969, 1332, '2026-05-03 18:04:25', 'boleto', 'pago', 126941, 126968, 126968);
INSERT INTO pagamentos (id, valor, data_pagamento, forma_pagamento, status, condominio_id, morador_id, unidade_id) VALUES (126970, 511, '2026-03-01 18:04:25', 'pix', 'pago', 126941, 126969, 126969);
INSERT INTO pagamentos (id, valor, data_pagamento, forma_pagamento, status, condominio_id, morador_id, unidade_id) VALUES (126971, 593, '2026-04-29 18:04:25', 'pix', 'pago', 126942, 126972, 126972);
INSERT INTO pagamentos (id, valor, data_pagamento, forma_pagamento, status, condominio_id, morador_id, unidade_id) VALUES (126972, 786, '2026-03-02 18:04:25', 'cartao_credito', 'pago', 126942, 126972, 126972);
INSERT INTO pagamentos (id, valor, data_pagamento, forma_pagamento, status, condominio_id, morador_id, unidade_id) VALUES (126973, 326, '2026-05-02 18:04:25', 'cartao_credito', 'pago', 126942, 126973, 126973);
INSERT INTO pagamentos (id, valor, data_pagamento, forma_pagamento, status, condominio_id, morador_id, unidade_id) VALUES (126974, 907, '2026-04-03 18:04:25', 'boleto', 'pago', 126942, 126973, 126973);
INSERT INTO pagamentos (id, valor, data_pagamento, forma_pagamento, status, condominio_id, morador_id, unidade_id) VALUES (126975, 640, '2026-04-02 18:04:25', 'cartao_credito', 'pago', 126942, 126974, 126974);
INSERT INTO pagamentos (id, valor, data_pagamento, forma_pagamento, status, condominio_id, morador_id, unidade_id) VALUES (126976, 309, '2026-02-28 18:04:25', 'cartao_credito', 'pago', 126942, 126974, 126974);
INSERT INTO pagamentos (id, valor, data_pagamento, forma_pagamento, status, condominio_id, morador_id, unidade_id) VALUES (126977, 394, '2026-05-03 18:04:25', 'cartao_credito', 'pago', 126942, 126975, 126975);
INSERT INTO pagamentos (id, valor, data_pagamento, forma_pagamento, status, condominio_id, morador_id, unidade_id) VALUES (126978, 1164, '2026-03-04 18:04:25', 'boleto', 'pago', 126942, 126976, 126976);
INSERT INTO pagamentos (id, valor, data_pagamento, forma_pagamento, status, condominio_id, morador_id, unidade_id) VALUES (126979, 811, '2026-05-01 18:04:25', 'cartao_credito', 'pago', 126942, 126978, 126978);
INSERT INTO pagamentos (id, valor, data_pagamento, forma_pagamento, status, condominio_id, morador_id, unidade_id) VALUES (126980, 995, '2026-03-04 18:04:25', 'boleto', 'pago', 126942, 126982, 126982);
INSERT INTO pagamentos (id, valor, data_pagamento, forma_pagamento, status, condominio_id, morador_id, unidade_id) VALUES (126981, 1234, '2026-02-28 18:04:25', 'cartao_credito', 'pago', 126942, 126983, 126983);
INSERT INTO pagamentos (id, valor, data_pagamento, forma_pagamento, status, condominio_id, morador_id, unidade_id) VALUES (126982, 459, '2026-04-03 18:04:25', 'boleto', 'pago', 126942, 126985, 126985);
INSERT INTO pagamentos (id, valor, data_pagamento, forma_pagamento, status, condominio_id, morador_id, unidade_id) VALUES (126983, 589, '2026-03-02 18:04:25', 'cartao_credito', 'pago', 126942, 126985, 126985);
INSERT INTO pagamentos (id, valor, data_pagamento, forma_pagamento, status, condominio_id, morador_id, unidade_id) VALUES (126984, 1211, '2026-05-02 18:04:25', 'pix', 'pago', 126942, 126987, 126987);
INSERT INTO pagamentos (id, valor, data_pagamento, forma_pagamento, status, condominio_id, morador_id, unidade_id) VALUES (126985, 1375, '2026-04-30 18:04:25', 'cartao_credito', 'pago', 126942, 126988, 126988);
INSERT INTO pagamentos (id, valor, data_pagamento, forma_pagamento, status, condominio_id, morador_id, unidade_id) VALUES (126986, 370, '2026-04-01 18:04:25', 'pix', 'pago', 126942, 126988, 126988);
INSERT INTO pagamentos (id, valor, data_pagamento, forma_pagamento, status, condominio_id, morador_id, unidade_id) VALUES (126987, 1426, '2026-05-02 18:04:25', 'pix', 'pago', 126942, 126989, 126989);
INSERT INTO pagamentos (id, valor, data_pagamento, forma_pagamento, status, condominio_id, morador_id, unidade_id) VALUES (126988, 942, '2026-04-29 18:04:25', 'cartao_credito', 'pago', 126942, 126991, 126991);
INSERT INTO pagamentos (id, valor, data_pagamento, forma_pagamento, status, condominio_id, morador_id, unidade_id) VALUES (126989, 1357, '2026-03-01 18:04:25', 'cartao_credito', 'pago', 126942, 126993, 126993);
INSERT INTO pagamentos (id, valor, data_pagamento, forma_pagamento, status, condominio_id, morador_id, unidade_id) VALUES (126990, 1029, '2026-04-30 18:04:25', 'pix', 'pago', 126942, 126994, 126994);
INSERT INTO pagamentos (id, valor, data_pagamento, forma_pagamento, status, condominio_id, morador_id, unidade_id) VALUES (126991, 917, '2026-05-03 18:04:25', 'boleto', 'pago', 126942, 126995, 126995);
INSERT INTO pagamentos (id, valor, data_pagamento, forma_pagamento, status, condominio_id, morador_id, unidade_id) VALUES (126992, 1040, '2026-03-31 18:04:25', 'pix', 'pago', 126942, 126995, 126995);
INSERT INTO pagamentos (id, valor, data_pagamento, forma_pagamento, status, condominio_id, morador_id, unidade_id) VALUES (126993, 804, '2026-03-01 18:04:25', 'cartao_credito', 'pago', 126942, 126996, 126996);
INSERT INTO pagamentos (id, valor, data_pagamento, forma_pagamento, status, condominio_id, morador_id, unidade_id) VALUES (126994, 693, '2026-04-02 18:04:25', 'pix', 'pago', 126942, 126998, 126998);
INSERT INTO pagamentos (id, valor, data_pagamento, forma_pagamento, status, condominio_id, morador_id, unidade_id) VALUES (126995, 1105, '2026-03-30 18:04:25', 'cartao_credito', 'pago', 126942, 126999, 126999);
INSERT INTO pagamentos (id, valor, data_pagamento, forma_pagamento, status, condominio_id, morador_id, unidade_id) VALUES (126996, 573, '2026-03-30 18:04:25', 'cartao_credito', 'pago', 126942, 127000, 127000);
INSERT INTO pagamentos (id, valor, data_pagamento, forma_pagamento, status, condominio_id, morador_id, unidade_id) VALUES (126997, 886, '2026-02-28 18:04:25', 'cartao_credito', 'pago', 126943, 127002, 127002);
INSERT INTO pagamentos (id, valor, data_pagamento, forma_pagamento, status, condominio_id, morador_id, unidade_id) VALUES (126998, 1434, '2026-04-01 18:04:25', 'pix', 'pago', 126943, 127003, 127003);
INSERT INTO pagamentos (id, valor, data_pagamento, forma_pagamento, status, condominio_id, morador_id, unidade_id) VALUES (126999, 908, '2026-05-03 18:04:25', 'pix', 'pago', 126943, 127005, 127005);
INSERT INTO pagamentos (id, valor, data_pagamento, forma_pagamento, status, condominio_id, morador_id, unidade_id) VALUES (127000, 489, '2026-03-04 18:04:25', 'pix', 'pago', 126943, 127005, 127005);
INSERT INTO pagamentos (id, valor, data_pagamento, forma_pagamento, status, condominio_id, morador_id, unidade_id) VALUES (127001, 1260, '2026-04-02 18:04:25', 'boleto', 'pago', 126943, 127006, 127006);
INSERT INTO pagamentos (id, valor, data_pagamento, forma_pagamento, status, condominio_id, morador_id, unidade_id) VALUES (127002, 1449, '2026-04-03 18:04:25', 'pix', 'pago', 126943, 127008, 127008);
INSERT INTO pagamentos (id, valor, data_pagamento, forma_pagamento, status, condominio_id, morador_id, unidade_id) VALUES (127003, 1167, '2026-02-28 18:04:25', 'boleto', 'pago', 126943, 127008, 127008);
INSERT INTO pagamentos (id, valor, data_pagamento, forma_pagamento, status, condominio_id, morador_id, unidade_id) VALUES (127004, 361, '2026-03-02 18:04:25', 'pix', 'pago', 126943, 127009, 127009);
INSERT INTO pagamentos (id, valor, data_pagamento, forma_pagamento, status, condominio_id, morador_id, unidade_id) VALUES (127005, 770, '2026-04-29 18:04:25', 'pix', 'pago', 126943, 127011, 127011);
INSERT INTO pagamentos (id, valor, data_pagamento, forma_pagamento, status, condominio_id, morador_id, unidade_id) VALUES (127006, 1479, '2026-04-03 18:04:25', 'cartao_credito', 'pago', 126943, 127011, 127011);
INSERT INTO pagamentos (id, valor, data_pagamento, forma_pagamento, status, condominio_id, morador_id, unidade_id) VALUES (127007, 313, '2026-03-03 18:04:25', 'pix', 'pago', 126943, 127012, 127012);
INSERT INTO pagamentos (id, valor, data_pagamento, forma_pagamento, status, condominio_id, morador_id, unidade_id) VALUES (127008, 1473, '2026-05-02 18:04:25', 'pix', 'pago', 126943, 127014, 127014);
INSERT INTO pagamentos (id, valor, data_pagamento, forma_pagamento, status, condominio_id, morador_id, unidade_id) VALUES (127009, 1275, '2026-03-04 18:04:25', 'cartao_credito', 'pago', 126943, 127015, 127015);
INSERT INTO pagamentos (id, valor, data_pagamento, forma_pagamento, status, condominio_id, morador_id, unidade_id) VALUES (127010, 1451, '2026-04-01 18:04:25', 'cartao_credito', 'pago', 126943, 127016, 127016);
INSERT INTO pagamentos (id, valor, data_pagamento, forma_pagamento, status, condominio_id, morador_id, unidade_id) VALUES (127011, 304, '2026-03-02 18:04:25', 'boleto', 'pago', 126943, 127017, 127017);
INSERT INTO pagamentos (id, valor, data_pagamento, forma_pagamento, status, condominio_id, morador_id, unidade_id) VALUES (127012, 408, '2026-04-02 18:04:25', 'pix', 'pago', 126943, 127018, 127018);
INSERT INTO pagamentos (id, valor, data_pagamento, forma_pagamento, status, condominio_id, morador_id, unidade_id) VALUES (127013, 1212, '2026-02-28 18:04:25', 'cartao_credito', 'pago', 126943, 127018, 127018);
INSERT INTO pagamentos (id, valor, data_pagamento, forma_pagamento, status, condominio_id, morador_id, unidade_id) VALUES (127014, 510, '2026-04-03 18:04:25', 'boleto', 'pago', 126943, 127019, 127019);
INSERT INTO pagamentos (id, valor, data_pagamento, forma_pagamento, status, condominio_id, morador_id, unidade_id) VALUES (127015, 1332, '2026-02-28 18:04:25', 'cartao_credito', 'pago', 126943, 127019, 127019);
INSERT INTO pagamentos (id, valor, data_pagamento, forma_pagamento, status, condominio_id, morador_id, unidade_id) VALUES (127016, 432, '2026-05-03 18:04:25', 'boleto', 'pago', 126943, 127020, 127020);
INSERT INTO pagamentos (id, valor, data_pagamento, forma_pagamento, status, condominio_id, morador_id, unidade_id) VALUES (127017, 994, '2026-04-01 18:04:25', 'boleto', 'pago', 126943, 127022, 127022);
INSERT INTO pagamentos (id, valor, data_pagamento, forma_pagamento, status, condominio_id, morador_id, unidade_id) VALUES (127018, 442, '2026-03-04 18:04:25', 'pix', 'pago', 126943, 127022, 127022);
INSERT INTO pagamentos (id, valor, data_pagamento, forma_pagamento, status, condominio_id, morador_id, unidade_id) VALUES (127019, 429, '2026-03-04 18:04:25', 'boleto', 'pago', 126943, 127023, 127023);
INSERT INTO pagamentos (id, valor, data_pagamento, forma_pagamento, status, condominio_id, morador_id, unidade_id) VALUES (127020, 513, '2026-02-28 18:04:25', 'pix', 'pago', 126943, 127024, 127024);
INSERT INTO pagamentos (id, valor, data_pagamento, forma_pagamento, status, condominio_id, morador_id, unidade_id) VALUES (127021, 466, '2026-05-03 18:04:25', 'pix', 'pago', 126943, 127026, 127026);
INSERT INTO pagamentos (id, valor, data_pagamento, forma_pagamento, status, condominio_id, morador_id, unidade_id) VALUES (127022, 967, '2026-03-30 18:04:25', 'boleto', 'pago', 126943, 127026, 127026);
INSERT INTO pagamentos (id, valor, data_pagamento, forma_pagamento, status, condominio_id, morador_id, unidade_id) VALUES (127023, 1031, '2026-03-04 18:04:25', 'boleto', 'pago', 126943, 127026, 127026);
INSERT INTO pagamentos (id, valor, data_pagamento, forma_pagamento, status, condominio_id, morador_id, unidade_id) VALUES (127024, 902, '2026-05-03 18:04:25', 'boleto', 'pago', 126943, 127027, 127027);
INSERT INTO pagamentos (id, valor, data_pagamento, forma_pagamento, status, condominio_id, morador_id, unidade_id) VALUES (127025, 739, '2026-03-31 18:04:25', 'cartao_credito', 'pago', 126943, 127027, 127027);
INSERT INTO pagamentos (id, valor, data_pagamento, forma_pagamento, status, condominio_id, morador_id, unidade_id) VALUES (127026, 928, '2026-02-28 18:04:25', 'pix', 'pago', 126943, 127027, 127027);
INSERT INTO pagamentos (id, valor, data_pagamento, forma_pagamento, status, condominio_id, morador_id, unidade_id) VALUES (127027, 743, '2026-04-02 18:04:25', 'boleto', 'pago', 126943, 127028, 127028);
INSERT INTO pagamentos (id, valor, data_pagamento, forma_pagamento, status, condominio_id, morador_id, unidade_id) VALUES (127028, 823, '2026-05-02 18:04:25', 'cartao_credito', 'pago', 126943, 127030, 127030);

INSERT INTO mensalidades (id, competencia, vencimento, valor, valor_original, valor_final, status, pagamento_id, unidade_id, morador_id, condominio_id) VALUES (126941, '2026-05-01', '2026-05-04', 450, 450, 450, 'pago', 126941, 126941, 126941, 126941);
INSERT INTO mensalidades (id, competencia, vencimento, valor, valor_original, valor_final, status, pagamento_id, unidade_id, morador_id, condominio_id) VALUES (126942, '2026-04-01', '2026-04-04', 1079, 1079, 1079, 'pago', 126942, 126941, 126941, 126941);
INSERT INTO mensalidades (id, competencia, vencimento, valor, valor_original, valor_final, status, pagamento_id, unidade_id, morador_id, condominio_id) VALUES (126943, '2026-03-01', '2026-03-05', 1246, 1246, 1246, 'atrasado', NULL, 126941, 126941, 126941);
INSERT INTO mensalidades (id, competencia, vencimento, valor, valor_original, valor_final, status, pagamento_id, unidade_id, morador_id, condominio_id) VALUES (126944, '2026-05-01', '2026-05-04', 1271, 1271, 1271, 'pendente', NULL, 126942, 126942, 126941);
INSERT INTO mensalidades (id, competencia, vencimento, valor, valor_original, valor_final, status, pagamento_id, unidade_id, morador_id, condominio_id) VALUES (126945, '2026-04-01', '2026-04-04', 361, 361, 361, 'pendente', NULL, 126942, 126942, 126941);
INSERT INTO mensalidades (id, competencia, vencimento, valor, valor_original, valor_final, status, pagamento_id, unidade_id, morador_id, condominio_id) VALUES (126946, '2026-03-01', '2026-03-05', 379, 379, 379, 'atrasado', NULL, 126942, 126942, 126941);
INSERT INTO mensalidades (id, competencia, vencimento, valor, valor_original, valor_final, status, pagamento_id, unidade_id, morador_id, condominio_id) VALUES (126947, '2026-05-01', '2026-05-04', 451, 451, 451, 'atrasado', NULL, 126943, 126943, 126941);
INSERT INTO mensalidades (id, competencia, vencimento, valor, valor_original, valor_final, status, pagamento_id, unidade_id, morador_id, condominio_id) VALUES (126948, '2026-04-01', '2026-04-04', 1098, 1098, 1098, 'atrasado', NULL, 126943, 126943, 126941);
INSERT INTO mensalidades (id, competencia, vencimento, valor, valor_original, valor_final, status, pagamento_id, unidade_id, morador_id, condominio_id) VALUES (126949, '2026-03-01', '2026-03-05', 503, 503, 503, 'pendente', NULL, 126943, 126943, 126941);
INSERT INTO mensalidades (id, competencia, vencimento, valor, valor_original, valor_final, status, pagamento_id, unidade_id, morador_id, condominio_id) VALUES (126950, '2026-05-01', '2026-05-04', 313, 313, 313, 'pago', 126943, 126944, 126944, 126941);
INSERT INTO mensalidades (id, competencia, vencimento, valor, valor_original, valor_final, status, pagamento_id, unidade_id, morador_id, condominio_id) VALUES (126951, '2026-04-01', '2026-04-04', 591, 591, 591, 'atrasado', NULL, 126944, 126944, 126941);
INSERT INTO mensalidades (id, competencia, vencimento, valor, valor_original, valor_final, status, pagamento_id, unidade_id, morador_id, condominio_id) VALUES (126952, '2026-03-01', '2026-03-05', 1050, 1050, 1050, 'pendente', NULL, 126944, 126944, 126941);
INSERT INTO mensalidades (id, competencia, vencimento, valor, valor_original, valor_final, status, pagamento_id, unidade_id, morador_id, condominio_id) VALUES (126953, '2026-05-01', '2026-05-04', 727, 727, 727, 'pendente', NULL, 126945, 126945, 126941);
INSERT INTO mensalidades (id, competencia, vencimento, valor, valor_original, valor_final, status, pagamento_id, unidade_id, morador_id, condominio_id) VALUES (126954, '2026-04-01', '2026-04-04', 732, 732, 732, 'atrasado', NULL, 126945, 126945, 126941);
INSERT INTO mensalidades (id, competencia, vencimento, valor, valor_original, valor_final, status, pagamento_id, unidade_id, morador_id, condominio_id) VALUES (126955, '2026-03-01', '2026-03-05', 1417, 1417, 1417, 'atrasado', NULL, 126945, 126945, 126941);
INSERT INTO mensalidades (id, competencia, vencimento, valor, valor_original, valor_final, status, pagamento_id, unidade_id, morador_id, condominio_id) VALUES (126956, '2026-05-01', '2026-05-04', 1163, 1163, 1163, 'atrasado', NULL, 126946, 126946, 126941);
INSERT INTO mensalidades (id, competencia, vencimento, valor, valor_original, valor_final, status, pagamento_id, unidade_id, morador_id, condominio_id) VALUES (126957, '2026-04-01', '2026-04-04', 1196, 1196, 1196, 'pago', 126944, 126946, 126946, 126941);
INSERT INTO mensalidades (id, competencia, vencimento, valor, valor_original, valor_final, status, pagamento_id, unidade_id, morador_id, condominio_id) VALUES (126958, '2026-03-01', '2026-03-05', 822, 822, 822, 'pago', 126945, 126946, 126946, 126941);
INSERT INTO mensalidades (id, competencia, vencimento, valor, valor_original, valor_final, status, pagamento_id, unidade_id, morador_id, condominio_id) VALUES (126959, '2026-05-01', '2026-05-04', 755, 755, 755, 'atrasado', NULL, 126947, 126947, 126941);
INSERT INTO mensalidades (id, competencia, vencimento, valor, valor_original, valor_final, status, pagamento_id, unidade_id, morador_id, condominio_id) VALUES (126960, '2026-04-01', '2026-04-04', 749, 749, 749, 'pago', 126946, 126947, 126947, 126941);
INSERT INTO mensalidades (id, competencia, vencimento, valor, valor_original, valor_final, status, pagamento_id, unidade_id, morador_id, condominio_id) VALUES (126961, '2026-03-01', '2026-03-05', 616, 616, 616, 'atrasado', NULL, 126947, 126947, 126941);
INSERT INTO mensalidades (id, competencia, vencimento, valor, valor_original, valor_final, status, pagamento_id, unidade_id, morador_id, condominio_id) VALUES (126962, '2026-05-01', '2026-05-04', 1238, 1238, 1238, 'atrasado', NULL, 126948, 126948, 126941);
INSERT INTO mensalidades (id, competencia, vencimento, valor, valor_original, valor_final, status, pagamento_id, unidade_id, morador_id, condominio_id) VALUES (126963, '2026-04-01', '2026-04-04', 971, 971, 971, 'pago', 126947, 126948, 126948, 126941);
INSERT INTO mensalidades (id, competencia, vencimento, valor, valor_original, valor_final, status, pagamento_id, unidade_id, morador_id, condominio_id) VALUES (126964, '2026-03-01', '2026-03-05', 1134, 1134, 1134, 'pago', 126948, 126948, 126948, 126941);
INSERT INTO mensalidades (id, competencia, vencimento, valor, valor_original, valor_final, status, pagamento_id, unidade_id, morador_id, condominio_id) VALUES (126965, '2026-05-01', '2026-05-04', 1290, 1290, 1290, 'pendente', NULL, 126949, 126949, 126941);
INSERT INTO mensalidades (id, competencia, vencimento, valor, valor_original, valor_final, status, pagamento_id, unidade_id, morador_id, condominio_id) VALUES (126966, '2026-04-01', '2026-04-04', 374, 374, 374, 'pendente', NULL, 126949, 126949, 126941);
INSERT INTO mensalidades (id, competencia, vencimento, valor, valor_original, valor_final, status, pagamento_id, unidade_id, morador_id, condominio_id) VALUES (126967, '2026-03-01', '2026-03-05', 1082, 1082, 1082, 'pago', 126949, 126949, 126949, 126941);
INSERT INTO mensalidades (id, competencia, vencimento, valor, valor_original, valor_final, status, pagamento_id, unidade_id, morador_id, condominio_id) VALUES (126968, '2026-05-01', '2026-05-04', 365, 365, 365, 'atrasado', NULL, 126950, 126950, 126941);
INSERT INTO mensalidades (id, competencia, vencimento, valor, valor_original, valor_final, status, pagamento_id, unidade_id, morador_id, condominio_id) VALUES (126969, '2026-04-01', '2026-04-04', 1438, 1438, 1438, 'pendente', NULL, 126950, 126950, 126941);
INSERT INTO mensalidades (id, competencia, vencimento, valor, valor_original, valor_final, status, pagamento_id, unidade_id, morador_id, condominio_id) VALUES (126970, '2026-03-01', '2026-03-05', 927, 927, 927, 'atrasado', NULL, 126950, 126950, 126941);
INSERT INTO mensalidades (id, competencia, vencimento, valor, valor_original, valor_final, status, pagamento_id, unidade_id, morador_id, condominio_id) VALUES (126971, '2026-05-01', '2026-05-04', 491, 491, 491, 'pago', 126950, 126951, 126951, 126941);
INSERT INTO mensalidades (id, competencia, vencimento, valor, valor_original, valor_final, status, pagamento_id, unidade_id, morador_id, condominio_id) VALUES (126972, '2026-04-01', '2026-04-04', 873, 873, 873, 'pendente', NULL, 126951, 126951, 126941);
INSERT INTO mensalidades (id, competencia, vencimento, valor, valor_original, valor_final, status, pagamento_id, unidade_id, morador_id, condominio_id) VALUES (126973, '2026-03-01', '2026-03-05', 862, 862, 862, 'pago', 126951, 126951, 126951, 126941);
INSERT INTO mensalidades (id, competencia, vencimento, valor, valor_original, valor_final, status, pagamento_id, unidade_id, morador_id, condominio_id) VALUES (126974, '2026-05-01', '2026-05-04', 761, 761, 761, 'pago', 126952, 126952, 126952, 126941);
INSERT INTO mensalidades (id, competencia, vencimento, valor, valor_original, valor_final, status, pagamento_id, unidade_id, morador_id, condominio_id) VALUES (126975, '2026-04-01', '2026-04-04', 1123, 1123, 1123, 'pago', 126953, 126952, 126952, 126941);
INSERT INTO mensalidades (id, competencia, vencimento, valor, valor_original, valor_final, status, pagamento_id, unidade_id, morador_id, condominio_id) VALUES (126976, '2026-03-01', '2026-03-05', 572, 572, 572, 'pago', 126954, 126952, 126952, 126941);
INSERT INTO mensalidades (id, competencia, vencimento, valor, valor_original, valor_final, status, pagamento_id, unidade_id, morador_id, condominio_id) VALUES (126977, '2026-05-01', '2026-05-04', 1444, 1444, 1444, 'pendente', NULL, 126953, 126953, 126941);
INSERT INTO mensalidades (id, competencia, vencimento, valor, valor_original, valor_final, status, pagamento_id, unidade_id, morador_id, condominio_id) VALUES (126978, '2026-04-01', '2026-04-04', 950, 950, 950, 'pendente', NULL, 126953, 126953, 126941);
INSERT INTO mensalidades (id, competencia, vencimento, valor, valor_original, valor_final, status, pagamento_id, unidade_id, morador_id, condominio_id) VALUES (126979, '2026-03-01', '2026-03-05', 1209, 1209, 1209, 'atrasado', NULL, 126953, 126953, 126941);
INSERT INTO mensalidades (id, competencia, vencimento, valor, valor_original, valor_final, status, pagamento_id, unidade_id, morador_id, condominio_id) VALUES (126980, '2026-05-01', '2026-05-04', 1479, 1479, 1479, 'pago', 126955, 126954, 126954, 126941);
INSERT INTO mensalidades (id, competencia, vencimento, valor, valor_original, valor_final, status, pagamento_id, unidade_id, morador_id, condominio_id) VALUES (126981, '2026-04-01', '2026-04-04', 657, 657, 657, 'pendente', NULL, 126954, 126954, 126941);
INSERT INTO mensalidades (id, competencia, vencimento, valor, valor_original, valor_final, status, pagamento_id, unidade_id, morador_id, condominio_id) VALUES (126982, '2026-03-01', '2026-03-05', 596, 596, 596, 'atrasado', NULL, 126954, 126954, 126941);
INSERT INTO mensalidades (id, competencia, vencimento, valor, valor_original, valor_final, status, pagamento_id, unidade_id, morador_id, condominio_id) VALUES (126983, '2026-05-01', '2026-05-04', 671, 671, 671, 'pago', 126956, 126955, 126955, 126941);
INSERT INTO mensalidades (id, competencia, vencimento, valor, valor_original, valor_final, status, pagamento_id, unidade_id, morador_id, condominio_id) VALUES (126984, '2026-04-01', '2026-04-04', 797, 797, 797, 'pendente', NULL, 126955, 126955, 126941);
INSERT INTO mensalidades (id, competencia, vencimento, valor, valor_original, valor_final, status, pagamento_id, unidade_id, morador_id, condominio_id) VALUES (126985, '2026-03-01', '2026-03-05', 959, 959, 959, 'pago', 126957, 126955, 126955, 126941);
INSERT INTO mensalidades (id, competencia, vencimento, valor, valor_original, valor_final, status, pagamento_id, unidade_id, morador_id, condominio_id) VALUES (126986, '2026-05-01', '2026-05-04', 1350, 1350, 1350, 'pendente', NULL, 126956, 126956, 126941);
INSERT INTO mensalidades (id, competencia, vencimento, valor, valor_original, valor_final, status, pagamento_id, unidade_id, morador_id, condominio_id) VALUES (126987, '2026-04-01', '2026-04-04', 1179, 1179, 1179, 'pendente', NULL, 126956, 126956, 126941);
INSERT INTO mensalidades (id, competencia, vencimento, valor, valor_original, valor_final, status, pagamento_id, unidade_id, morador_id, condominio_id) VALUES (126988, '2026-03-01', '2026-03-05', 388, 388, 388, 'atrasado', NULL, 126956, 126956, 126941);
INSERT INTO mensalidades (id, competencia, vencimento, valor, valor_original, valor_final, status, pagamento_id, unidade_id, morador_id, condominio_id) VALUES (126989, '2026-05-01', '2026-05-04', 1202, 1202, 1202, 'pendente', NULL, 126957, 126957, 126941);
INSERT INTO mensalidades (id, competencia, vencimento, valor, valor_original, valor_final, status, pagamento_id, unidade_id, morador_id, condominio_id) VALUES (126990, '2026-04-01', '2026-04-04', 1436, 1436, 1436, 'pendente', NULL, 126957, 126957, 126941);
INSERT INTO mensalidades (id, competencia, vencimento, valor, valor_original, valor_final, status, pagamento_id, unidade_id, morador_id, condominio_id) VALUES (126991, '2026-03-01', '2026-03-05', 326, 326, 326, 'atrasado', NULL, 126957, 126957, 126941);
INSERT INTO mensalidades (id, competencia, vencimento, valor, valor_original, valor_final, status, pagamento_id, unidade_id, morador_id, condominio_id) VALUES (126992, '2026-05-01', '2026-05-04', 916, 916, 916, 'pendente', NULL, 126958, 126958, 126941);
INSERT INTO mensalidades (id, competencia, vencimento, valor, valor_original, valor_final, status, pagamento_id, unidade_id, morador_id, condominio_id) VALUES (126993, '2026-04-01', '2026-04-04', 1064, 1064, 1064, 'pago', 126958, 126958, 126958, 126941);
INSERT INTO mensalidades (id, competencia, vencimento, valor, valor_original, valor_final, status, pagamento_id, unidade_id, morador_id, condominio_id) VALUES (126994, '2026-03-01', '2026-03-05', 1371, 1371, 1371, 'pendente', NULL, 126958, 126958, 126941);
INSERT INTO mensalidades (id, competencia, vencimento, valor, valor_original, valor_final, status, pagamento_id, unidade_id, morador_id, condominio_id) VALUES (126995, '2026-05-01', '2026-05-04', 678, 678, 678, 'pago', 126959, 126959, 126959, 126941);
INSERT INTO mensalidades (id, competencia, vencimento, valor, valor_original, valor_final, status, pagamento_id, unidade_id, morador_id, condominio_id) VALUES (126996, '2026-04-01', '2026-04-04', 470, 470, 470, 'pendente', NULL, 126959, 126959, 126941);
INSERT INTO mensalidades (id, competencia, vencimento, valor, valor_original, valor_final, status, pagamento_id, unidade_id, morador_id, condominio_id) VALUES (126997, '2026-03-01', '2026-03-05', 1174, 1174, 1174, 'pago', 126960, 126959, 126959, 126941);
INSERT INTO mensalidades (id, competencia, vencimento, valor, valor_original, valor_final, status, pagamento_id, unidade_id, morador_id, condominio_id) VALUES (126998, '2026-05-01', '2026-05-04', 708, 708, 708, 'pago', 126961, 126960, 126960, 126941);
INSERT INTO mensalidades (id, competencia, vencimento, valor, valor_original, valor_final, status, pagamento_id, unidade_id, morador_id, condominio_id) VALUES (126999, '2026-04-01', '2026-04-04', 584, 584, 584, 'pago', 126962, 126960, 126960, 126941);
INSERT INTO mensalidades (id, competencia, vencimento, valor, valor_original, valor_final, status, pagamento_id, unidade_id, morador_id, condominio_id) VALUES (127000, '2026-03-01', '2026-03-05', 887, 887, 887, 'pago', 126963, 126960, 126960, 126941);
INSERT INTO mensalidades (id, competencia, vencimento, valor, valor_original, valor_final, status, pagamento_id, unidade_id, morador_id, condominio_id) VALUES (127001, '2026-05-01', '2026-05-04', 849, 849, 849, 'pago', 126964, 126961, 126961, 126941);
INSERT INTO mensalidades (id, competencia, vencimento, valor, valor_original, valor_final, status, pagamento_id, unidade_id, morador_id, condominio_id) VALUES (127002, '2026-04-01', '2026-04-04', 1335, 1335, 1335, 'pendente', NULL, 126961, 126961, 126941);
INSERT INTO mensalidades (id, competencia, vencimento, valor, valor_original, valor_final, status, pagamento_id, unidade_id, morador_id, condominio_id) VALUES (127003, '2026-03-01', '2026-03-05', 1088, 1088, 1088, 'atrasado', NULL, 126961, 126961, 126941);
INSERT INTO mensalidades (id, competencia, vencimento, valor, valor_original, valor_final, status, pagamento_id, unidade_id, morador_id, condominio_id) VALUES (127004, '2026-05-01', '2026-05-04', 805, 805, 805, 'atrasado', NULL, 126962, 126962, 126941);
INSERT INTO mensalidades (id, competencia, vencimento, valor, valor_original, valor_final, status, pagamento_id, unidade_id, morador_id, condominio_id) VALUES (127005, '2026-04-01', '2026-04-04', 1075, 1075, 1075, 'pago', 126965, 126962, 126962, 126941);
INSERT INTO mensalidades (id, competencia, vencimento, valor, valor_original, valor_final, status, pagamento_id, unidade_id, morador_id, condominio_id) VALUES (127006, '2026-03-01', '2026-03-05', 665, 665, 665, 'pendente', NULL, 126962, 126962, 126941);
INSERT INTO mensalidades (id, competencia, vencimento, valor, valor_original, valor_final, status, pagamento_id, unidade_id, morador_id, condominio_id) VALUES (127007, '2026-05-01', '2026-05-04', 1123, 1123, 1123, 'pago', 126966, 126963, 126963, 126941);
INSERT INTO mensalidades (id, competencia, vencimento, valor, valor_original, valor_final, status, pagamento_id, unidade_id, morador_id, condominio_id) VALUES (127008, '2026-04-01', '2026-04-04', 1338, 1338, 1338, 'pago', 126967, 126963, 126963, 126941);
INSERT INTO mensalidades (id, competencia, vencimento, valor, valor_original, valor_final, status, pagamento_id, unidade_id, morador_id, condominio_id) VALUES (127009, '2026-03-01', '2026-03-05', 571, 571, 571, 'pago', 126968, 126963, 126963, 126941);
INSERT INTO mensalidades (id, competencia, vencimento, valor, valor_original, valor_final, status, pagamento_id, unidade_id, morador_id, condominio_id) VALUES (127010, '2026-05-01', '2026-05-04', 610, 610, 610, 'pendente', NULL, 126964, 126964, 126941);
INSERT INTO mensalidades (id, competencia, vencimento, valor, valor_original, valor_final, status, pagamento_id, unidade_id, morador_id, condominio_id) VALUES (127011, '2026-04-01', '2026-04-04', 1258, 1258, 1258, 'pendente', NULL, 126964, 126964, 126941);
INSERT INTO mensalidades (id, competencia, vencimento, valor, valor_original, valor_final, status, pagamento_id, unidade_id, morador_id, condominio_id) VALUES (127012, '2026-03-01', '2026-03-05', 917, 917, 917, 'atrasado', NULL, 126964, 126964, 126941);
INSERT INTO mensalidades (id, competencia, vencimento, valor, valor_original, valor_final, status, pagamento_id, unidade_id, morador_id, condominio_id) VALUES (127013, '2026-05-01', '2026-05-04', 968, 968, 968, 'pendente', NULL, 126965, 126965, 126941);
INSERT INTO mensalidades (id, competencia, vencimento, valor, valor_original, valor_final, status, pagamento_id, unidade_id, morador_id, condominio_id) VALUES (127014, '2026-04-01', '2026-04-04', 848, 848, 848, 'pendente', NULL, 126965, 126965, 126941);
INSERT INTO mensalidades (id, competencia, vencimento, valor, valor_original, valor_final, status, pagamento_id, unidade_id, morador_id, condominio_id) VALUES (127015, '2026-03-01', '2026-03-05', 780, 780, 780, 'pendente', NULL, 126965, 126965, 126941);
INSERT INTO mensalidades (id, competencia, vencimento, valor, valor_original, valor_final, status, pagamento_id, unidade_id, morador_id, condominio_id) VALUES (127016, '2026-05-01', '2026-05-04', 701, 701, 701, 'pendente', NULL, 126966, 126966, 126941);
INSERT INTO mensalidades (id, competencia, vencimento, valor, valor_original, valor_final, status, pagamento_id, unidade_id, morador_id, condominio_id) VALUES (127017, '2026-04-01', '2026-04-04', 333, 333, 333, 'atrasado', NULL, 126966, 126966, 126941);
INSERT INTO mensalidades (id, competencia, vencimento, valor, valor_original, valor_final, status, pagamento_id, unidade_id, morador_id, condominio_id) VALUES (127018, '2026-03-01', '2026-03-05', 340, 340, 340, 'pendente', NULL, 126966, 126966, 126941);
INSERT INTO mensalidades (id, competencia, vencimento, valor, valor_original, valor_final, status, pagamento_id, unidade_id, morador_id, condominio_id) VALUES (127019, '2026-05-01', '2026-05-04', 447, 447, 447, 'atrasado', NULL, 126967, 126967, 126941);
INSERT INTO mensalidades (id, competencia, vencimento, valor, valor_original, valor_final, status, pagamento_id, unidade_id, morador_id, condominio_id) VALUES (127020, '2026-04-01', '2026-04-04', 874, 874, 874, 'atrasado', NULL, 126967, 126967, 126941);
INSERT INTO mensalidades (id, competencia, vencimento, valor, valor_original, valor_final, status, pagamento_id, unidade_id, morador_id, condominio_id) VALUES (127021, '2026-03-01', '2026-03-05', 1339, 1339, 1339, 'atrasado', NULL, 126967, 126967, 126941);
INSERT INTO mensalidades (id, competencia, vencimento, valor, valor_original, valor_final, status, pagamento_id, unidade_id, morador_id, condominio_id) VALUES (127022, '2026-05-01', '2026-05-04', 1332, 1332, 1332, 'pago', 126969, 126968, 126968, 126941);
INSERT INTO mensalidades (id, competencia, vencimento, valor, valor_original, valor_final, status, pagamento_id, unidade_id, morador_id, condominio_id) VALUES (127023, '2026-04-01', '2026-04-04', 399, 399, 399, 'pendente', NULL, 126968, 126968, 126941);
INSERT INTO mensalidades (id, competencia, vencimento, valor, valor_original, valor_final, status, pagamento_id, unidade_id, morador_id, condominio_id) VALUES (127024, '2026-03-01', '2026-03-05', 1294, 1294, 1294, 'atrasado', NULL, 126968, 126968, 126941);
INSERT INTO mensalidades (id, competencia, vencimento, valor, valor_original, valor_final, status, pagamento_id, unidade_id, morador_id, condominio_id) VALUES (127025, '2026-05-01', '2026-05-04', 1489, 1489, 1489, 'atrasado', NULL, 126969, 126969, 126941);
INSERT INTO mensalidades (id, competencia, vencimento, valor, valor_original, valor_final, status, pagamento_id, unidade_id, morador_id, condominio_id) VALUES (127026, '2026-04-01', '2026-04-04', 1262, 1262, 1262, 'atrasado', NULL, 126969, 126969, 126941);
INSERT INTO mensalidades (id, competencia, vencimento, valor, valor_original, valor_final, status, pagamento_id, unidade_id, morador_id, condominio_id) VALUES (127027, '2026-03-01', '2026-03-05', 511, 511, 511, 'pago', 126970, 126969, 126969, 126941);
INSERT INTO mensalidades (id, competencia, vencimento, valor, valor_original, valor_final, status, pagamento_id, unidade_id, morador_id, condominio_id) VALUES (127028, '2026-05-01', '2026-05-04', 1204, 1204, 1204, 'pendente', NULL, 126970, 126970, 126941);
INSERT INTO mensalidades (id, competencia, vencimento, valor, valor_original, valor_final, status, pagamento_id, unidade_id, morador_id, condominio_id) VALUES (127029, '2026-04-01', '2026-04-04', 1379, 1379, 1379, 'atrasado', NULL, 126970, 126970, 126941);
INSERT INTO mensalidades (id, competencia, vencimento, valor, valor_original, valor_final, status, pagamento_id, unidade_id, morador_id, condominio_id) VALUES (127030, '2026-03-01', '2026-03-05', 768, 768, 768, 'pendente', NULL, 126970, 126970, 126941);
INSERT INTO mensalidades (id, competencia, vencimento, valor, valor_original, valor_final, status, pagamento_id, unidade_id, morador_id, condominio_id) VALUES (127031, '2026-05-01', '2026-05-04', 676, 676, 676, 'pendente', NULL, 126971, 126971, 126942);
INSERT INTO mensalidades (id, competencia, vencimento, valor, valor_original, valor_final, status, pagamento_id, unidade_id, morador_id, condominio_id) VALUES (127032, '2026-04-01', '2026-04-04', 975, 975, 975, 'atrasado', NULL, 126971, 126971, 126942);
INSERT INTO mensalidades (id, competencia, vencimento, valor, valor_original, valor_final, status, pagamento_id, unidade_id, morador_id, condominio_id) VALUES (127033, '2026-03-01', '2026-03-05', 1238, 1238, 1238, 'atrasado', NULL, 126971, 126971, 126942);
INSERT INTO mensalidades (id, competencia, vencimento, valor, valor_original, valor_final, status, pagamento_id, unidade_id, morador_id, condominio_id) VALUES (127034, '2026-05-01', '2026-05-04', 593, 593, 593, 'pago', 126971, 126972, 126972, 126942);
INSERT INTO mensalidades (id, competencia, vencimento, valor, valor_original, valor_final, status, pagamento_id, unidade_id, morador_id, condominio_id) VALUES (127035, '2026-04-01', '2026-04-04', 1079, 1079, 1079, 'atrasado', NULL, 126972, 126972, 126942);
INSERT INTO mensalidades (id, competencia, vencimento, valor, valor_original, valor_final, status, pagamento_id, unidade_id, morador_id, condominio_id) VALUES (127036, '2026-03-01', '2026-03-05', 786, 786, 786, 'pago', 126972, 126972, 126972, 126942);
INSERT INTO mensalidades (id, competencia, vencimento, valor, valor_original, valor_final, status, pagamento_id, unidade_id, morador_id, condominio_id) VALUES (127037, '2026-05-01', '2026-05-04', 326, 326, 326, 'pago', 126973, 126973, 126973, 126942);
INSERT INTO mensalidades (id, competencia, vencimento, valor, valor_original, valor_final, status, pagamento_id, unidade_id, morador_id, condominio_id) VALUES (127038, '2026-04-01', '2026-04-04', 907, 907, 907, 'pago', 126974, 126973, 126973, 126942);
INSERT INTO mensalidades (id, competencia, vencimento, valor, valor_original, valor_final, status, pagamento_id, unidade_id, morador_id, condominio_id) VALUES (127039, '2026-03-01', '2026-03-05', 1106, 1106, 1106, 'atrasado', NULL, 126973, 126973, 126942);
INSERT INTO mensalidades (id, competencia, vencimento, valor, valor_original, valor_final, status, pagamento_id, unidade_id, morador_id, condominio_id) VALUES (127040, '2026-05-01', '2026-05-04', 1076, 1076, 1076, 'pendente', NULL, 126974, 126974, 126942);
INSERT INTO mensalidades (id, competencia, vencimento, valor, valor_original, valor_final, status, pagamento_id, unidade_id, morador_id, condominio_id) VALUES (127041, '2026-04-01', '2026-04-04', 640, 640, 640, 'pago', 126975, 126974, 126974, 126942);
INSERT INTO mensalidades (id, competencia, vencimento, valor, valor_original, valor_final, status, pagamento_id, unidade_id, morador_id, condominio_id) VALUES (127042, '2026-03-01', '2026-03-05', 309, 309, 309, 'pago', 126976, 126974, 126974, 126942);
INSERT INTO mensalidades (id, competencia, vencimento, valor, valor_original, valor_final, status, pagamento_id, unidade_id, morador_id, condominio_id) VALUES (127043, '2026-05-01', '2026-05-04', 394, 394, 394, 'pago', 126977, 126975, 126975, 126942);
INSERT INTO mensalidades (id, competencia, vencimento, valor, valor_original, valor_final, status, pagamento_id, unidade_id, morador_id, condominio_id) VALUES (127044, '2026-04-01', '2026-04-04', 301, 301, 301, 'pendente', NULL, 126975, 126975, 126942);
INSERT INTO mensalidades (id, competencia, vencimento, valor, valor_original, valor_final, status, pagamento_id, unidade_id, morador_id, condominio_id) VALUES (127045, '2026-03-01', '2026-03-05', 1123, 1123, 1123, 'atrasado', NULL, 126975, 126975, 126942);
INSERT INTO mensalidades (id, competencia, vencimento, valor, valor_original, valor_final, status, pagamento_id, unidade_id, morador_id, condominio_id) VALUES (127046, '2026-05-01', '2026-05-04', 562, 562, 562, 'pendente', NULL, 126976, 126976, 126942);
INSERT INTO mensalidades (id, competencia, vencimento, valor, valor_original, valor_final, status, pagamento_id, unidade_id, morador_id, condominio_id) VALUES (127047, '2026-04-01', '2026-04-04', 701, 701, 701, 'pendente', NULL, 126976, 126976, 126942);
INSERT INTO mensalidades (id, competencia, vencimento, valor, valor_original, valor_final, status, pagamento_id, unidade_id, morador_id, condominio_id) VALUES (127048, '2026-03-01', '2026-03-05', 1164, 1164, 1164, 'pago', 126978, 126976, 126976, 126942);
INSERT INTO mensalidades (id, competencia, vencimento, valor, valor_original, valor_final, status, pagamento_id, unidade_id, morador_id, condominio_id) VALUES (127049, '2026-05-01', '2026-05-04', 902, 902, 902, 'pendente', NULL, 126977, 126977, 126942);
INSERT INTO mensalidades (id, competencia, vencimento, valor, valor_original, valor_final, status, pagamento_id, unidade_id, morador_id, condominio_id) VALUES (127050, '2026-04-01', '2026-04-04', 844, 844, 844, 'atrasado', NULL, 126977, 126977, 126942);
INSERT INTO mensalidades (id, competencia, vencimento, valor, valor_original, valor_final, status, pagamento_id, unidade_id, morador_id, condominio_id) VALUES (127051, '2026-03-01', '2026-03-05', 725, 725, 725, 'atrasado', NULL, 126977, 126977, 126942);
INSERT INTO mensalidades (id, competencia, vencimento, valor, valor_original, valor_final, status, pagamento_id, unidade_id, morador_id, condominio_id) VALUES (127052, '2026-05-01', '2026-05-04', 811, 811, 811, 'pago', 126979, 126978, 126978, 126942);
INSERT INTO mensalidades (id, competencia, vencimento, valor, valor_original, valor_final, status, pagamento_id, unidade_id, morador_id, condominio_id) VALUES (127053, '2026-04-01', '2026-04-04', 506, 506, 506, 'pendente', NULL, 126978, 126978, 126942);
INSERT INTO mensalidades (id, competencia, vencimento, valor, valor_original, valor_final, status, pagamento_id, unidade_id, morador_id, condominio_id) VALUES (127054, '2026-03-01', '2026-03-05', 1095, 1095, 1095, 'atrasado', NULL, 126978, 126978, 126942);
INSERT INTO mensalidades (id, competencia, vencimento, valor, valor_original, valor_final, status, pagamento_id, unidade_id, morador_id, condominio_id) VALUES (127055, '2026-05-01', '2026-05-04', 508, 508, 508, 'atrasado', NULL, 126979, 126979, 126942);
INSERT INTO mensalidades (id, competencia, vencimento, valor, valor_original, valor_final, status, pagamento_id, unidade_id, morador_id, condominio_id) VALUES (127056, '2026-04-01', '2026-04-04', 1215, 1215, 1215, 'pendente', NULL, 126979, 126979, 126942);
INSERT INTO mensalidades (id, competencia, vencimento, valor, valor_original, valor_final, status, pagamento_id, unidade_id, morador_id, condominio_id) VALUES (127057, '2026-03-01', '2026-03-05', 1443, 1443, 1443, 'pendente', NULL, 126979, 126979, 126942);
INSERT INTO mensalidades (id, competencia, vencimento, valor, valor_original, valor_final, status, pagamento_id, unidade_id, morador_id, condominio_id) VALUES (127058, '2026-05-01', '2026-05-04', 704, 704, 704, 'atrasado', NULL, 126980, 126980, 126942);
INSERT INTO mensalidades (id, competencia, vencimento, valor, valor_original, valor_final, status, pagamento_id, unidade_id, morador_id, condominio_id) VALUES (127059, '2026-04-01', '2026-04-04', 413, 413, 413, 'pendente', NULL, 126980, 126980, 126942);
INSERT INTO mensalidades (id, competencia, vencimento, valor, valor_original, valor_final, status, pagamento_id, unidade_id, morador_id, condominio_id) VALUES (127060, '2026-03-01', '2026-03-05', 603, 603, 603, 'atrasado', NULL, 126980, 126980, 126942);
INSERT INTO mensalidades (id, competencia, vencimento, valor, valor_original, valor_final, status, pagamento_id, unidade_id, morador_id, condominio_id) VALUES (127061, '2026-05-01', '2026-05-04', 1254, 1254, 1254, 'pendente', NULL, 126981, 126981, 126942);
INSERT INTO mensalidades (id, competencia, vencimento, valor, valor_original, valor_final, status, pagamento_id, unidade_id, morador_id, condominio_id) VALUES (127062, '2026-04-01', '2026-04-04', 896, 896, 896, 'atrasado', NULL, 126981, 126981, 126942);
INSERT INTO mensalidades (id, competencia, vencimento, valor, valor_original, valor_final, status, pagamento_id, unidade_id, morador_id, condominio_id) VALUES (127063, '2026-03-01', '2026-03-05', 1041, 1041, 1041, 'atrasado', NULL, 126981, 126981, 126942);
INSERT INTO mensalidades (id, competencia, vencimento, valor, valor_original, valor_final, status, pagamento_id, unidade_id, morador_id, condominio_id) VALUES (127064, '2026-05-01', '2026-05-04', 1359, 1359, 1359, 'pendente', NULL, 126982, 126982, 126942);
INSERT INTO mensalidades (id, competencia, vencimento, valor, valor_original, valor_final, status, pagamento_id, unidade_id, morador_id, condominio_id) VALUES (127065, '2026-04-01', '2026-04-04', 990, 990, 990, 'atrasado', NULL, 126982, 126982, 126942);
INSERT INTO mensalidades (id, competencia, vencimento, valor, valor_original, valor_final, status, pagamento_id, unidade_id, morador_id, condominio_id) VALUES (127066, '2026-03-01', '2026-03-05', 995, 995, 995, 'pago', 126980, 126982, 126982, 126942);
INSERT INTO mensalidades (id, competencia, vencimento, valor, valor_original, valor_final, status, pagamento_id, unidade_id, morador_id, condominio_id) VALUES (127067, '2026-05-01', '2026-05-04', 1431, 1431, 1431, 'pendente', NULL, 126983, 126983, 126942);
INSERT INTO mensalidades (id, competencia, vencimento, valor, valor_original, valor_final, status, pagamento_id, unidade_id, morador_id, condominio_id) VALUES (127068, '2026-04-01', '2026-04-04', 427, 427, 427, 'atrasado', NULL, 126983, 126983, 126942);
INSERT INTO mensalidades (id, competencia, vencimento, valor, valor_original, valor_final, status, pagamento_id, unidade_id, morador_id, condominio_id) VALUES (127069, '2026-03-01', '2026-03-05', 1234, 1234, 1234, 'pago', 126981, 126983, 126983, 126942);
INSERT INTO mensalidades (id, competencia, vencimento, valor, valor_original, valor_final, status, pagamento_id, unidade_id, morador_id, condominio_id) VALUES (127070, '2026-05-01', '2026-05-04', 500, 500, 500, 'atrasado', NULL, 126984, 126984, 126942);
INSERT INTO mensalidades (id, competencia, vencimento, valor, valor_original, valor_final, status, pagamento_id, unidade_id, morador_id, condominio_id) VALUES (127071, '2026-04-01', '2026-04-04', 1450, 1450, 1450, 'atrasado', NULL, 126984, 126984, 126942);
INSERT INTO mensalidades (id, competencia, vencimento, valor, valor_original, valor_final, status, pagamento_id, unidade_id, morador_id, condominio_id) VALUES (127072, '2026-03-01', '2026-03-05', 1410, 1410, 1410, 'atrasado', NULL, 126984, 126984, 126942);
INSERT INTO mensalidades (id, competencia, vencimento, valor, valor_original, valor_final, status, pagamento_id, unidade_id, morador_id, condominio_id) VALUES (127073, '2026-05-01', '2026-05-04', 952, 952, 952, 'atrasado', NULL, 126985, 126985, 126942);
INSERT INTO mensalidades (id, competencia, vencimento, valor, valor_original, valor_final, status, pagamento_id, unidade_id, morador_id, condominio_id) VALUES (127074, '2026-04-01', '2026-04-04', 459, 459, 459, 'pago', 126982, 126985, 126985, 126942);
INSERT INTO mensalidades (id, competencia, vencimento, valor, valor_original, valor_final, status, pagamento_id, unidade_id, morador_id, condominio_id) VALUES (127075, '2026-03-01', '2026-03-05', 589, 589, 589, 'pago', 126983, 126985, 126985, 126942);
INSERT INTO mensalidades (id, competencia, vencimento, valor, valor_original, valor_final, status, pagamento_id, unidade_id, morador_id, condominio_id) VALUES (127076, '2026-05-01', '2026-05-04', 519, 519, 519, 'atrasado', NULL, 126986, 126986, 126942);
INSERT INTO mensalidades (id, competencia, vencimento, valor, valor_original, valor_final, status, pagamento_id, unidade_id, morador_id, condominio_id) VALUES (127077, '2026-04-01', '2026-04-04', 730, 730, 730, 'atrasado', NULL, 126986, 126986, 126942);
INSERT INTO mensalidades (id, competencia, vencimento, valor, valor_original, valor_final, status, pagamento_id, unidade_id, morador_id, condominio_id) VALUES (127078, '2026-03-01', '2026-03-05', 1184, 1184, 1184, 'pendente', NULL, 126986, 126986, 126942);
INSERT INTO mensalidades (id, competencia, vencimento, valor, valor_original, valor_final, status, pagamento_id, unidade_id, morador_id, condominio_id) VALUES (127079, '2026-05-01', '2026-05-04', 1211, 1211, 1211, 'pago', 126984, 126987, 126987, 126942);
INSERT INTO mensalidades (id, competencia, vencimento, valor, valor_original, valor_final, status, pagamento_id, unidade_id, morador_id, condominio_id) VALUES (127080, '2026-04-01', '2026-04-04', 937, 937, 937, 'pendente', NULL, 126987, 126987, 126942);
INSERT INTO mensalidades (id, competencia, vencimento, valor, valor_original, valor_final, status, pagamento_id, unidade_id, morador_id, condominio_id) VALUES (127081, '2026-03-01', '2026-03-05', 781, 781, 781, 'atrasado', NULL, 126987, 126987, 126942);
INSERT INTO mensalidades (id, competencia, vencimento, valor, valor_original, valor_final, status, pagamento_id, unidade_id, morador_id, condominio_id) VALUES (127082, '2026-05-01', '2026-05-04', 1375, 1375, 1375, 'pago', 126985, 126988, 126988, 126942);
INSERT INTO mensalidades (id, competencia, vencimento, valor, valor_original, valor_final, status, pagamento_id, unidade_id, morador_id, condominio_id) VALUES (127083, '2026-04-01', '2026-04-04', 370, 370, 370, 'pago', 126986, 126988, 126988, 126942);
INSERT INTO mensalidades (id, competencia, vencimento, valor, valor_original, valor_final, status, pagamento_id, unidade_id, morador_id, condominio_id) VALUES (127084, '2026-03-01', '2026-03-05', 921, 921, 921, 'atrasado', NULL, 126988, 126988, 126942);
INSERT INTO mensalidades (id, competencia, vencimento, valor, valor_original, valor_final, status, pagamento_id, unidade_id, morador_id, condominio_id) VALUES (127085, '2026-05-01', '2026-05-04', 1426, 1426, 1426, 'pago', 126987, 126989, 126989, 126942);
INSERT INTO mensalidades (id, competencia, vencimento, valor, valor_original, valor_final, status, pagamento_id, unidade_id, morador_id, condominio_id) VALUES (127086, '2026-04-01', '2026-04-04', 1222, 1222, 1222, 'pendente', NULL, 126989, 126989, 126942);
INSERT INTO mensalidades (id, competencia, vencimento, valor, valor_original, valor_final, status, pagamento_id, unidade_id, morador_id, condominio_id) VALUES (127087, '2026-03-01', '2026-03-05', 1059, 1059, 1059, 'pendente', NULL, 126989, 126989, 126942);
INSERT INTO mensalidades (id, competencia, vencimento, valor, valor_original, valor_final, status, pagamento_id, unidade_id, morador_id, condominio_id) VALUES (127088, '2026-05-01', '2026-05-04', 1210, 1210, 1210, 'atrasado', NULL, 126990, 126990, 126942);
INSERT INTO mensalidades (id, competencia, vencimento, valor, valor_original, valor_final, status, pagamento_id, unidade_id, morador_id, condominio_id) VALUES (127089, '2026-04-01', '2026-04-04', 726, 726, 726, 'pendente', NULL, 126990, 126990, 126942);
INSERT INTO mensalidades (id, competencia, vencimento, valor, valor_original, valor_final, status, pagamento_id, unidade_id, morador_id, condominio_id) VALUES (127090, '2026-03-01', '2026-03-05', 431, 431, 431, 'pendente', NULL, 126990, 126990, 126942);
INSERT INTO mensalidades (id, competencia, vencimento, valor, valor_original, valor_final, status, pagamento_id, unidade_id, morador_id, condominio_id) VALUES (127091, '2026-05-01', '2026-05-04', 942, 942, 942, 'pago', 126988, 126991, 126991, 126942);
INSERT INTO mensalidades (id, competencia, vencimento, valor, valor_original, valor_final, status, pagamento_id, unidade_id, morador_id, condominio_id) VALUES (127092, '2026-04-01', '2026-04-04', 371, 371, 371, 'pendente', NULL, 126991, 126991, 126942);
INSERT INTO mensalidades (id, competencia, vencimento, valor, valor_original, valor_final, status, pagamento_id, unidade_id, morador_id, condominio_id) VALUES (127093, '2026-03-01', '2026-03-05', 587, 587, 587, 'atrasado', NULL, 126991, 126991, 126942);
INSERT INTO mensalidades (id, competencia, vencimento, valor, valor_original, valor_final, status, pagamento_id, unidade_id, morador_id, condominio_id) VALUES (127094, '2026-05-01', '2026-05-04', 818, 818, 818, 'atrasado', NULL, 126992, 126992, 126942);
INSERT INTO mensalidades (id, competencia, vencimento, valor, valor_original, valor_final, status, pagamento_id, unidade_id, morador_id, condominio_id) VALUES (127095, '2026-04-01', '2026-04-04', 990, 990, 990, 'atrasado', NULL, 126992, 126992, 126942);
INSERT INTO mensalidades (id, competencia, vencimento, valor, valor_original, valor_final, status, pagamento_id, unidade_id, morador_id, condominio_id) VALUES (127096, '2026-03-01', '2026-03-05', 458, 458, 458, 'pendente', NULL, 126992, 126992, 126942);
INSERT INTO mensalidades (id, competencia, vencimento, valor, valor_original, valor_final, status, pagamento_id, unidade_id, morador_id, condominio_id) VALUES (127097, '2026-05-01', '2026-05-04', 908, 908, 908, 'atrasado', NULL, 126993, 126993, 126942);
INSERT INTO mensalidades (id, competencia, vencimento, valor, valor_original, valor_final, status, pagamento_id, unidade_id, morador_id, condominio_id) VALUES (127098, '2026-04-01', '2026-04-04', 1336, 1336, 1336, 'atrasado', NULL, 126993, 126993, 126942);
INSERT INTO mensalidades (id, competencia, vencimento, valor, valor_original, valor_final, status, pagamento_id, unidade_id, morador_id, condominio_id) VALUES (127099, '2026-03-01', '2026-03-05', 1357, 1357, 1357, 'pago', 126989, 126993, 126993, 126942);
INSERT INTO mensalidades (id, competencia, vencimento, valor, valor_original, valor_final, status, pagamento_id, unidade_id, morador_id, condominio_id) VALUES (127100, '2026-05-01', '2026-05-04', 1029, 1029, 1029, 'pago', 126990, 126994, 126994, 126942);
INSERT INTO mensalidades (id, competencia, vencimento, valor, valor_original, valor_final, status, pagamento_id, unidade_id, morador_id, condominio_id) VALUES (127101, '2026-04-01', '2026-04-04', 1409, 1409, 1409, 'pendente', NULL, 126994, 126994, 126942);
INSERT INTO mensalidades (id, competencia, vencimento, valor, valor_original, valor_final, status, pagamento_id, unidade_id, morador_id, condominio_id) VALUES (127102, '2026-03-01', '2026-03-05', 1054, 1054, 1054, 'pendente', NULL, 126994, 126994, 126942);
INSERT INTO mensalidades (id, competencia, vencimento, valor, valor_original, valor_final, status, pagamento_id, unidade_id, morador_id, condominio_id) VALUES (127103, '2026-05-01', '2026-05-04', 917, 917, 917, 'pago', 126991, 126995, 126995, 126942);
INSERT INTO mensalidades (id, competencia, vencimento, valor, valor_original, valor_final, status, pagamento_id, unidade_id, morador_id, condominio_id) VALUES (127104, '2026-04-01', '2026-04-04', 1040, 1040, 1040, 'pago', 126992, 126995, 126995, 126942);
INSERT INTO mensalidades (id, competencia, vencimento, valor, valor_original, valor_final, status, pagamento_id, unidade_id, morador_id, condominio_id) VALUES (127105, '2026-03-01', '2026-03-05', 381, 381, 381, 'atrasado', NULL, 126995, 126995, 126942);
INSERT INTO mensalidades (id, competencia, vencimento, valor, valor_original, valor_final, status, pagamento_id, unidade_id, morador_id, condominio_id) VALUES (127106, '2026-05-01', '2026-05-04', 1039, 1039, 1039, 'atrasado', NULL, 126996, 126996, 126942);
INSERT INTO mensalidades (id, competencia, vencimento, valor, valor_original, valor_final, status, pagamento_id, unidade_id, morador_id, condominio_id) VALUES (127107, '2026-04-01', '2026-04-04', 950, 950, 950, 'pendente', NULL, 126996, 126996, 126942);
INSERT INTO mensalidades (id, competencia, vencimento, valor, valor_original, valor_final, status, pagamento_id, unidade_id, morador_id, condominio_id) VALUES (127108, '2026-03-01', '2026-03-05', 804, 804, 804, 'pago', 126993, 126996, 126996, 126942);
INSERT INTO mensalidades (id, competencia, vencimento, valor, valor_original, valor_final, status, pagamento_id, unidade_id, morador_id, condominio_id) VALUES (127109, '2026-05-01', '2026-05-04', 1039, 1039, 1039, 'pendente', NULL, 126997, 126997, 126942);
INSERT INTO mensalidades (id, competencia, vencimento, valor, valor_original, valor_final, status, pagamento_id, unidade_id, morador_id, condominio_id) VALUES (127110, '2026-04-01', '2026-04-04', 711, 711, 711, 'atrasado', NULL, 126997, 126997, 126942);
INSERT INTO mensalidades (id, competencia, vencimento, valor, valor_original, valor_final, status, pagamento_id, unidade_id, morador_id, condominio_id) VALUES (127111, '2026-03-01', '2026-03-05', 1006, 1006, 1006, 'pendente', NULL, 126997, 126997, 126942);
INSERT INTO mensalidades (id, competencia, vencimento, valor, valor_original, valor_final, status, pagamento_id, unidade_id, morador_id, condominio_id) VALUES (127112, '2026-05-01', '2026-05-04', 477, 477, 477, 'atrasado', NULL, 126998, 126998, 126942);
INSERT INTO mensalidades (id, competencia, vencimento, valor, valor_original, valor_final, status, pagamento_id, unidade_id, morador_id, condominio_id) VALUES (127113, '2026-04-01', '2026-04-04', 693, 693, 693, 'pago', 126994, 126998, 126998, 126942);
INSERT INTO mensalidades (id, competencia, vencimento, valor, valor_original, valor_final, status, pagamento_id, unidade_id, morador_id, condominio_id) VALUES (127114, '2026-03-01', '2026-03-05', 976, 976, 976, 'atrasado', NULL, 126998, 126998, 126942);
INSERT INTO mensalidades (id, competencia, vencimento, valor, valor_original, valor_final, status, pagamento_id, unidade_id, morador_id, condominio_id) VALUES (127115, '2026-05-01', '2026-05-04', 1257, 1257, 1257, 'pendente', NULL, 126999, 126999, 126942);
INSERT INTO mensalidades (id, competencia, vencimento, valor, valor_original, valor_final, status, pagamento_id, unidade_id, morador_id, condominio_id) VALUES (127116, '2026-04-01', '2026-04-04', 1105, 1105, 1105, 'pago', 126995, 126999, 126999, 126942);
INSERT INTO mensalidades (id, competencia, vencimento, valor, valor_original, valor_final, status, pagamento_id, unidade_id, morador_id, condominio_id) VALUES (127117, '2026-03-01', '2026-03-05', 1477, 1477, 1477, 'atrasado', NULL, 126999, 126999, 126942);
INSERT INTO mensalidades (id, competencia, vencimento, valor, valor_original, valor_final, status, pagamento_id, unidade_id, morador_id, condominio_id) VALUES (127118, '2026-05-01', '2026-05-04', 630, 630, 630, 'atrasado', NULL, 127000, 127000, 126942);
INSERT INTO mensalidades (id, competencia, vencimento, valor, valor_original, valor_final, status, pagamento_id, unidade_id, morador_id, condominio_id) VALUES (127119, '2026-04-01', '2026-04-04', 573, 573, 573, 'pago', 126996, 127000, 127000, 126942);
INSERT INTO mensalidades (id, competencia, vencimento, valor, valor_original, valor_final, status, pagamento_id, unidade_id, morador_id, condominio_id) VALUES (127120, '2026-03-01', '2026-03-05', 486, 486, 486, 'atrasado', NULL, 127000, 127000, 126942);
INSERT INTO mensalidades (id, competencia, vencimento, valor, valor_original, valor_final, status, pagamento_id, unidade_id, morador_id, condominio_id) VALUES (127121, '2026-05-01', '2026-05-04', 813, 813, 813, 'pendente', NULL, 127001, 127001, 126943);
INSERT INTO mensalidades (id, competencia, vencimento, valor, valor_original, valor_final, status, pagamento_id, unidade_id, morador_id, condominio_id) VALUES (127122, '2026-04-01', '2026-04-04', 627, 627, 627, 'atrasado', NULL, 127001, 127001, 126943);
INSERT INTO mensalidades (id, competencia, vencimento, valor, valor_original, valor_final, status, pagamento_id, unidade_id, morador_id, condominio_id) VALUES (127123, '2026-03-01', '2026-03-05', 1352, 1352, 1352, 'atrasado', NULL, 127001, 127001, 126943);
INSERT INTO mensalidades (id, competencia, vencimento, valor, valor_original, valor_final, status, pagamento_id, unidade_id, morador_id, condominio_id) VALUES (127124, '2026-05-01', '2026-05-04', 729, 729, 729, 'pendente', NULL, 127002, 127002, 126943);
INSERT INTO mensalidades (id, competencia, vencimento, valor, valor_original, valor_final, status, pagamento_id, unidade_id, morador_id, condominio_id) VALUES (127125, '2026-04-01', '2026-04-04', 568, 568, 568, 'atrasado', NULL, 127002, 127002, 126943);
INSERT INTO mensalidades (id, competencia, vencimento, valor, valor_original, valor_final, status, pagamento_id, unidade_id, morador_id, condominio_id) VALUES (127126, '2026-03-01', '2026-03-05', 886, 886, 886, 'pago', 126997, 127002, 127002, 126943);
INSERT INTO mensalidades (id, competencia, vencimento, valor, valor_original, valor_final, status, pagamento_id, unidade_id, morador_id, condominio_id) VALUES (127127, '2026-05-01', '2026-05-04', 1431, 1431, 1431, 'atrasado', NULL, 127003, 127003, 126943);
INSERT INTO mensalidades (id, competencia, vencimento, valor, valor_original, valor_final, status, pagamento_id, unidade_id, morador_id, condominio_id) VALUES (127128, '2026-04-01', '2026-04-04', 1434, 1434, 1434, 'pago', 126998, 127003, 127003, 126943);
INSERT INTO mensalidades (id, competencia, vencimento, valor, valor_original, valor_final, status, pagamento_id, unidade_id, morador_id, condominio_id) VALUES (127129, '2026-03-01', '2026-03-05', 1258, 1258, 1258, 'pendente', NULL, 127003, 127003, 126943);
INSERT INTO mensalidades (id, competencia, vencimento, valor, valor_original, valor_final, status, pagamento_id, unidade_id, morador_id, condominio_id) VALUES (127130, '2026-05-01', '2026-05-04', 1423, 1423, 1423, 'pendente', NULL, 127004, 127004, 126943);
INSERT INTO mensalidades (id, competencia, vencimento, valor, valor_original, valor_final, status, pagamento_id, unidade_id, morador_id, condominio_id) VALUES (127131, '2026-04-01', '2026-04-04', 691, 691, 691, 'pendente', NULL, 127004, 127004, 126943);
INSERT INTO mensalidades (id, competencia, vencimento, valor, valor_original, valor_final, status, pagamento_id, unidade_id, morador_id, condominio_id) VALUES (127132, '2026-03-01', '2026-03-05', 733, 733, 733, 'pendente', NULL, 127004, 127004, 126943);
INSERT INTO mensalidades (id, competencia, vencimento, valor, valor_original, valor_final, status, pagamento_id, unidade_id, morador_id, condominio_id) VALUES (127133, '2026-05-01', '2026-05-04', 908, 908, 908, 'pago', 126999, 127005, 127005, 126943);
INSERT INTO mensalidades (id, competencia, vencimento, valor, valor_original, valor_final, status, pagamento_id, unidade_id, morador_id, condominio_id) VALUES (127134, '2026-04-01', '2026-04-04', 917, 917, 917, 'atrasado', NULL, 127005, 127005, 126943);
INSERT INTO mensalidades (id, competencia, vencimento, valor, valor_original, valor_final, status, pagamento_id, unidade_id, morador_id, condominio_id) VALUES (127135, '2026-03-01', '2026-03-05', 489, 489, 489, 'pago', 127000, 127005, 127005, 126943);
INSERT INTO mensalidades (id, competencia, vencimento, valor, valor_original, valor_final, status, pagamento_id, unidade_id, morador_id, condominio_id) VALUES (127136, '2026-05-01', '2026-05-04', 1277, 1277, 1277, 'pendente', NULL, 127006, 127006, 126943);
INSERT INTO mensalidades (id, competencia, vencimento, valor, valor_original, valor_final, status, pagamento_id, unidade_id, morador_id, condominio_id) VALUES (127137, '2026-04-01', '2026-04-04', 1260, 1260, 1260, 'pago', 127001, 127006, 127006, 126943);
INSERT INTO mensalidades (id, competencia, vencimento, valor, valor_original, valor_final, status, pagamento_id, unidade_id, morador_id, condominio_id) VALUES (127138, '2026-03-01', '2026-03-05', 892, 892, 892, 'pendente', NULL, 127006, 127006, 126943);
INSERT INTO mensalidades (id, competencia, vencimento, valor, valor_original, valor_final, status, pagamento_id, unidade_id, morador_id, condominio_id) VALUES (127139, '2026-05-01', '2026-05-04', 1069, 1069, 1069, 'atrasado', NULL, 127007, 127007, 126943);
INSERT INTO mensalidades (id, competencia, vencimento, valor, valor_original, valor_final, status, pagamento_id, unidade_id, morador_id, condominio_id) VALUES (127140, '2026-04-01', '2026-04-04', 1009, 1009, 1009, 'atrasado', NULL, 127007, 127007, 126943);
INSERT INTO mensalidades (id, competencia, vencimento, valor, valor_original, valor_final, status, pagamento_id, unidade_id, morador_id, condominio_id) VALUES (127141, '2026-03-01', '2026-03-05', 1474, 1474, 1474, 'atrasado', NULL, 127007, 127007, 126943);
INSERT INTO mensalidades (id, competencia, vencimento, valor, valor_original, valor_final, status, pagamento_id, unidade_id, morador_id, condominio_id) VALUES (127142, '2026-05-01', '2026-05-04', 742, 742, 742, 'pendente', NULL, 127008, 127008, 126943);
INSERT INTO mensalidades (id, competencia, vencimento, valor, valor_original, valor_final, status, pagamento_id, unidade_id, morador_id, condominio_id) VALUES (127143, '2026-04-01', '2026-04-04', 1449, 1449, 1449, 'pago', 127002, 127008, 127008, 126943);
INSERT INTO mensalidades (id, competencia, vencimento, valor, valor_original, valor_final, status, pagamento_id, unidade_id, morador_id, condominio_id) VALUES (127144, '2026-03-01', '2026-03-05', 1167, 1167, 1167, 'pago', 127003, 127008, 127008, 126943);
INSERT INTO mensalidades (id, competencia, vencimento, valor, valor_original, valor_final, status, pagamento_id, unidade_id, morador_id, condominio_id) VALUES (127145, '2026-05-01', '2026-05-04', 664, 664, 664, 'atrasado', NULL, 127009, 127009, 126943);
INSERT INTO mensalidades (id, competencia, vencimento, valor, valor_original, valor_final, status, pagamento_id, unidade_id, morador_id, condominio_id) VALUES (127146, '2026-04-01', '2026-04-04', 1199, 1199, 1199, 'atrasado', NULL, 127009, 127009, 126943);
INSERT INTO mensalidades (id, competencia, vencimento, valor, valor_original, valor_final, status, pagamento_id, unidade_id, morador_id, condominio_id) VALUES (127147, '2026-03-01', '2026-03-05', 361, 361, 361, 'pago', 127004, 127009, 127009, 126943);
INSERT INTO mensalidades (id, competencia, vencimento, valor, valor_original, valor_final, status, pagamento_id, unidade_id, morador_id, condominio_id) VALUES (127148, '2026-05-01', '2026-05-04', 1123, 1123, 1123, 'atrasado', NULL, 127010, 127010, 126943);
INSERT INTO mensalidades (id, competencia, vencimento, valor, valor_original, valor_final, status, pagamento_id, unidade_id, morador_id, condominio_id) VALUES (127149, '2026-04-01', '2026-04-04', 364, 364, 364, 'atrasado', NULL, 127010, 127010, 126943);
INSERT INTO mensalidades (id, competencia, vencimento, valor, valor_original, valor_final, status, pagamento_id, unidade_id, morador_id, condominio_id) VALUES (127150, '2026-03-01', '2026-03-05', 453, 453, 453, 'atrasado', NULL, 127010, 127010, 126943);
INSERT INTO mensalidades (id, competencia, vencimento, valor, valor_original, valor_final, status, pagamento_id, unidade_id, morador_id, condominio_id) VALUES (127151, '2026-05-01', '2026-05-04', 770, 770, 770, 'pago', 127005, 127011, 127011, 126943);
INSERT INTO mensalidades (id, competencia, vencimento, valor, valor_original, valor_final, status, pagamento_id, unidade_id, morador_id, condominio_id) VALUES (127152, '2026-04-01', '2026-04-04', 1479, 1479, 1479, 'pago', 127006, 127011, 127011, 126943);
INSERT INTO mensalidades (id, competencia, vencimento, valor, valor_original, valor_final, status, pagamento_id, unidade_id, morador_id, condominio_id) VALUES (127153, '2026-03-01', '2026-03-05', 530, 530, 530, 'atrasado', NULL, 127011, 127011, 126943);
INSERT INTO mensalidades (id, competencia, vencimento, valor, valor_original, valor_final, status, pagamento_id, unidade_id, morador_id, condominio_id) VALUES (127154, '2026-05-01', '2026-05-04', 700, 700, 700, 'atrasado', NULL, 127012, 127012, 126943);
INSERT INTO mensalidades (id, competencia, vencimento, valor, valor_original, valor_final, status, pagamento_id, unidade_id, morador_id, condominio_id) VALUES (127155, '2026-04-01', '2026-04-04', 721, 721, 721, 'atrasado', NULL, 127012, 127012, 126943);
INSERT INTO mensalidades (id, competencia, vencimento, valor, valor_original, valor_final, status, pagamento_id, unidade_id, morador_id, condominio_id) VALUES (127156, '2026-03-01', '2026-03-05', 313, 313, 313, 'pago', 127007, 127012, 127012, 126943);
INSERT INTO mensalidades (id, competencia, vencimento, valor, valor_original, valor_final, status, pagamento_id, unidade_id, morador_id, condominio_id) VALUES (127157, '2026-05-01', '2026-05-04', 1248, 1248, 1248, 'atrasado', NULL, 127013, 127013, 126943);
INSERT INTO mensalidades (id, competencia, vencimento, valor, valor_original, valor_final, status, pagamento_id, unidade_id, morador_id, condominio_id) VALUES (127158, '2026-04-01', '2026-04-04', 336, 336, 336, 'pendente', NULL, 127013, 127013, 126943);
INSERT INTO mensalidades (id, competencia, vencimento, valor, valor_original, valor_final, status, pagamento_id, unidade_id, morador_id, condominio_id) VALUES (127159, '2026-03-01', '2026-03-05', 1255, 1255, 1255, 'pendente', NULL, 127013, 127013, 126943);
INSERT INTO mensalidades (id, competencia, vencimento, valor, valor_original, valor_final, status, pagamento_id, unidade_id, morador_id, condominio_id) VALUES (127160, '2026-05-01', '2026-05-04', 1473, 1473, 1473, 'pago', 127008, 127014, 127014, 126943);
INSERT INTO mensalidades (id, competencia, vencimento, valor, valor_original, valor_final, status, pagamento_id, unidade_id, morador_id, condominio_id) VALUES (127161, '2026-04-01', '2026-04-04', 962, 962, 962, 'atrasado', NULL, 127014, 127014, 126943);
INSERT INTO mensalidades (id, competencia, vencimento, valor, valor_original, valor_final, status, pagamento_id, unidade_id, morador_id, condominio_id) VALUES (127162, '2026-03-01', '2026-03-05', 1343, 1343, 1343, 'pendente', NULL, 127014, 127014, 126943);
INSERT INTO mensalidades (id, competencia, vencimento, valor, valor_original, valor_final, status, pagamento_id, unidade_id, morador_id, condominio_id) VALUES (127163, '2026-05-01', '2026-05-04', 854, 854, 854, 'atrasado', NULL, 127015, 127015, 126943);
INSERT INTO mensalidades (id, competencia, vencimento, valor, valor_original, valor_final, status, pagamento_id, unidade_id, morador_id, condominio_id) VALUES (127164, '2026-04-01', '2026-04-04', 930, 930, 930, 'atrasado', NULL, 127015, 127015, 126943);
INSERT INTO mensalidades (id, competencia, vencimento, valor, valor_original, valor_final, status, pagamento_id, unidade_id, morador_id, condominio_id) VALUES (127165, '2026-03-01', '2026-03-05', 1275, 1275, 1275, 'pago', 127009, 127015, 127015, 126943);
INSERT INTO mensalidades (id, competencia, vencimento, valor, valor_original, valor_final, status, pagamento_id, unidade_id, morador_id, condominio_id) VALUES (127166, '2026-05-01', '2026-05-04', 737, 737, 737, 'atrasado', NULL, 127016, 127016, 126943);
INSERT INTO mensalidades (id, competencia, vencimento, valor, valor_original, valor_final, status, pagamento_id, unidade_id, morador_id, condominio_id) VALUES (127167, '2026-04-01', '2026-04-04', 1451, 1451, 1451, 'pago', 127010, 127016, 127016, 126943);
INSERT INTO mensalidades (id, competencia, vencimento, valor, valor_original, valor_final, status, pagamento_id, unidade_id, morador_id, condominio_id) VALUES (127168, '2026-03-01', '2026-03-05', 1014, 1014, 1014, 'atrasado', NULL, 127016, 127016, 126943);
INSERT INTO mensalidades (id, competencia, vencimento, valor, valor_original, valor_final, status, pagamento_id, unidade_id, morador_id, condominio_id) VALUES (127169, '2026-05-01', '2026-05-04', 769, 769, 769, 'pendente', NULL, 127017, 127017, 126943);
INSERT INTO mensalidades (id, competencia, vencimento, valor, valor_original, valor_final, status, pagamento_id, unidade_id, morador_id, condominio_id) VALUES (127170, '2026-04-01', '2026-04-04', 573, 573, 573, 'pendente', NULL, 127017, 127017, 126943);
INSERT INTO mensalidades (id, competencia, vencimento, valor, valor_original, valor_final, status, pagamento_id, unidade_id, morador_id, condominio_id) VALUES (127171, '2026-03-01', '2026-03-05', 304, 304, 304, 'pago', 127011, 127017, 127017, 126943);
INSERT INTO mensalidades (id, competencia, vencimento, valor, valor_original, valor_final, status, pagamento_id, unidade_id, morador_id, condominio_id) VALUES (127172, '2026-05-01', '2026-05-04', 511, 511, 511, 'atrasado', NULL, 127018, 127018, 126943);
INSERT INTO mensalidades (id, competencia, vencimento, valor, valor_original, valor_final, status, pagamento_id, unidade_id, morador_id, condominio_id) VALUES (127173, '2026-04-01', '2026-04-04', 408, 408, 408, 'pago', 127012, 127018, 127018, 126943);
INSERT INTO mensalidades (id, competencia, vencimento, valor, valor_original, valor_final, status, pagamento_id, unidade_id, morador_id, condominio_id) VALUES (127174, '2026-03-01', '2026-03-05', 1212, 1212, 1212, 'pago', 127013, 127018, 127018, 126943);
INSERT INTO mensalidades (id, competencia, vencimento, valor, valor_original, valor_final, status, pagamento_id, unidade_id, morador_id, condominio_id) VALUES (127175, '2026-05-01', '2026-05-04', 463, 463, 463, 'atrasado', NULL, 127019, 127019, 126943);
INSERT INTO mensalidades (id, competencia, vencimento, valor, valor_original, valor_final, status, pagamento_id, unidade_id, morador_id, condominio_id) VALUES (127176, '2026-04-01', '2026-04-04', 510, 510, 510, 'pago', 127014, 127019, 127019, 126943);
INSERT INTO mensalidades (id, competencia, vencimento, valor, valor_original, valor_final, status, pagamento_id, unidade_id, morador_id, condominio_id) VALUES (127177, '2026-03-01', '2026-03-05', 1332, 1332, 1332, 'pago', 127015, 127019, 127019, 126943);
INSERT INTO mensalidades (id, competencia, vencimento, valor, valor_original, valor_final, status, pagamento_id, unidade_id, morador_id, condominio_id) VALUES (127178, '2026-05-01', '2026-05-04', 432, 432, 432, 'pago', 127016, 127020, 127020, 126943);
INSERT INTO mensalidades (id, competencia, vencimento, valor, valor_original, valor_final, status, pagamento_id, unidade_id, morador_id, condominio_id) VALUES (127179, '2026-04-01', '2026-04-04', 523, 523, 523, 'atrasado', NULL, 127020, 127020, 126943);
INSERT INTO mensalidades (id, competencia, vencimento, valor, valor_original, valor_final, status, pagamento_id, unidade_id, morador_id, condominio_id) VALUES (127180, '2026-03-01', '2026-03-05', 397, 397, 397, 'atrasado', NULL, 127020, 127020, 126943);
INSERT INTO mensalidades (id, competencia, vencimento, valor, valor_original, valor_final, status, pagamento_id, unidade_id, morador_id, condominio_id) VALUES (127181, '2026-05-01', '2026-05-04', 372, 372, 372, 'pendente', NULL, 127021, 127021, 126943);
INSERT INTO mensalidades (id, competencia, vencimento, valor, valor_original, valor_final, status, pagamento_id, unidade_id, morador_id, condominio_id) VALUES (127182, '2026-04-01', '2026-04-04', 1500, 1500, 1500, 'pendente', NULL, 127021, 127021, 126943);
INSERT INTO mensalidades (id, competencia, vencimento, valor, valor_original, valor_final, status, pagamento_id, unidade_id, morador_id, condominio_id) VALUES (127183, '2026-03-01', '2026-03-05', 1020, 1020, 1020, 'pendente', NULL, 127021, 127021, 126943);
INSERT INTO mensalidades (id, competencia, vencimento, valor, valor_original, valor_final, status, pagamento_id, unidade_id, morador_id, condominio_id) VALUES (127184, '2026-05-01', '2026-05-04', 333, 333, 333, 'pendente', NULL, 127022, 127022, 126943);
INSERT INTO mensalidades (id, competencia, vencimento, valor, valor_original, valor_final, status, pagamento_id, unidade_id, morador_id, condominio_id) VALUES (127185, '2026-04-01', '2026-04-04', 994, 994, 994, 'pago', 127017, 127022, 127022, 126943);
INSERT INTO mensalidades (id, competencia, vencimento, valor, valor_original, valor_final, status, pagamento_id, unidade_id, morador_id, condominio_id) VALUES (127186, '2026-03-01', '2026-03-05', 442, 442, 442, 'pago', 127018, 127022, 127022, 126943);
INSERT INTO mensalidades (id, competencia, vencimento, valor, valor_original, valor_final, status, pagamento_id, unidade_id, morador_id, condominio_id) VALUES (127187, '2026-05-01', '2026-05-04', 812, 812, 812, 'pendente', NULL, 127023, 127023, 126943);
INSERT INTO mensalidades (id, competencia, vencimento, valor, valor_original, valor_final, status, pagamento_id, unidade_id, morador_id, condominio_id) VALUES (127188, '2026-04-01', '2026-04-04', 883, 883, 883, 'pendente', NULL, 127023, 127023, 126943);
INSERT INTO mensalidades (id, competencia, vencimento, valor, valor_original, valor_final, status, pagamento_id, unidade_id, morador_id, condominio_id) VALUES (127189, '2026-03-01', '2026-03-05', 429, 429, 429, 'pago', 127019, 127023, 127023, 126943);
INSERT INTO mensalidades (id, competencia, vencimento, valor, valor_original, valor_final, status, pagamento_id, unidade_id, morador_id, condominio_id) VALUES (127190, '2026-05-01', '2026-05-04', 829, 829, 829, 'pendente', NULL, 127024, 127024, 126943);
INSERT INTO mensalidades (id, competencia, vencimento, valor, valor_original, valor_final, status, pagamento_id, unidade_id, morador_id, condominio_id) VALUES (127191, '2026-04-01', '2026-04-04', 310, 310, 310, 'atrasado', NULL, 127024, 127024, 126943);
INSERT INTO mensalidades (id, competencia, vencimento, valor, valor_original, valor_final, status, pagamento_id, unidade_id, morador_id, condominio_id) VALUES (127192, '2026-03-01', '2026-03-05', 513, 513, 513, 'pago', 127020, 127024, 127024, 126943);
INSERT INTO mensalidades (id, competencia, vencimento, valor, valor_original, valor_final, status, pagamento_id, unidade_id, morador_id, condominio_id) VALUES (127193, '2026-05-01', '2026-05-04', 1349, 1349, 1349, 'atrasado', NULL, 127025, 127025, 126943);
INSERT INTO mensalidades (id, competencia, vencimento, valor, valor_original, valor_final, status, pagamento_id, unidade_id, morador_id, condominio_id) VALUES (127194, '2026-04-01', '2026-04-04', 1191, 1191, 1191, 'atrasado', NULL, 127025, 127025, 126943);
INSERT INTO mensalidades (id, competencia, vencimento, valor, valor_original, valor_final, status, pagamento_id, unidade_id, morador_id, condominio_id) VALUES (127195, '2026-03-01', '2026-03-05', 891, 891, 891, 'atrasado', NULL, 127025, 127025, 126943);
INSERT INTO mensalidades (id, competencia, vencimento, valor, valor_original, valor_final, status, pagamento_id, unidade_id, morador_id, condominio_id) VALUES (127196, '2026-05-01', '2026-05-04', 466, 466, 466, 'pago', 127021, 127026, 127026, 126943);
INSERT INTO mensalidades (id, competencia, vencimento, valor, valor_original, valor_final, status, pagamento_id, unidade_id, morador_id, condominio_id) VALUES (127197, '2026-04-01', '2026-04-04', 967, 967, 967, 'pago', 127022, 127026, 127026, 126943);
INSERT INTO mensalidades (id, competencia, vencimento, valor, valor_original, valor_final, status, pagamento_id, unidade_id, morador_id, condominio_id) VALUES (127198, '2026-03-01', '2026-03-05', 1031, 1031, 1031, 'pago', 127023, 127026, 127026, 126943);
INSERT INTO mensalidades (id, competencia, vencimento, valor, valor_original, valor_final, status, pagamento_id, unidade_id, morador_id, condominio_id) VALUES (127199, '2026-05-01', '2026-05-04', 902, 902, 902, 'pago', 127024, 127027, 127027, 126943);
INSERT INTO mensalidades (id, competencia, vencimento, valor, valor_original, valor_final, status, pagamento_id, unidade_id, morador_id, condominio_id) VALUES (127200, '2026-04-01', '2026-04-04', 739, 739, 739, 'pago', 127025, 127027, 127027, 126943);
INSERT INTO mensalidades (id, competencia, vencimento, valor, valor_original, valor_final, status, pagamento_id, unidade_id, morador_id, condominio_id) VALUES (127201, '2026-03-01', '2026-03-05', 928, 928, 928, 'pago', 127026, 127027, 127027, 126943);
INSERT INTO mensalidades (id, competencia, vencimento, valor, valor_original, valor_final, status, pagamento_id, unidade_id, morador_id, condominio_id) VALUES (127202, '2026-05-01', '2026-05-04', 962, 962, 962, 'atrasado', NULL, 127028, 127028, 126943);
INSERT INTO mensalidades (id, competencia, vencimento, valor, valor_original, valor_final, status, pagamento_id, unidade_id, morador_id, condominio_id) VALUES (127203, '2026-04-01', '2026-04-04', 743, 743, 743, 'pago', 127027, 127028, 127028, 126943);
INSERT INTO mensalidades (id, competencia, vencimento, valor, valor_original, valor_final, status, pagamento_id, unidade_id, morador_id, condominio_id) VALUES (127204, '2026-03-01', '2026-03-05', 712, 712, 712, 'pendente', NULL, 127028, 127028, 126943);
INSERT INTO mensalidades (id, competencia, vencimento, valor, valor_original, valor_final, status, pagamento_id, unidade_id, morador_id, condominio_id) VALUES (127205, '2026-05-01', '2026-05-04', 1257, 1257, 1257, 'pendente', NULL, 127029, 127029, 126943);
INSERT INTO mensalidades (id, competencia, vencimento, valor, valor_original, valor_final, status, pagamento_id, unidade_id, morador_id, condominio_id) VALUES (127206, '2026-04-01', '2026-04-04', 1426, 1426, 1426, 'atrasado', NULL, 127029, 127029, 126943);
INSERT INTO mensalidades (id, competencia, vencimento, valor, valor_original, valor_final, status, pagamento_id, unidade_id, morador_id, condominio_id) VALUES (127207, '2026-03-01', '2026-03-05', 1402, 1402, 1402, 'atrasado', NULL, 127029, 127029, 126943);
INSERT INTO mensalidades (id, competencia, vencimento, valor, valor_original, valor_final, status, pagamento_id, unidade_id, morador_id, condominio_id) VALUES (127208, '2026-05-01', '2026-05-04', 823, 823, 823, 'pago', 127028, 127030, 127030, 126943);
INSERT INTO mensalidades (id, competencia, vencimento, valor, valor_original, valor_final, status, pagamento_id, unidade_id, morador_id, condominio_id) VALUES (127209, '2026-04-01', '2026-04-04', 834, 834, 834, 'pendente', NULL, 127030, 127030, 126943);
INSERT INTO mensalidades (id, competencia, vencimento, valor, valor_original, valor_final, status, pagamento_id, unidade_id, morador_id, condominio_id) VALUES (127210, '2026-03-01', '2026-03-05', 1497, 1497, 1497, 'atrasado', NULL, 127030, 127030, 126943);

SET FOREIGN_KEY_CHECKS=1;
COMMIT;
